# OBJ generated by ONSHAPE BY PTC INC, 1.203 Units = meters
mtllib custodia.mtl
g EJB-1
v 0.372256 0.0065974 -0.122456 
v 0.37384 0.0065974 -0.122107 
v 0.375312 0.0065974 -0.121426 
v 0.376603 0.0065974 -0.120445 
v 0.377653 0.0065974 -0.119209 
v 0.378412 0.0065974 -0.117776 
v 0.378846 0.0065974 -0.116213 
v 0.378934 0.0065974 -0.114594 
v 0.378672 0.0065974 -0.112994 
v 0.378071 0.0065974 -0.111487 
v 0.377161 0.0065974 -0.110145 
v 0.375984 0.0065974 -0.109029 
v 0.374594 0.0065974 -0.108193 
v 0.373057 0.0065974 -0.107675 
v 0.371445 0.0065974 -0.1075 
v 0.369833 0.0065974 -0.107675 
v 0.368296 0.0065974 -0.108193 
v 0.366906 0.0065974 -0.109029 
v 0.365729 0.0065974 -0.110145 
v 0.364819 0.0065974 -0.111487 
v 0.364218 0.0065974 -0.112994 
v 0.363956 0.0065974 -0.114594 
v 0.364044 0.0065974 -0.116213 
v 0.364478 0.0065974 -0.117776 
v 0.365237 0.0065974 -0.119209 
v 0.366287 0.0065974 -0.120445 
v 0.367578 0.0065974 -0.121426 
v 0.36905 0.0065974 -0.122107 
v 0.370634 0.0065974 -0.122456 
v 0.371445 0.0065974 -0.1225 
v 0.371445 0.0065974 -0.115 
v 0.371445 0.00962241 -0.1075 
v 0.370629 0.00967999 -0.107544 
v 0.369833 0.00976873 -0.107675 
v 0.368543 0.00998169 -0.108084 
v 0.368296 0.0100325 -0.108193 
v 0.366906 0.0103797 -0.109029 
v 0.365729 0.0107588 -0.110145 
v 0.364819 0.0111085 -0.111487 
v 0.364791 0.0111198 -0.111539 
v 0.364218 0.0113677 -0.112994 
v 0.364012 0.0114622 -0.114 
v 0.363956 0.0114981 -0.114594 
v 0.364015 0.0115551 -0.115682 
v 0.364044 0.0115829 -0.116213 
v 0.36436 0.0116287 -0.117353 
v 0.364478 0.0116457 -0.117776 
v 0.365085 0.0116757 -0.118921 
v 0.365237 0.0116832 -0.119209 
v 0.366156 0.0116923 -0.120291 
v 0.366287 0.0116936 -0.120445 
v 0.367515 0.0116772 -0.121379 
v 0.367578 0.0116764 -0.121426 
v 0.36905 0.0116323 -0.122107 
v 0.370634 0.0115636 -0.122456 
v 0.370761 0.0115566 -0.122456 
v 0.372256 0.0114739 -0.122456 
v 0.372445 0.0114622 -0.122433 
v 0.37384 0.0113143 -0.122107 
v 0.374906 0.0111198 -0.121654 
v 0.375312 0.0110273 -0.121426 
v 0.376603 0.0106643 -0.120445 
v 0.377653 0.0102876 -0.119209 
v 0.378361 0.00998169 -0.117902 
v 0.37867 0.00982541 -0.117011 
v 0.378846 0.00972025 -0.116213 
v 0.378405 0.00995919 -0.117774 
v 0.378934 0.00964687 -0.115406 
v 0.378878 0.0095974 -0.114 
v 0.378934 0.00960622 -0.114594 
v 0.378071 0.0095974 -0.111487 
v 0.377161 0.0095974 -0.110145 
v 0.375984 0.0095974 -0.109029 
v 0.374594 0.0095974 -0.108193 
v 0.373057 0.0095974 -0.107675 
v 0.372445 0.0095974 -0.107567 
v 0.378672 0.0095974 -0.112994 
v 0.372445 0.0154852 -0.128116 
v 0.372445 0.0157963 -0.128475 
v 0.360843 0.0133064 -0.114 
v 0.358329 0.0154852 -0.114 
v 0.372445 0.018505 -0.130605 
v 0.372445 0.018785 -0.130825 
v 0.35584 0.018505 -0.114 
v 0.35797 0.0157963 -0.114 
v 0.372445 0.0219535 -0.132459 
v 0.372445 0.0221645 -0.132567 
v 0.353986 0.0219535 -0.114 
v 0.35562 0.018785 -0.114 
v 0.372445 0.0256987 -0.133605 
v 0.372445 0.0258125 -0.133639 
v 0.35284 0.0256987 -0.114 
v 0.353878 0.0221645 -0.114 
v 0.372445 0.0295974 -0.134 
v 0.368543 0.0295974 -0.133616 
v 0.364791 0.0295974 -0.132478 
v 0.361334 0.0295974 -0.130629 
v 0.358303 0.0295974 -0.128142 
v 0.355816 0.0295974 -0.125111 
v 0.353967 0.0295974 -0.121654 
v 0.352829 0.0295974 -0.117902 
v 0.352806 0.0258125 -0.114 
v 0.372445 0.0130076 -0.125088 
v 0.372445 0.0133064 -0.125602 
v 0.361357 0.0130076 -0.114 
v 0.352445 0.0295974 -0.114 
v 0.370182 0.0133064 -0.125379 
v 0.369621 0.0157963 -0.128197 
v 0.368005 0.0133064 -0.124719 
v 0.366906 0.0157963 -0.127373 
v 0.365999 0.0133064 -0.123647 
v 0.364403 0.0157963 -0.126036 
v 0.364241 0.0133064 -0.122204 
v 0.36221 0.0157963 -0.124235 
v 0.362798 0.0133064 -0.120446 
v 0.360409 0.0157963 -0.122042 
v 0.361726 0.0133064 -0.11844 
v 0.359072 0.0157963 -0.119539 
v 0.361066 0.0133064 -0.116263 
v 0.358248 0.0157963 -0.116824 
v 0.369163 0.018785 -0.130502 
v 0.366006 0.018785 -0.129545 
v 0.363097 0.018785 -0.12799 
v 0.360548 0.018785 -0.125897 
v 0.358455 0.018785 -0.123348 
v 0.3569 0.018785 -0.120439 
v 0.355943 0.018785 -0.117282 
v 0.368823 0.0221645 -0.132211 
v 0.36534 0.0221645 -0.131154 
v 0.362129 0.0221645 -0.129438 
v 0.359316 0.0221645 -0.127129 
v 0.357007 0.0221645 -0.124316 
v 0.355291 0.0221645 -0.121105 
v 0.354234 0.0221645 -0.117622 
v 0.368614 0.0258125 -0.133261 
v 0.36493 0.0258125 -0.132144 
v 0.361534 0.0258125 -0.130329 
v 0.358558 0.0258125 -0.127887 
v 0.356116 0.0258125 -0.124911 
v 0.354301 0.0258125 -0.121515 
v 0.353184 0.0258125 -0.117831 
v 0.352806 0.0258125 0.114 
v 0.35284 0.0256987 0.114 
v 0.353986 0.0219535 0.114 
v 0.353878 0.0221645 0.114 
v 0.35584 0.018505 0.114 
v 0.35562 0.018785 0.114 
v 0.358329 0.0154852 0.114 
v 0.35797 0.0157963 0.114 
v 0.361357 0.0130076 0.114 
v 0.360843 0.0133064 0.114 
v 0.369833 0.00976864 0.107675 
v 0.369059 0.0098965 0.107921 
v 0.371442 0.00962257 0.1075 
v 0.370634 0.00967955 0.107544 
v 0.372256 0.00959829 0.107544 
v 0.372445 0.0095974 0.107567 
v 0.368543 0.00998169 0.108084 
v 0.366287 0.0105689 0.109555 
v 0.365237 0.0109413 0.110791 
v 0.367578 0.0101985 0.108574 
v 0.364791 0.0111198 0.111539 
v 0.36422 0.0113669 0.112987 
v 0.364055 0.0114424 0.113789 
v 0.364478 0.0112529 0.112224 
v 0.364012 0.0114622 0.114 
v 0.352445 0.0295974 0.114 
v 0.371445 0.0065974 0.1225 
v 0.371445 0.0115212 0.1225 
v 0.370766 0.0115547 0.122426 
v 0.369833 0.0065974 0.122325 
v 0.369833 0.0116008 0.122325 
v 0.369097 0.011628 0.122077 
v 0.368296 0.0065974 0.121807 
v 0.368296 0.0116576 0.121807 
v 0.367533 0.0116745 0.121348 
v 0.366906 0.0065974 0.120971 
v 0.366906 0.0116884 0.120971 
v 0.36617 0.0116906 0.120274 
v 0.365729 0.0065974 0.119855 
v 0.365729 0.0116919 0.119855 
v 0.36509 0.011675 0.118914 
v 0.364819 0.0065974 0.118513 
v 0.364819 0.0116678 0.118513 
v 0.364356 0.0116288 0.117351 
v 0.364218 0.0065974 0.117006 
v 0.364218 0.0116173 0.117006 
v 0.364001 0.0115558 0.11568 
v 0.363956 0.0065974 0.115406 
v 0.363956 0.011543 0.115406 
v 0.364044 0.0065974 0.113787 
v 0.364478 0.0065974 0.112224 
v 0.365237 0.0065974 0.110791 
v 0.366287 0.0065974 0.109555 
v 0.367578 0.0065974 0.108574 
v 0.370634 0.0065974 0.107544 
v 0.36905 0.0065974 0.107893 
v 0.371445 0.0065974 0.1075 
v 0.37384 0.0065974 0.107893 
v 0.372256 0.0065974 0.107544 
v 0.375312 0.0095974 0.108574 
v 0.375312 0.0065974 0.108574 
v 0.376603 0.0095974 0.109555 
v 0.376603 0.0065974 0.109555 
v 0.377653 0.0095974 0.110791 
v 0.377653 0.0065974 0.110791 
v 0.378412 0.0095974 0.112224 
v 0.378412 0.0065974 0.112224 
v 0.378846 0.0095974 0.113787 
v 0.378846 0.0065974 0.113787 
v 0.378934 0.0065974 0.115406 
v 0.378878 0.0095974 0.114 
v 0.378934 0.00964688 0.115406 
v 0.378845 0.00972089 0.116219 
v 0.378672 0.0065974 0.117006 
v 0.378071 0.0065974 0.118513 
v 0.378672 0.00982466 0.117006 
v 0.378361 0.00998169 0.117902 
v 0.377161 0.0065974 0.119855 
v 0.378071 0.0101132 0.118513 
v 0.375984 0.0065974 0.120971 
v 0.377161 0.0104737 0.119855 
v 0.374594 0.0065974 0.121807 
v 0.375984 0.0108515 0.120971 
v 0.374906 0.0111198 0.121654 
v 0.373057 0.0065974 0.122325 
v 0.374587 0.0111781 0.12179 
v 0.373841 0.0113142 0.122107 
v 0.373057 0.0114122 0.122325 
v 0.372445 0.0114622 0.122433 
v 0.37384 0.0095974 0.107893 
v 0.371445 0.0065974 0.115 
v 0.372445 0.0133064 0.125602 
v 0.372445 0.0154852 0.128116 
v 0.372445 0.018505 0.130605 
v 0.372445 0.0157963 0.128475 
v 0.372445 0.0219535 0.132459 
v 0.372445 0.018785 0.130825 
v 0.372445 0.0256987 0.133605 
v 0.372445 0.0221645 0.132567 
v 0.352829 0.0295974 0.117902 
v 0.353967 0.0295974 0.121654 
v 0.355816 0.0295974 0.125111 
v 0.358303 0.0295974 0.128142 
v 0.361334 0.0295974 0.130629 
v 0.364791 0.0295974 0.132478 
v 0.368543 0.0295974 0.133616 
v 0.372445 0.0258125 0.133639 
v 0.372445 0.0130076 0.125088 
v 0.372445 0.0295974 0.134 
v 0.361066 0.0133064 0.116263 
v 0.358248 0.0157963 0.116824 
v 0.361726 0.0133064 0.11844 
v 0.359072 0.0157963 0.119539 
v 0.362798 0.0133064 0.120446 
v 0.360409 0.0157963 0.122042 
v 0.364241 0.0133064 0.122204 
v 0.36221 0.0157963 0.124235 
v 0.365999 0.0133064 0.123647 
v 0.364403 0.0157963 0.126036 
v 0.368005 0.0133064 0.124719 
v 0.366906 0.0157963 0.127373 
v 0.370182 0.0133064 0.125379 
v 0.369621 0.0157963 0.128197 
v 0.355943 0.018785 0.117282 
v 0.3569 0.018785 0.120439 
v 0.358455 0.018785 0.123348 
v 0.360548 0.018785 0.125897 
v 0.363097 0.018785 0.12799 
v 0.366006 0.018785 0.129545 
v 0.369163 0.018785 0.130502 
v 0.354234 0.0221645 0.117622 
v 0.355291 0.0221645 0.121105 
v 0.357007 0.0221645 0.124316 
v 0.359316 0.0221645 0.127129 
v 0.362129 0.0221645 0.129438 
v 0.36534 0.0221645 0.131154 
v 0.368823 0.0221645 0.132211 
v 0.353184 0.0258125 0.117831 
v 0.354301 0.0258125 0.121515 
v 0.356116 0.0258125 0.124911 
v 0.358558 0.0258125 0.127887 
v 0.361534 0.0258125 0.130329 
v 0.36493 0.0258125 0.132144 
v 0.368614 0.0258125 0.133261 
v 0.352445 0.161597 0.114 
v 0.352445 0.161597 -0.114 
v 0.372445 0.161597 0.134 
v 0.368543 0.161597 0.133616 
v 0.364791 0.161597 0.132478 
v 0.361334 0.161597 0.130629 
v 0.358303 0.161597 0.128142 
v 0.355816 0.161597 0.125111 
v 0.353967 0.161597 0.121654 
v 0.352829 0.161597 0.117902 
v 0.386445 0.0295974 0.134 
v 0.386445 0.0256956 0.133616 
v 0.386445 0.0219437 0.132478 
v 0.386445 0.018486 0.130629 
v 0.386445 0.0154553 0.128142 
v 0.386445 0.012968 0.125111 
v 0.386445 0.0111198 0.121654 
v 0.386445 0.00998169 0.117902 
v 0.386445 0.0095974 0.114 
v 0.386445 0.0095974 0.134 
v 0.352829 0.161597 -0.117902 
v 0.353967 0.161597 -0.121654 
v 0.355816 0.161597 -0.125111 
v 0.358303 0.161597 -0.128142 
v 0.361334 0.161597 -0.130629 
v 0.364791 0.161597 -0.132478 
v 0.368543 0.161597 -0.133616 
v 0.372445 0.161597 -0.134 
v 0.500445 0.161597 -0.134 
v 0.500445 0.0295974 -0.134 
v 0.500445 0.0258125 -0.133639 
v 0.500445 0.0219535 -0.132459 
v 0.500445 0.0256987 -0.133605 
v 0.500445 0.0221645 -0.132567 
v 0.500445 0.018785 -0.130825 
v 0.500445 0.0157963 -0.128475 
v 0.500445 0.018505 -0.130605 
v 0.500445 0.0130076 -0.125088 
v 0.500445 0.0154852 -0.128116 
v 0.500445 0.0133064 -0.125602 
v 0.497984 0.0111198 -0.121654 
v 0.49905 0.0113143 -0.122107 
v 0.500445 0.0114622 -0.122433 
v 0.495237 0.0102876 -0.119209 
v 0.494544 0.00998588 -0.117901 
v 0.496287 0.0106643 -0.120445 
v 0.497578 0.0110273 -0.121426 
v 0.493956 0.00964688 -0.115406 
v 0.493988 0.00961834 -0.114595 
v 0.494478 0.00995709 -0.117776 
v 0.494219 0.00982497 -0.117009 
v 0.494044 0.00972025 -0.116213 
v 0.494012 0.0095974 -0.114 
v 0.504347 0.161597 -0.133616 
v 0.504347 0.0295974 -0.133616 
v 0.508099 0.161597 -0.132478 
v 0.508099 0.0295974 -0.132478 
v 0.511556 0.161597 -0.130629 
v 0.511556 0.0295974 -0.130629 
v 0.514587 0.161597 -0.128142 
v 0.514587 0.0295974 -0.128142 
v 0.517074 0.161597 -0.125111 
v 0.517074 0.0295974 -0.125111 
v 0.518923 0.161597 -0.121654 
v 0.518923 0.0295974 -0.121654 
v 0.520061 0.161597 -0.117902 
v 0.520061 0.0295974 -0.117902 
v 0.520445 0.0895974 -0.114 
v 0.520445 0.0445974 -0.114 
v 0.520445 0.161597 -0.114 
v 0.520445 0.0295974 -0.114 
v 0.514561 0.0154852 -0.114 
v 0.51492 0.0157963 -0.114 
v 0.51705 0.018505 -0.114 
v 0.51727 0.018785 -0.114 
v 0.518904 0.0219535 -0.114 
v 0.519013 0.0221645 -0.114 
v 0.52005 0.0256987 -0.114 
v 0.520084 0.0258125 -0.114 
v 0.512047 0.0133064 -0.114 
v 0.508934 0.0114981 -0.114594 
v 0.511533 0.0130076 -0.114 
v 0.508878 0.0114622 -0.114 
v 0.508846 0.0115829 -0.116213 
v 0.508875 0.0115551 -0.115682 
v 0.508412 0.0116457 -0.117776 
v 0.50853 0.0116287 -0.117353 
v 0.507653 0.0116832 -0.119209 
v 0.507805 0.0116757 -0.118921 
v 0.506603 0.0116936 -0.120445 
v 0.506734 0.0116923 -0.120291 
v 0.505312 0.0116764 -0.121426 
v 0.50384 0.0116323 -0.122107 
v 0.503807 0.0116308 -0.122115 
v 0.502256 0.0115636 -0.122456 
v 0.502129 0.0115566 -0.122456 
v 0.500634 0.0114739 -0.122456 
v 0.511824 0.0133064 -0.116263 
v 0.514642 0.0157963 -0.116824 
v 0.511164 0.0133064 -0.11844 
v 0.513818 0.0157963 -0.119539 
v 0.510092 0.0133064 -0.120446 
v 0.512481 0.0157963 -0.122042 
v 0.508649 0.0133064 -0.122204 
v 0.510681 0.0157963 -0.124235 
v 0.506891 0.0133064 -0.123647 
v 0.508487 0.0157963 -0.126036 
v 0.504885 0.0133064 -0.124719 
v 0.505984 0.0157963 -0.127373 
v 0.502708 0.0133064 -0.125379 
v 0.503269 0.0157963 -0.128197 
v 0.516947 0.018785 -0.117282 
v 0.51599 0.018785 -0.120439 
v 0.514435 0.018785 -0.123348 
v 0.512342 0.018785 -0.125897 
v 0.509793 0.018785 -0.12799 
v 0.506884 0.018785 -0.129545 
v 0.503727 0.018785 -0.130502 
v 0.518656 0.0221645 -0.117622 
v 0.517599 0.0221645 -0.121105 
v 0.515883 0.0221645 -0.124316 
v 0.513574 0.0221645 -0.127129 
v 0.510761 0.0221645 -0.129438 
v 0.50755 0.0221645 -0.131154 
v 0.504067 0.0221645 -0.132211 
v 0.519706 0.0258125 -0.117831 
v 0.518589 0.0258125 -0.121515 
v 0.516774 0.0258125 -0.124911 
v 0.514332 0.0258125 -0.127887 
v 0.511356 0.0258125 -0.130329 
v 0.50796 0.0258125 -0.132144 
v 0.504276 0.0258125 -0.133261 
v 0.508672 0.0065974 -0.112994 
v 0.508099 0.0111198 -0.111539 
v 0.508071 0.0111085 -0.111487 
v 0.508672 0.0113677 -0.112994 
v 0.508071 0.0065974 -0.111487 
v 0.507161 0.0107588 -0.110145 
v 0.507161 0.0065974 -0.110145 
v 0.505984 0.0103797 -0.109029 
v 0.505984 0.0065974 -0.109029 
v 0.504594 0.0100325 -0.108193 
v 0.504594 0.0065974 -0.108193 
v 0.504347 0.00998169 -0.108084 
v 0.503057 0.00976873 -0.107675 
v 0.501445 0.0065974 -0.1075 
v 0.503057 0.0065974 -0.107675 
v 0.50226 0.00967992 -0.107544 
v 0.501445 0.00962241 -0.1075 
v 0.500445 0.0095974 -0.107567 
v 0.499833 0.0065974 -0.107675 
v 0.498296 0.0095974 -0.108193 
v 0.498296 0.0065974 -0.108193 
v 0.496906 0.0095974 -0.109029 
v 0.496906 0.0065974 -0.109029 
v 0.495729 0.0095974 -0.110145 
v 0.495729 0.0065974 -0.110145 
v 0.494819 0.0095974 -0.111487 
v 0.494819 0.0065974 -0.111487 
v 0.494218 0.0095974 -0.112994 
v 0.494218 0.0065974 -0.112994 
v 0.493956 0.0065974 -0.114594 
v 0.494044 0.0065974 -0.116213 
v 0.494478 0.0065974 -0.117776 
v 0.495237 0.0065974 -0.119209 
v 0.496287 0.0065974 -0.120445 
v 0.497578 0.0065974 -0.121426 
v 0.49905 0.0065974 -0.122107 
v 0.500634 0.0065974 -0.122456 
v 0.501445 0.0065974 -0.1225 
v 0.502256 0.0065974 -0.122456 
v 0.50384 0.0065974 -0.122107 
v 0.505312 0.0065974 -0.121426 
v 0.506603 0.0065974 -0.120445 
v 0.507653 0.0065974 -0.119209 
v 0.508412 0.0065974 -0.117776 
v 0.508846 0.0065974 -0.116213 
v 0.508934 0.0065974 -0.114594 
v 0.499833 0.0095974 -0.107675 
v 0.501445 0.0065974 -0.115 
v 0.520084 0.0258125 0.114 
v 0.520445 0.0295974 0.02 
v 0.520445 0.0295974 0.06 
v 0.520445 0.0295974 -0.02 
v 0.520445 0.0295974 -0.06 
v 0.520445 0.0295974 -0.102 
v 0.520445 0.0295974 0.114 
v 0.519013 0.0221645 0.114 
v 0.52005 0.0256987 0.114 
v 0.51727 0.018785 0.114 
v 0.518904 0.0219535 0.114 
v 0.51492 0.0157963 0.114 
v 0.51705 0.018505 0.114 
v 0.512047 0.0133064 0.114 
v 0.514561 0.0154852 0.114 
v 0.511533 0.0130076 0.114 
v 0.508099 0.0111198 0.111539 
v 0.508375 0.0112391 0.112239 
v 0.508671 0.0113673 0.11299 
v 0.508878 0.0114622 0.114 
v 0.508846 0.0114475 0.113787 
v 0.505312 0.0101985 0.108574 
v 0.504347 0.00998169 0.108084 
v 0.506603 0.0105689 0.109555 
v 0.507653 0.0109413 0.110791 
v 0.501445 0.00962243 0.1075 
v 0.500635 0.00960215 0.107554 
v 0.50384 0.00988761 0.107893 
v 0.503062 0.00976933 0.107676 
v 0.502256 0.00967955 0.107544 
v 0.500445 0.0095974 0.107567 
v 0.494044 0.0095974 0.113787 
v 0.494012 0.0095974 0.114 
v 0.398445 0.0095974 0.114 
v 0.496287 0.0095974 0.109555 
v 0.494478 0.0095974 0.112224 
v 0.495237 0.0095974 0.110791 
v 0.49905 0.0095974 0.107893 
v 0.497578 0.0095974 0.108574 
v 0.398445 0.0095974 0.134 
v 0.398445 0.0256956 0.133616 
v 0.500445 0.0256987 0.133605 
v 0.500445 0.0258125 0.133639 
v 0.398445 0.0295974 0.134 
v 0.398445 0.0219437 0.132478 
v 0.500445 0.0219535 0.132459 
v 0.500445 0.0221645 0.132567 
v 0.398445 0.018486 0.130629 
v 0.500445 0.018505 0.130605 
v 0.500445 0.018785 0.130825 
v 0.398445 0.0154553 0.128142 
v 0.500445 0.0154852 0.128116 
v 0.500445 0.0157963 0.128475 
v 0.398445 0.012968 0.125111 
v 0.500445 0.0133064 0.125602 
v 0.500445 0.0130076 0.125088 
v 0.398445 0.00998169 0.117902 
v 0.493956 0.00964688 0.115406 
v 0.494044 0.0097202 0.116213 
v 0.494218 0.00982466 0.117006 
v 0.398445 0.0111198 0.121654 
v 0.494529 0.00998169 0.117902 
v 0.494819 0.0101132 0.118513 
v 0.495729 0.0104737 0.119855 
v 0.496906 0.0108515 0.120971 
v 0.49905 0.0113143 0.122107 
v 0.49984 0.0113981 0.122292 
v 0.498296 0.011184 0.121807 
v 0.498039 0.0111226 0.121653 
v 0.500445 0.0114622 0.122433 
v 0.500445 0.0295974 0.134 
v 0.508672 0.0065974 0.117006 
v 0.508934 0.0065974 0.115406 
v 0.508889 0.0115558 0.11568 
v 0.508934 0.011543 0.115406 
v 0.508071 0.0065974 0.118513 
v 0.508534 0.0116288 0.117351 
v 0.508672 0.0116173 0.117006 
v 0.507161 0.0065974 0.119855 
v 0.5078 0.011675 0.118914 
v 0.508071 0.0116678 0.118513 
v 0.505984 0.0065974 0.120971 
v 0.50672 0.0116906 0.120274 
v 0.507161 0.0116919 0.119855 
v 0.504594 0.0065974 0.121807 
v 0.505357 0.0116745 0.121348 
v 0.505984 0.0116884 0.120971 
v 0.503057 0.0065974 0.122325 
v 0.503793 0.011628 0.122077 
v 0.504594 0.0116576 0.121807 
v 0.501445 0.0065974 0.1225 
v 0.502124 0.0115547 0.122426 
v 0.503057 0.0116008 0.122325 
v 0.501445 0.0115212 0.1225 
v 0.499833 0.0065974 0.122325 
v 0.498296 0.0065974 0.121807 
v 0.496906 0.0065974 0.120971 
v 0.495729 0.0065974 0.119855 
v 0.494819 0.0065974 0.118513 
v 0.493956 0.0065974 0.115406 
v 0.494218 0.0065974 0.117006 
v 0.494044 0.0065974 0.113787 
v 0.494478 0.0065974 0.112224 
v 0.495237 0.0065974 0.110791 
v 0.496287 0.0065974 0.109555 
v 0.497578 0.0065974 0.108574 
v 0.49905 0.0065974 0.107893 
v 0.500634 0.0065974 0.107544 
v 0.502256 0.0065974 0.107544 
v 0.501445 0.0065974 0.1075 
v 0.50384 0.0065974 0.107893 
v 0.505312 0.0065974 0.108574 
v 0.506603 0.0065974 0.109555 
v 0.507653 0.0065974 0.110791 
v 0.508412 0.0065974 0.112224 
v 0.508846 0.0065974 0.113787 
v 0.501445 0.0065974 0.115 
v 0.504347 0.0295974 0.133616 
v 0.508099 0.0295974 0.132478 
v 0.511556 0.0295974 0.130629 
v 0.514587 0.0295974 0.128142 
v 0.517074 0.0295974 0.125111 
v 0.518923 0.0295974 0.121654 
v 0.520061 0.0295974 0.117902 
v 0.502708 0.0133064 0.125379 
v 0.503269 0.0157963 0.128197 
v 0.504885 0.0133064 0.124719 
v 0.505984 0.0157963 0.127373 
v 0.506891 0.0133064 0.123647 
v 0.508487 0.0157963 0.126036 
v 0.508649 0.0133064 0.122204 
v 0.510681 0.0157963 0.124235 
v 0.510092 0.0133064 0.120446 
v 0.512481 0.0157963 0.122042 
v 0.511164 0.0133064 0.11844 
v 0.513818 0.0157963 0.119539 
v 0.511824 0.0133064 0.116263 
v 0.514642 0.0157963 0.116824 
v 0.503727 0.018785 0.130502 
v 0.506884 0.018785 0.129545 
v 0.509793 0.018785 0.12799 
v 0.512342 0.018785 0.125897 
v 0.514435 0.018785 0.123348 
v 0.51599 0.018785 0.120439 
v 0.516947 0.018785 0.117282 
v 0.504067 0.0221645 0.132211 
v 0.50755 0.0221645 0.131154 
v 0.510761 0.0221645 0.129438 
v 0.513574 0.0221645 0.127129 
v 0.515883 0.0221645 0.124316 
v 0.517599 0.0221645 0.121105 
v 0.518656 0.0221645 0.117622 
v 0.504276 0.0258125 0.133261 
v 0.50796 0.0258125 0.132144 
v 0.511356 0.0258125 0.130329 
v 0.514332 0.0258125 0.127887 
v 0.516774 0.0258125 0.124911 
v 0.518589 0.0258125 0.121515 
v 0.519706 0.0258125 0.117831 
v 0.520061 0.161597 0.117902 
v 0.520445 0.0895974 0.114 
v 0.520445 0.0445974 0.114 
v 0.518923 0.161597 0.121654 
v 0.517074 0.161597 0.125111 
v 0.514587 0.161597 0.128142 
v 0.511556 0.161597 0.130629 
v 0.508099 0.161597 0.132478 
v 0.504347 0.161597 0.133616 
v 0.500445 0.161597 0.134 
v 0.520445 0.161597 0.114 
v 0.441796 0.0703264 0.134 
v 0.437528 0.0696267 0.134 
v 0.387445 0.0167106 0.134 
v 0.433209 0.109334 0.134 
v 0.437528 0.109568 0.134 
v 0.425221 0.106151 0.134 
v 0.429042 0.108177 0.134 
v 0.419308 0.0999085 0.134 
v 0.421925 0.103351 0.134 
v 0.445813 0.0719272 0.134 
v 0.452367 0.0774939 0.134 
v 0.449393 0.0743542 0.134 
v 0.456445 0.0895974 0.134 
v 0.455977 0.085298 0.134 
v 0.387445 0.0224841 0.134 
v 0.392445 0.0253709 0.134 
v 0.392445 0.0138239 0.134 
v 0.397445 0.0167106 0.134 
v 0.441796 0.108868 0.134 
v 0.445813 0.107268 0.134 
v 0.416562 0.0917598 0.134 
v 0.417492 0.0959834 0.134 
v 0.421925 0.0758434 0.134 
v 0.433209 0.0698609 0.134 
v 0.429042 0.0710179 0.134 
v 0.454597 0.0811996 0.134 
v 0.455977 0.0938968 0.134 
v 0.449393 0.104841 0.134 
v 0.452367 0.101701 0.134 
v 0.416562 0.087435 0.134 
v 0.419308 0.0792863 0.134 
v 0.417492 0.0832114 0.134 
v 0.425221 0.0730436 0.134 
v 0.397445 0.0224841 0.134 
v 0.454597 0.0979952 0.134 
v 0.387445 0.0224841 0.137 
v 0.387445 0.0167106 0.137 
v 0.392445 0.0253709 0.137 
v 0.397445 0.0224841 0.137 
v 0.397445 0.0167106 0.137 
v 0.392445 0.0138239 0.137 
v 0.393741 0.0228488 0.137 
v 0.394409 0.0224943 0.137 
v 0.394409 0.0167005 0.137 
v 0.394986 0.0220043 0.137 
v 0.395444 0.0214018 0.137 
v 0.393011 0.0230513 0.137 
v 0.388945 0.0195974 0.137 
v 0.389659 0.0174793 0.137 
v 0.389269 0.0181278 0.137 
v 0.390806 0.0165051 0.137 
v 0.393741 0.016346 0.137 
v 0.392256 0.0230923 0.137 
v 0.390179 0.022265 0.137 
v 0.390806 0.0226897 0.137 
v 0.389027 0.0203498 0.137 
v 0.389027 0.018845 0.137 
v 0.390179 0.0169298 0.137 
v 0.393011 0.0161435 0.137 
v 0.395444 0.017793 0.137 
v 0.394986 0.0171904 0.137 
v 0.391509 0.0229698 0.137 
v 0.389659 0.0217155 0.137 
v 0.389269 0.021067 0.137 
v 0.392256 0.0161025 0.137 
v 0.391509 0.016225 0.137 
v 0.395762 0.0184798 0.137 
v 0.395945 0.0195974 0.137 
v 0.395762 0.020715 0.137 
v 0.395925 0.0199758 0.137 
v 0.395925 0.019219 0.137 
v 0.388945 0.0195974 0.1375 
v 0.389027 0.0203498 0.1375 
v 0.389269 0.021067 0.1375 
v 0.389659 0.0217155 0.1375 
v 0.390179 0.022265 0.1375 
v 0.390806 0.0226897 0.1375 
v 0.391509 0.0229698 0.1375 
v 0.392256 0.0230923 0.1375 
v 0.393011 0.0230513 0.1375 
v 0.393741 0.0228488 0.1375 
v 0.394409 0.0224943 0.1375 
v 0.394986 0.0220043 0.1375 
v 0.395444 0.0214018 0.1375 
v 0.395762 0.020715 0.1375 
v 0.395925 0.0199758 0.1375 
v 0.395925 0.019219 0.1375 
v 0.395945 0.0195974 0.1375 
v 0.395762 0.0184798 0.1375 
v 0.395444 0.017793 0.1375 
v 0.394986 0.0171904 0.1375 
v 0.394409 0.0167005 0.1375 
v 0.393741 0.016346 0.1375 
v 0.393011 0.0161435 0.1375 
v 0.392256 0.0161025 0.1375 
v 0.391509 0.016225 0.1375 
v 0.390806 0.0165051 0.1375 
v 0.390179 0.0169298 0.1375 
v 0.389659 0.0174793 0.1375 
v 0.389269 0.0181278 0.1375 
v 0.389027 0.018845 0.1375 
v 0.393555 0.0223843 0.1375 
v 0.394129 0.0220805 0.1375 
v 0.39293 0.0225579 0.1375 
v 0.391642 0.022488 0.1375 
v 0.392283 0.022593 0.1375 
v 0.39104 0.0222479 0.1375 
v 0.390503 0.0218839 0.1375 
v 0.390057 0.0214129 0.1375 
v 0.389515 0.0189525 0.1375 
v 0.389445 0.0195974 0.1375 
v 0.389722 0.0183377 0.1375 
v 0.390057 0.0177819 0.1375 
v 0.390503 0.0173109 0.1375 
v 0.391642 0.0167067 0.1375 
v 0.392283 0.0166018 0.1375 
v 0.39104 0.0169469 0.1375 
v 0.394623 0.0216605 0.1375 
v 0.395016 0.0211441 0.1375 
v 0.389722 0.0208571 0.1375 
v 0.389515 0.0202423 0.1375 
v 0.39293 0.0166369 0.1375 
v 0.393555 0.0168105 0.1375 
v 0.394623 0.0175343 0.1375 
v 0.394129 0.0171143 0.1375 
v 0.395016 0.0180507 0.1375 
v 0.395427 0.0199218 0.1375 
v 0.395445 0.0195974 0.1375 
v 0.395288 0.0205553 0.1375 
v 0.395427 0.019273 0.1375 
v 0.395288 0.0186395 0.1375 
v 0.389515 0.0189525 0.137 
v 0.389445 0.0195974 0.137 
v 0.389722 0.0183377 0.137 
v 0.390057 0.0177819 0.137 
v 0.390503 0.0173109 0.137 
v 0.39104 0.0169469 0.137 
v 0.391642 0.0167067 0.137 
v 0.392283 0.0166018 0.137 
v 0.39293 0.0166369 0.137 
v 0.393555 0.0168105 0.137 
v 0.394129 0.0171143 0.137 
v 0.394623 0.0175343 0.137 
v 0.395016 0.0180507 0.137 
v 0.395288 0.0186395 0.137 
v 0.395427 0.019273 0.137 
v 0.395427 0.0199218 0.137 
v 0.395445 0.0195974 0.137 
v 0.395288 0.0205553 0.137 
v 0.395016 0.0211441 0.137 
v 0.394623 0.0216605 0.137 
v 0.394129 0.0220805 0.137 
v 0.393555 0.0223843 0.137 
v 0.39293 0.0225579 0.137 
v 0.392283 0.022593 0.137 
v 0.391642 0.022488 0.137 
v 0.39104 0.0222479 0.137 
v 0.390503 0.0218839 0.137 
v 0.390057 0.0214129 0.137 
v 0.389722 0.0208571 0.137 
v 0.389515 0.0202423 0.137 
v 0.456445 0.0895974 0.12 
v 0.455977 0.085298 0.12 
v 0.454597 0.0811996 0.12 
v 0.452367 0.0774939 0.12 
v 0.449393 0.0743542 0.12 
v 0.445813 0.0719272 0.12 
v 0.441796 0.0703264 0.12 
v 0.437528 0.0696267 0.12 
v 0.433209 0.0698609 0.12 
v 0.429042 0.0710179 0.12 
v 0.425221 0.0730436 0.12 
v 0.421925 0.0758434 0.12 
v 0.419308 0.0792863 0.12 
v 0.417492 0.0832114 0.12 
v 0.416445 0.0895974 0.12 
v 0.416562 0.087435 0.12 
v 0.416562 0.0917598 0.12 
v 0.417492 0.0959834 0.12 
v 0.419308 0.0999085 0.12 
v 0.421925 0.103351 0.12 
v 0.425221 0.106151 0.12 
v 0.429042 0.108177 0.12 
v 0.433209 0.109334 0.12 
v 0.437528 0.109568 0.12 
v 0.441796 0.108868 0.12 
v 0.445813 0.107268 0.12 
v 0.449393 0.104841 0.12 
v 0.452367 0.101701 0.12 
v 0.454597 0.0979952 0.12 
v 0.455977 0.0938968 0.12 
v 0.486445 0.175597 0.12 
v 0.386445 0.0285974 0.12 
v 0.386445 0.175597 0.12 
v 0.443945 0.0395974 0.12 
v 0.428945 0.0395974 0.12 
v 0.486445 0.0285974 0.12 
v 0.443945 0.0285974 0.12 
v 0.428945 0.0285974 0.12 
v 0.443945 0.0258195 0.119157 
v 0.443945 0.02444 0.117778 
v 0.443945 0.023978 0.116913 
v 0.443945 0.0236935 0.115975 
v 0.443945 0.0276219 0.119904 
v 0.443945 0.026684 0.119619 
v 0.443945 0.0250619 0.118536 
v 0.443945 0.0235974 0.115 
v 0.443945 0.0395974 0.102 
v 0.443945 0.0235974 0.102 
v 0.428945 0.0236935 0.115975 
v 0.428945 0.0258195 0.119157 
v 0.428945 0.026684 0.119619 
v 0.428945 0.023978 0.116913 
v 0.428945 0.0276219 0.119904 
v 0.428945 0.02444 0.117778 
v 0.428945 0.0250619 0.118536 
v 0.428945 0.0235974 0.115 
v 0.428945 0.0395974 0.102 
v 0.428945 0.0235974 0.102 
v 0.443781 0.0235974 0.100441 
v 0.443781 0.0395974 0.100441 
v 0.443297 0.0235974 0.0989495 
v 0.443297 0.0395974 0.0989495 
v 0.442513 0.0235974 0.0975916 
v 0.442513 0.0395974 0.0975916 
v 0.441463 0.0235974 0.0964264 
v 0.441463 0.0395974 0.0964264 
v 0.440195 0.0235974 0.0955048 
v 0.440195 0.0395974 0.0955048 
v 0.438763 0.0235974 0.0948671 
v 0.438763 0.0395974 0.0948671 
v 0.437229 0.0235974 0.0945411 
v 0.437229 0.0395974 0.0945411 
v 0.435661 0.0235974 0.0945411 
v 0.435661 0.0395974 0.0945411 
v 0.434127 0.0235974 0.0948671 
v 0.434127 0.0395974 0.0948671 
v 0.432695 0.0235974 0.0955048 
v 0.432695 0.0395974 0.0955048 
v 0.431427 0.0235974 0.0964264 
v 0.431427 0.0395974 0.0964264 
v 0.430377 0.0235974 0.0975916 
v 0.430377 0.0395974 0.0975916 
v 0.429593 0.0235974 0.0989495 
v 0.429593 0.0395974 0.0989495 
v 0.429109 0.0235974 0.100441 
v 0.429109 0.0395974 0.100441 
v 0.386445 0.0276219 0.119904 
v 0.386445 0.026684 0.119619 
v 0.386445 0.0258195 0.119157 
v 0.386445 0.0250619 0.118536 
v 0.386445 0.02444 0.117778 
v 0.386445 0.023978 0.116913 
v 0.386445 0.0236935 0.115975 
v 0.386445 0.0235974 0.115 
v 0.383519 0.0235974 0.114712 
v 0.380705 0.0235974 0.113858 
v 0.378111 0.0235974 0.112472 
v 0.375838 0.0235974 0.110607 
v 0.373973 0.0235974 0.108334 
v 0.372587 0.0235974 0.10574 
v 0.371733 0.0235974 0.102926 
v 0.371445 0.0235974 0.1 
v 0.37047 0.0236935 0.1 
v 0.369532 0.023978 0.1 
v 0.368667 0.02444 0.1 
v 0.367909 0.0250619 0.1 
v 0.367288 0.0258195 0.1 
v 0.366826 0.026684 0.1 
v 0.366541 0.0276219 0.1 
v 0.382543 0.0285974 0.119616 
v 0.378791 0.0285974 0.118478 
v 0.375334 0.0285974 0.116629 
v 0.372303 0.0285974 0.114142 
v 0.369816 0.0285974 0.111111 
v 0.367967 0.0285974 0.107654 
v 0.366829 0.0285974 0.103902 
v 0.366445 0.0285974 0.1 
v 0.383328 0.0236935 0.115668 
v 0.380331 0.0236935 0.114759 
v 0.37757 0.0236935 0.113283 
v 0.375149 0.0236935 0.111296 
v 0.373162 0.0236935 0.108875 
v 0.371686 0.0236935 0.106114 
v 0.370777 0.0236935 0.103117 
v 0.383145 0.023978 0.116588 
v 0.379973 0.023978 0.115626 
v 0.377048 0.023978 0.114063 
v 0.374485 0.023978 0.11196 
v 0.372382 0.023978 0.109397 
v 0.370819 0.023978 0.106472 
v 0.369857 0.023978 0.1033 
v 0.382977 0.02444 0.117436 
v 0.379642 0.02444 0.116425 
v 0.376568 0.02444 0.114782 
v 0.373874 0.02444 0.112571 
v 0.371663 0.02444 0.109877 
v 0.37002 0.02444 0.106803 
v 0.369009 0.02444 0.103468 
v 0.382829 0.0250619 0.118179 
v 0.379352 0.0250619 0.117125 
v 0.376147 0.0250619 0.115412 
v 0.373338 0.0250619 0.113107 
v 0.371033 0.0250619 0.110298 
v 0.36932 0.0250619 0.107093 
v 0.368266 0.0250619 0.103616 
v 0.382708 0.0258195 0.118789 
v 0.379114 0.0258195 0.117699 
v 0.375802 0.0258195 0.115929 
v 0.372899 0.0258195 0.113546 
v 0.370516 0.0258195 0.110643 
v 0.368746 0.0258195 0.107331 
v 0.367656 0.0258195 0.103737 
v 0.382617 0.026684 0.119242 
v 0.378937 0.026684 0.118126 
v 0.375545 0.026684 0.116313 
v 0.372572 0.026684 0.113873 
v 0.370132 0.026684 0.1109 
v 0.368319 0.026684 0.107508 
v 0.367203 0.026684 0.103828 
v 0.382562 0.0276219 0.119521 
v 0.378828 0.0276219 0.118389 
v 0.375387 0.0276219 0.11655 
v 0.372371 0.0276219 0.114074 
v 0.369896 0.0276219 0.111058 
v 0.368056 0.0276219 0.107617 
v 0.366924 0.0276219 0.103883 
v 0.382543 0.175597 0.119616 
v 0.378791 0.175597 0.118478 
v 0.375334 0.175597 0.116629 
v 0.372303 0.175597 0.114142 
v 0.369816 0.175597 0.111111 
v 0.367967 0.175597 0.107654 
v 0.366829 0.175597 0.103902 
v 0.366445 0.175597 0.1 
v 0.366541 0.0276219 -0.1 
v 0.366445 0.0285974 -0.1 
v 0.366826 0.026684 -0.1 
v 0.367288 0.0258195 -0.1 
v 0.367909 0.0250619 -0.1 
v 0.368667 0.02444 -0.1 
v 0.369532 0.023978 -0.1 
v 0.37047 0.0236935 -0.1 
v 0.371445 0.0235974 -0.1 
v 0.366445 0.175597 -0.1 
v 0.371733 0.0235974 -0.102926 
v 0.372587 0.0235974 -0.10574 
v 0.373973 0.0235974 -0.108334 
v 0.375838 0.0235974 -0.110607 
v 0.378111 0.0235974 -0.112472 
v 0.380705 0.0235974 -0.113858 
v 0.383519 0.0235974 -0.114712 
v 0.386445 0.0235974 -0.115 
v 0.386445 0.0236935 -0.115975 
v 0.386445 0.023978 -0.116913 
v 0.386445 0.02444 -0.117778 
v 0.386445 0.0250619 -0.118536 
v 0.386445 0.0258195 -0.119157 
v 0.386445 0.026684 -0.119619 
v 0.386445 0.0276219 -0.119904 
v 0.366829 0.0285974 -0.103902 
v 0.367967 0.0285974 -0.107654 
v 0.369816 0.0285974 -0.111111 
v 0.372303 0.0285974 -0.114142 
v 0.375334 0.0285974 -0.116629 
v 0.378791 0.0285974 -0.118478 
v 0.382543 0.0285974 -0.119616 
v 0.386445 0.0285974 -0.12 
v 0.370777 0.0236935 -0.103117 
v 0.371686 0.0236935 -0.106114 
v 0.373162 0.0236935 -0.108875 
v 0.375149 0.0236935 -0.111296 
v 0.37757 0.0236935 -0.113283 
v 0.380331 0.0236935 -0.114759 
v 0.383328 0.0236935 -0.115668 
v 0.369857 0.023978 -0.1033 
v 0.370819 0.023978 -0.106472 
v 0.372382 0.023978 -0.109397 
v 0.374485 0.023978 -0.11196 
v 0.377048 0.023978 -0.114063 
v 0.379973 0.023978 -0.115626 
v 0.383145 0.023978 -0.116588 
v 0.369009 0.02444 -0.103468 
v 0.37002 0.02444 -0.106803 
v 0.371663 0.02444 -0.109877 
v 0.373874 0.02444 -0.112571 
v 0.376568 0.02444 -0.114782 
v 0.379642 0.02444 -0.116425 
v 0.382977 0.02444 -0.117436 
v 0.368266 0.0250619 -0.103616 
v 0.36932 0.0250619 -0.107093 
v 0.371033 0.0250619 -0.110298 
v 0.373338 0.0250619 -0.113107 
v 0.376147 0.0250619 -0.115412 
v 0.379352 0.0250619 -0.117125 
v 0.382829 0.0250619 -0.118179 
v 0.367656 0.0258195 -0.103737 
v 0.368746 0.0258195 -0.107331 
v 0.370516 0.0258195 -0.110643 
v 0.372899 0.0258195 -0.113546 
v 0.375802 0.0258195 -0.115929 
v 0.379114 0.0258195 -0.117699 
v 0.382708 0.0258195 -0.118789 
v 0.367203 0.026684 -0.103828 
v 0.368319 0.026684 -0.107508 
v 0.370132 0.026684 -0.1109 
v 0.372572 0.026684 -0.113873 
v 0.375545 0.026684 -0.116313 
v 0.378937 0.026684 -0.118126 
v 0.382617 0.026684 -0.119242 
v 0.366924 0.0276219 -0.103883 
v 0.368056 0.0276219 -0.107617 
v 0.369896 0.0276219 -0.111058 
v 0.372371 0.0276219 -0.114074 
v 0.375387 0.0276219 -0.11655 
v 0.378828 0.0276219 -0.118389 
v 0.382562 0.0276219 -0.119521 
v 0.366829 0.175597 -0.103902 
v 0.367967 0.175597 -0.107654 
v 0.369816 0.175597 -0.111111 
v 0.372303 0.175597 -0.114142 
v 0.375334 0.175597 -0.116629 
v 0.378791 0.175597 -0.118478 
v 0.382543 0.175597 -0.119616 
v 0.386445 0.175597 -0.12 
v 0.486445 0.0276219 -0.119904 
v 0.486445 0.0285974 -0.12 
v 0.486445 0.026684 -0.119619 
v 0.486445 0.0258195 -0.119157 
v 0.486445 0.0250619 -0.118536 
v 0.486445 0.02444 -0.117778 
v 0.486445 0.023978 -0.116913 
v 0.486445 0.0236935 -0.115975 
v 0.486445 0.0235974 -0.115 
v 0.486445 0.175597 -0.12 
v 0.489371 0.0235974 -0.114712 
v 0.492185 0.0235974 -0.113858 
v 0.494779 0.0235974 -0.112472 
v 0.497052 0.0235974 -0.110607 
v 0.498917 0.0235974 -0.108334 
v 0.500303 0.0235974 -0.10574 
v 0.501157 0.0235974 -0.102926 
v 0.501445 0.0235974 -0.1 
v 0.50242 0.0236935 -0.1 
v 0.503358 0.023978 -0.1 
v 0.504223 0.02444 -0.1 
v 0.504981 0.0250619 -0.1 
v 0.505602 0.0258195 -0.1 
v 0.506064 0.026684 -0.1 
v 0.506349 0.0276219 -0.1 
v 0.490347 0.0285974 -0.119616 
v 0.494099 0.0285974 -0.118478 
v 0.497556 0.0285974 -0.116629 
v 0.500587 0.0285974 -0.114142 
v 0.503074 0.0285974 -0.111111 
v 0.504923 0.0285974 -0.107654 
v 0.506061 0.0285974 -0.103902 
v 0.506445 0.0285974 -0.1 
v 0.489562 0.0236935 -0.115668 
v 0.492559 0.0236935 -0.114759 
v 0.495321 0.0236935 -0.113283 
v 0.497741 0.0236935 -0.111296 
v 0.499728 0.0236935 -0.108875 
v 0.501204 0.0236935 -0.106114 
v 0.502114 0.0236935 -0.103117 
v 0.489745 0.023978 -0.116588 
v 0.492918 0.023978 -0.115626 
v 0.495842 0.023978 -0.114063 
v 0.498405 0.023978 -0.11196 
v 0.500508 0.023978 -0.109397 
v 0.502071 0.023978 -0.106472 
v 0.503033 0.023978 -0.1033 
v 0.489913 0.02444 -0.117436 
v 0.493248 0.02444 -0.116425 
v 0.496322 0.02444 -0.114782 
v 0.499016 0.02444 -0.112571 
v 0.501227 0.02444 -0.109877 
v 0.50287 0.02444 -0.106803 
v 0.503881 0.02444 -0.103468 
v 0.490061 0.0250619 -0.118179 
v 0.493538 0.0250619 -0.117125 
v 0.496743 0.0250619 -0.115412 
v 0.499552 0.0250619 -0.113107 
v 0.501857 0.0250619 -0.110298 
v 0.50357 0.0250619 -0.107093 
v 0.504624 0.0250619 -0.103616 
v 0.490182 0.0258195 -0.118789 
v 0.493776 0.0258195 -0.117699 
v 0.497088 0.0258195 -0.115929 
v 0.499991 0.0258195 -0.113546 
v 0.502374 0.0258195 -0.110643 
v 0.504144 0.0258195 -0.107331 
v 0.505234 0.0258195 -0.103737 
v 0.490273 0.026684 -0.119242 
v 0.493953 0.026684 -0.118126 
v 0.497345 0.026684 -0.116313 
v 0.500318 0.026684 -0.113873 
v 0.502758 0.026684 -0.1109 
v 0.504571 0.026684 -0.107508 
v 0.505687 0.026684 -0.103828 
v 0.490328 0.0276219 -0.119521 
v 0.494062 0.0276219 -0.118389 
v 0.497503 0.0276219 -0.11655 
v 0.500519 0.0276219 -0.114074 
v 0.502995 0.0276219 -0.111058 
v 0.504834 0.0276219 -0.107617 
v 0.505966 0.0276219 -0.103883 
v 0.490347 0.175597 -0.119616 
v 0.494099 0.175597 -0.118478 
v 0.497556 0.175597 -0.116629 
v 0.500587 0.175597 -0.114142 
v 0.503074 0.175597 -0.111111 
v 0.504923 0.175597 -0.107654 
v 0.506061 0.175597 -0.103902 
v 0.506445 0.0895974 -0.1 
v 0.506445 0.0440974 -0.1 
v 0.506445 0.175597 -0.1 
v 0.506445 0.0285974 -0.06 
v 0.506445 0.0285974 -0.095 
v 0.506445 0.0285974 -0.02 
v 0.506349 0.0276219 0.1 
v 0.506445 0.0285974 0.02 
v 0.506445 0.0285974 0.06 
v 0.506445 0.0285974 0.1 
v 0.506064 0.026684 0.1 
v 0.505602 0.0258195 0.1 
v 0.504981 0.0250619 0.1 
v 0.504223 0.02444 0.1 
v 0.503358 0.023978 0.1 
v 0.50242 0.0236935 0.1 
v 0.501445 0.0235974 0.1 
v 0.501157 0.0235974 0.102926 
v 0.500303 0.0235974 0.10574 
v 0.498917 0.0235974 0.108334 
v 0.497052 0.0235974 0.110607 
v 0.494779 0.0235974 0.112472 
v 0.492185 0.0235974 0.113858 
v 0.489371 0.0235974 0.114712 
v 0.486445 0.0235974 0.115 
v 0.486445 0.0236935 0.115975 
v 0.486445 0.023978 0.116913 
v 0.486445 0.02444 0.117778 
v 0.486445 0.0250619 0.118536 
v 0.486445 0.0258195 0.119157 
v 0.486445 0.026684 0.119619 
v 0.486445 0.0276219 0.119904 
v 0.506061 0.0285974 0.103902 
v 0.504923 0.0285974 0.107654 
v 0.503074 0.0285974 0.111111 
v 0.500587 0.0285974 0.114142 
v 0.497556 0.0285974 0.116629 
v 0.494099 0.0285974 0.118478 
v 0.490347 0.0285974 0.119616 
v 0.502114 0.0236935 0.103117 
v 0.501204 0.0236935 0.106114 
v 0.499728 0.0236935 0.108875 
v 0.497741 0.0236935 0.111296 
v 0.495321 0.0236935 0.113283 
v 0.492559 0.0236935 0.114759 
v 0.489562 0.0236935 0.115668 
v 0.503033 0.023978 0.1033 
v 0.502071 0.023978 0.106472 
v 0.500508 0.023978 0.109397 
v 0.498405 0.023978 0.11196 
v 0.495842 0.023978 0.114063 
v 0.492918 0.023978 0.115626 
v 0.489745 0.023978 0.116588 
v 0.503881 0.02444 0.103468 
v 0.50287 0.02444 0.106803 
v 0.501227 0.02444 0.109877 
v 0.499016 0.02444 0.112571 
v 0.496322 0.02444 0.114782 
v 0.493248 0.02444 0.116425 
v 0.489913 0.02444 0.117436 
v 0.504624 0.0250619 0.103616 
v 0.50357 0.0250619 0.107093 
v 0.501857 0.0250619 0.110298 
v 0.499552 0.0250619 0.113107 
v 0.496743 0.0250619 0.115412 
v 0.493538 0.0250619 0.117125 
v 0.490061 0.0250619 0.118179 
v 0.505234 0.0258195 0.103737 
v 0.504144 0.0258195 0.107331 
v 0.502374 0.0258195 0.110643 
v 0.499991 0.0258195 0.113546 
v 0.497088 0.0258195 0.115929 
v 0.493776 0.0258195 0.117699 
v 0.490182 0.0258195 0.118789 
v 0.505687 0.026684 0.103828 
v 0.504571 0.026684 0.107508 
v 0.502758 0.026684 0.1109 
v 0.500318 0.026684 0.113873 
v 0.497345 0.026684 0.116313 
v 0.493953 0.026684 0.118126 
v 0.490273 0.026684 0.119242 
v 0.505966 0.0276219 0.103883 
v 0.504834 0.0276219 0.107617 
v 0.502995 0.0276219 0.111058 
v 0.500519 0.0276219 0.114074 
v 0.497503 0.0276219 0.11655 
v 0.494062 0.0276219 0.118389 
v 0.490328 0.0276219 0.119521 
v 0.506445 0.0895974 0.1 
v 0.506445 0.0440974 0.1 
v 0.506061 0.175597 0.103902 
v 0.506445 0.175597 0.1 
v 0.504923 0.175597 0.107654 
v 0.503074 0.175597 0.111111 
v 0.500587 0.175597 0.114142 
v 0.497556 0.175597 0.116629 
v 0.494099 0.175597 0.118478 
v 0.490347 0.175597 0.119616 
v 0.469218 0.0235974 0.0879935 
v 0.469819 0.0235974 0.0864869 
v 0.397256 0.0235974 -0.082544 
v 0.482161 0.0235974 -0.0948554 
v 0.483071 0.0235974 -0.0935131 
v 0.480984 0.0235974 -0.0959707 
v 0.483412 0.0235974 -0.087224 
v 0.479594 0.0235974 -0.0968068 
v 0.403071 0.0235974 0.0864869 
v 0.400312 0.0235974 -0.0835736 
v 0.480984 0.0235974 0.0840293 
v 0.482161 0.0235974 0.0851446 
v 0.469044 0.0235974 0.0912134 
v 0.483846 0.0235974 -0.0887866 
v 0.483672 0.0235974 -0.0920065 
v 0.478057 0.0235974 -0.0973247 
v 0.469218 0.0235974 -0.0920065 
v 0.396445 0.0235974 -0.0975 
v 0.468956 0.0235974 -0.090406 
v 0.398057 0.0235974 -0.0973247 
v 0.390729 0.0235974 -0.0948554 
v 0.391906 0.0235974 -0.0959707 
v 0.402653 0.0235974 0.0942089 
v 0.401603 0.0235974 0.095445 
v 0.402161 0.0235974 0.0851446 
v 0.481603 0.0235974 0.095445 
v 0.480312 0.0235974 0.0964264 
v 0.478057 0.0235974 0.0826753 
v 0.479594 0.0235974 0.0831932 
v 0.39884 0.0235974 -0.0828926 
v 0.473296 0.0235974 0.0831932 
v 0.468956 0.0235974 0.089594 
v 0.482653 0.0235974 -0.0857911 
v 0.481603 0.0235974 -0.084555 
v 0.483934 0.0235974 -0.090406 
v 0.473296 0.0235974 -0.0968068 
v 0.469819 0.0235974 -0.0935131 
v 0.470729 0.0235974 -0.0948554 
v 0.394833 0.0235974 -0.0973247 
v 0.469478 0.0235974 -0.087224 
v 0.469044 0.0235974 -0.0887866 
v 0.472578 0.0235974 -0.0835736 
v 0.471287 0.0235974 -0.084555 
v 0.389819 0.0235974 -0.0935131 
v 0.389478 0.0235974 -0.087224 
v 0.389044 0.0235974 -0.0887866 
v 0.390237 0.0235974 -0.0857911 
v 0.403412 0.0235974 0.092776 
v 0.400984 0.0235974 0.0840293 
v 0.394833 0.0235974 0.0826753 
v 0.395634 0.0235974 -0.082544 
v 0.39405 0.0235974 -0.0828926 
v 0.396445 0.0235974 0.0825 
v 0.390237 0.0235974 0.0942089 
v 0.389478 0.0235974 0.092776 
v 0.391287 0.0235974 0.095445 
v 0.392578 0.0235974 0.0964264 
v 0.47884 0.0235974 0.0971074 
v 0.482653 0.0235974 0.0942089 
v 0.483071 0.0235974 0.0864869 
v 0.483672 0.0235974 0.0879935 
v 0.474833 0.0235974 0.0826753 
v 0.469478 0.0235974 0.092776 
v 0.403846 0.0235974 -0.0887866 
v 0.475634 0.0235974 -0.082544 
v 0.47405 0.0235974 -0.0828926 
v 0.471906 0.0235974 -0.0959707 
v 0.470237 0.0235974 -0.0857911 
v 0.393296 0.0235974 -0.0968068 
v 0.388956 0.0235974 -0.090406 
v 0.389218 0.0235974 -0.0920065 
v 0.392578 0.0235974 -0.0835736 
v 0.391287 0.0235974 -0.084555 
v 0.39884 0.0235974 0.0971074 
v 0.400312 0.0235974 0.0964264 
v 0.403672 0.0235974 0.0879935 
v 0.398057 0.0235974 0.0826753 
v 0.399594 0.0235974 0.0831932 
v 0.483846 0.0235974 0.0912134 
v 0.483412 0.0235974 0.092776 
v 0.476445 0.0235974 0.0825 
v 0.471906 0.0235974 0.0840293 
v 0.470729 0.0235974 0.0851446 
v 0.403934 0.0235974 -0.090406 
v 0.474833 0.0235974 -0.0973247 
v 0.476445 0.0235974 -0.0975 
v 0.403934 0.0235974 0.089594 
v 0.403846 0.0235974 0.0912134 
v 0.389819 0.0235974 0.0864869 
v 0.390729 0.0235974 0.0851446 
v 0.389218 0.0235974 0.0879935 
v 0.389044 0.0235974 0.0912134 
v 0.39405 0.0235974 0.0971074 
v 0.397256 0.0235974 0.097456 
v 0.395634 0.0235974 0.097456 
v 0.483934 0.0235974 0.089594 
v 0.475634 0.0235974 0.097456 
v 0.47405 0.0235974 0.0971074 
v 0.403412 0.0235974 -0.087224 
v 0.402653 0.0235974 -0.0857911 
v 0.477256 0.0235974 -0.082544 
v 0.470237 0.0235974 0.0942089 
v 0.472578 0.0235974 0.0964264 
v 0.477256 0.0235974 0.097456 
v 0.403071 0.0235974 -0.0935131 
v 0.403672 0.0235974 -0.0920065 
v 0.400984 0.0235974 -0.0959707 
v 0.402161 0.0235974 -0.0948554 
v 0.391906 0.0235974 0.0840293 
v 0.393296 0.0235974 0.0831932 
v 0.388956 0.0235974 0.089594 
v 0.471287 0.0235974 0.095445 
v 0.401603 0.0235974 -0.084555 
v 0.399594 0.0235974 -0.0968068 
v 0.480312 0.0235974 -0.0835736 
v 0.47884 0.0235974 -0.0828926 
v 0.476445 0.0385974 -0.0975 
v 0.478057 0.0385974 -0.0973247 
v 0.479594 0.0385974 -0.0968068 
v 0.480984 0.0385974 -0.0959707 
v 0.482161 0.0385974 -0.0948554 
v 0.483071 0.0385974 -0.0935131 
v 0.483672 0.0385974 -0.0920065 
v 0.483934 0.0385974 -0.090406 
v 0.483846 0.0385974 -0.0887866 
v 0.483412 0.0385974 -0.087224 
v 0.482653 0.0385974 -0.0857911 
v 0.481603 0.0385974 -0.084555 
v 0.480312 0.0385974 -0.0835736 
v 0.47884 0.0385974 -0.0828926 
v 0.477256 0.0385974 -0.082544 
v 0.476445 0.0385974 -0.0825 
v 0.475634 0.0385974 -0.082544 
v 0.47405 0.0385974 -0.0828926 
v 0.472578 0.0385974 -0.0835736 
v 0.471287 0.0385974 -0.084555 
v 0.470237 0.0385974 -0.0857911 
v 0.469478 0.0385974 -0.087224 
v 0.469044 0.0385974 -0.0887866 
v 0.468956 0.0385974 -0.090406 
v 0.469218 0.0385974 -0.0920065 
v 0.469819 0.0385974 -0.0935131 
v 0.470729 0.0385974 -0.0948554 
v 0.471906 0.0385974 -0.0959707 
v 0.473296 0.0385974 -0.0968068 
v 0.474833 0.0385974 -0.0973247 
v 0.396445 0.0385974 -0.0975 
v 0.398057 0.0385974 -0.0973247 
v 0.399594 0.0385974 -0.0968068 
v 0.400984 0.0385974 -0.0959707 
v 0.402161 0.0385974 -0.0948554 
v 0.403071 0.0385974 -0.0935131 
v 0.403672 0.0385974 -0.0920065 
v 0.403934 0.0385974 -0.090406 
v 0.403846 0.0385974 -0.0887866 
v 0.403412 0.0385974 -0.087224 
v 0.402653 0.0385974 -0.0857911 
v 0.401603 0.0385974 -0.084555 
v 0.400312 0.0385974 -0.0835736 
v 0.39884 0.0385974 -0.0828926 
v 0.397256 0.0385974 -0.082544 
v 0.396445 0.0385974 -0.0825 
v 0.395634 0.0385974 -0.082544 
v 0.39405 0.0385974 -0.0828926 
v 0.392578 0.0385974 -0.0835736 
v 0.391287 0.0385974 -0.084555 
v 0.390237 0.0385974 -0.0857911 
v 0.389478 0.0385974 -0.087224 
v 0.389044 0.0385974 -0.0887866 
v 0.388956 0.0385974 -0.090406 
v 0.389218 0.0385974 -0.0920065 
v 0.389819 0.0385974 -0.0935131 
v 0.390729 0.0385974 -0.0948554 
v 0.391906 0.0385974 -0.0959707 
v 0.393296 0.0385974 -0.0968068 
v 0.394833 0.0385974 -0.0973247 
v 0.396445 0.0385974 0.0825 
v 0.398057 0.0385974 0.0826753 
v 0.399594 0.0385974 0.0831932 
v 0.400984 0.0385974 0.0840293 
v 0.402161 0.0385974 0.0851446 
v 0.403071 0.0385974 0.0864869 
v 0.403672 0.0385974 0.0879935 
v 0.403934 0.0385974 0.089594 
v 0.403846 0.0385974 0.0912134 
v 0.403412 0.0385974 0.092776 
v 0.402653 0.0385974 0.0942089 
v 0.401603 0.0385974 0.095445 
v 0.400312 0.0385974 0.0964264 
v 0.39884 0.0385974 0.0971074 
v 0.397256 0.0385974 0.097456 
v 0.396445 0.0385974 0.0975 
v 0.395634 0.0385974 0.097456 
v 0.39405 0.0385974 0.0971074 
v 0.392578 0.0385974 0.0964264 
v 0.391287 0.0385974 0.095445 
v 0.390237 0.0385974 0.0942089 
v 0.389478 0.0385974 0.092776 
v 0.389044 0.0385974 0.0912134 
v 0.388956 0.0385974 0.089594 
v 0.389218 0.0385974 0.0879935 
v 0.389819 0.0385974 0.0864869 
v 0.390729 0.0385974 0.0851446 
v 0.391906 0.0385974 0.0840293 
v 0.393296 0.0385974 0.0831932 
v 0.394833 0.0385974 0.0826753 
v 0.476445 0.0385974 0.0825 
v 0.478057 0.0385974 0.0826753 
v 0.479594 0.0385974 0.0831932 
v 0.480984 0.0385974 0.0840293 
v 0.482161 0.0385974 0.0851446 
v 0.483071 0.0385974 0.0864869 
v 0.483672 0.0385974 0.0879935 
v 0.483934 0.0385974 0.089594 
v 0.483846 0.0385974 0.0912134 
v 0.483412 0.0385974 0.092776 
v 0.482653 0.0385974 0.0942089 
v 0.481603 0.0385974 0.095445 
v 0.480312 0.0385974 0.0964264 
v 0.47884 0.0385974 0.0971074 
v 0.477256 0.0385974 0.097456 
v 0.476445 0.0385974 0.0975 
v 0.475634 0.0385974 0.097456 
v 0.47405 0.0385974 0.0971074 
v 0.472578 0.0385974 0.0964264 
v 0.471287 0.0385974 0.095445 
v 0.470237 0.0385974 0.0942089 
v 0.469478 0.0385974 0.092776 
v 0.469044 0.0385974 0.0912134 
v 0.468956 0.0385974 0.089594 
v 0.469218 0.0385974 0.0879935 
v 0.469819 0.0385974 0.0864869 
v 0.470729 0.0385974 0.0851446 
v 0.471906 0.0385974 0.0840293 
v 0.473296 0.0385974 0.0831932 
v 0.474833 0.0385974 0.0826753 
v 0.441445 0.0395974 0.0991132 
v 0.431445 0.0395974 0.0991132 
v 0.436445 0.0395974 0.0962265 
v 0.441445 0.0395974 0.104887 
v 0.431445 0.0395974 0.104887 
v 0.436445 0.0395974 0.107774 
v 0.431445 0.0425974 0.104887 
v 0.436445 0.0425974 0.107774 
v 0.431445 0.0425974 0.0991132 
v 0.436445 0.0425974 0.0962265 
v 0.441445 0.0425974 0.0991132 
v 0.441445 0.0425974 0.104887 
v 0.434327 0.0425974 0.0992137 
v 0.434975 0.0425974 0.0988235 
v 0.433073 0.0425974 0.101064 
v 0.433353 0.0425974 0.100361 
v 0.439537 0.0425974 0.100361 
v 0.439817 0.0425974 0.101064 
v 0.437915 0.0425974 0.0988235 
v 0.433777 0.0425974 0.0997341 
v 0.43295 0.0425974 0.101811 
v 0.43994 0.0425974 0.101811 
v 0.439113 0.0425974 0.0997341 
v 0.437197 0.0425974 0.0985818 
v 0.432991 0.0425974 0.102566 
v 0.434641 0.0425974 0.104999 
v 0.434038 0.0425974 0.104541 
v 0.439696 0.0425974 0.103295 
v 0.439342 0.0425974 0.103964 
v 0.438563 0.0425974 0.0992137 
v 0.433548 0.0425974 0.103964 
v 0.439899 0.0425974 0.102566 
v 0.433194 0.0425974 0.103295 
v 0.435693 0.0425974 0.0985818 
v 0.436445 0.0425974 0.0985 
v 0.438249 0.0425974 0.104999 
v 0.435327 0.0425974 0.105317 
v 0.438852 0.0425974 0.104541 
v 0.436067 0.0425974 0.105479 
v 0.436445 0.0425974 0.1055 
v 0.437563 0.0425974 0.105317 
v 0.436823 0.0425974 0.105479 
v 0.436445 0.0430974 0.0985 
v 0.437197 0.0430974 0.0985818 
v 0.437915 0.0430974 0.0988235 
v 0.438563 0.0430974 0.0992137 
v 0.439113 0.0430974 0.0997341 
v 0.439537 0.0430974 0.100361 
v 0.439817 0.0430974 0.101064 
v 0.43994 0.0430974 0.101811 
v 0.439899 0.0430974 0.102566 
v 0.439696 0.0430974 0.103295 
v 0.439342 0.0430974 0.103964 
v 0.438852 0.0430974 0.104541 
v 0.438249 0.0430974 0.104999 
v 0.437563 0.0430974 0.105317 
v 0.436823 0.0430974 0.105479 
v 0.436067 0.0430974 0.105479 
v 0.436445 0.0430974 0.1055 
v 0.435327 0.0430974 0.105317 
v 0.434641 0.0430974 0.104999 
v 0.434038 0.0430974 0.104541 
v 0.433548 0.0430974 0.103964 
v 0.433194 0.0430974 0.103295 
v 0.432991 0.0430974 0.102566 
v 0.43295 0.0430974 0.101811 
v 0.433073 0.0430974 0.101064 
v 0.433353 0.0430974 0.100361 
v 0.433777 0.0430974 0.0997341 
v 0.434327 0.0430974 0.0992137 
v 0.434975 0.0430974 0.0988235 
v 0.435693 0.0430974 0.0985818 
v 0.436769 0.0430974 0.104982 
v 0.437403 0.0430974 0.104843 
v 0.439405 0.0430974 0.102485 
v 0.439232 0.0430974 0.10311 
v 0.439441 0.0430974 0.101838 
v 0.439336 0.0430974 0.101197 
v 0.439096 0.0430974 0.100595 
v 0.437992 0.0430974 0.104571 
v 0.438928 0.0430974 0.103684 
v 0.438732 0.0430974 0.100058 
v 0.434629 0.0430974 0.0996117 
v 0.435185 0.0430974 0.0992773 
v 0.434159 0.0430974 0.100058 
v 0.438508 0.0430974 0.104178 
v 0.438261 0.0430974 0.0996117 
v 0.437705 0.0430974 0.0992773 
v 0.433794 0.0430974 0.100595 
v 0.433554 0.0430974 0.101197 
v 0.433449 0.0430974 0.101838 
v 0.433658 0.0430974 0.10311 
v 0.433962 0.0430974 0.103684 
v 0.436121 0.0430974 0.104982 
v 0.436445 0.0430974 0.105 
v 0.43709 0.0430974 0.0990701 
v 0.436445 0.0430974 0.099 
v 0.4358 0.0430974 0.0990701 
v 0.433485 0.0430974 0.102485 
v 0.434382 0.0430974 0.104178 
v 0.434898 0.0430974 0.104571 
v 0.435487 0.0430974 0.104843 
v 0.4358 0.0425974 0.0990701 
v 0.436445 0.0425974 0.099 
v 0.435185 0.0425974 0.0992773 
v 0.434629 0.0425974 0.0996117 
v 0.434159 0.0425974 0.100058 
v 0.433794 0.0425974 0.100595 
v 0.433554 0.0425974 0.101197 
v 0.433449 0.0425974 0.101838 
v 0.433485 0.0425974 0.102485 
v 0.433658 0.0425974 0.10311 
v 0.433962 0.0425974 0.103684 
v 0.434382 0.0425974 0.104178 
v 0.434898 0.0425974 0.104571 
v 0.435487 0.0425974 0.104843 
v 0.436121 0.0425974 0.104982 
v 0.436769 0.0425974 0.104982 
v 0.436445 0.0425974 0.105 
v 0.437403 0.0425974 0.104843 
v 0.437992 0.0425974 0.104571 
v 0.438508 0.0425974 0.104178 
v 0.438928 0.0425974 0.103684 
v 0.439232 0.0425974 0.10311 
v 0.439405 0.0425974 0.102485 
v 0.439441 0.0425974 0.101838 
v 0.439336 0.0425974 0.101197 
v 0.439096 0.0425974 0.100595 
v 0.438732 0.0425974 0.100058 
v 0.438261 0.0425974 0.0996117 
v 0.437705 0.0425974 0.0992773 
v 0.43709 0.0425974 0.0990701 
v 0.496445 0.0385974 0.11 
v 0.446445 0.0385974 0.11 
v 0.376445 0.0385974 0.11 
v 0.426445 0.0385974 0.09 
v 0.426445 0.0385974 0.11 
v 0.446445 0.0385974 0.09 
v 0.376445 0.0385974 -0.11 
v 0.496445 0.0385974 -0.11 
v 0.446445 0.0410974 0.11 
v 0.496445 0.0410974 0.11 
v 0.496445 0.0410974 -0.11 
v 0.446445 0.0410974 0.09 
v 0.376445 0.0410974 -0.11 
v 0.426445 0.0410974 0.09 
v 0.376445 0.0410974 0.11 
v 0.426445 0.0410974 0.11 
v 0.506445 0.0674477 -0.0897662 
v 0.506445 0.0695974 -0.09 
v 0.506445 0.0635457 -0.0879609 
v 0.506445 0.0653985 -0.0890758 
v 0.506445 0.0778743 -0.0743881 
v 0.506445 0.0764744 -0.07274 
v 0.506445 0.0619758 -0.0864739 
v 0.506445 0.0747529 -0.0714314 
v 0.506445 0.0795827 -0.0805414 
v 0.506445 0.0784325 -0.0846841 
v 0.506445 0.0792329 -0.0826753 
v 0.506445 0.0756491 -0.0879609 
v 0.506445 0.077219 -0.0864739 
v 0.506445 0.0717471 -0.0897662 
v 0.506445 0.0737963 -0.0890758 
v 0.506445 0.0599619 -0.0826753 
v 0.506445 0.0607623 -0.0846841 
v 0.506445 0.0727904 -0.0705235 
v 0.506445 0.0706786 -0.0700586 
v 0.506445 0.0788872 -0.0762986 
v 0.506445 0.0794657 -0.0783822 
v 0.506445 0.0596121 -0.0805414 
v 0.506445 0.0597291 -0.0783822 
v 0.506445 0.0603076 -0.0762986 
v 0.506445 0.0627204 -0.07274 
v 0.506445 0.0613205 -0.0743881 
v 0.506445 0.0664044 -0.0705235 
v 0.506445 0.0644419 -0.0714314 
v 0.506445 0.0695974 -0.07 
v 0.506445 0.0685162 -0.0700586 
v 0.506445 0.0674477 -0.0497662 
v 0.506445 0.0695974 -0.05 
v 0.506445 0.0717471 -0.0497662 
v 0.506445 0.0737963 -0.0490758 
v 0.506445 0.0653985 -0.0490758 
v 0.506445 0.0756491 -0.0479609 
v 0.506445 0.077219 -0.0464739 
v 0.506445 0.0635457 -0.0479609 
v 0.506445 0.0607623 -0.0446841 
v 0.506445 0.0619758 -0.0464739 
v 0.506445 0.0784325 -0.0446841 
v 0.506445 0.0792329 -0.0426753 
v 0.506445 0.0596121 -0.0405414 
v 0.506445 0.0599619 -0.0426753 
v 0.506445 0.0597291 -0.0383822 
v 0.506445 0.0627204 -0.03274 
v 0.506445 0.0613205 -0.0343881 
v 0.506445 0.0603076 -0.0362986 
v 0.506445 0.0644419 -0.0314314 
v 0.506445 0.0695974 -0.03 
v 0.506445 0.0685162 -0.0300586 
v 0.506445 0.0764744 -0.03274 
v 0.506445 0.0747529 -0.0314314 
v 0.506445 0.0788872 -0.0362986 
v 0.506445 0.0778743 -0.0343881 
v 0.506445 0.0795827 -0.0405414 
v 0.506445 0.0664044 -0.0305235 
v 0.506445 0.0727904 -0.0305235 
v 0.506445 0.0706786 -0.0300586 
v 0.506445 0.0794657 -0.0383822 
v 0.506445 0.0737963 -0.00907575 
v 0.506445 0.0756491 -0.00796093 
v 0.506445 0.077219 -0.00647386 
v 0.506445 0.0784325 -0.00468408 
v 0.506445 0.0674477 -0.00976621 
v 0.506445 0.0695974 -0.01 
v 0.506445 0.0635457 -0.00796093 
v 0.506445 0.0653985 -0.00907575 
v 0.506445 0.0717471 -0.00976621 
v 0.506445 0.0619758 -0.00647386 
v 0.506445 0.0795827 -0.000541389 
v 0.506445 0.0792329 -0.00267528 
v 0.506445 0.0644419 0.00856857 
v 0.506445 0.0627204 0.00725995 
v 0.506445 0.0794657 0.00161782 
v 0.506445 0.0599619 -0.00267528 
v 0.506445 0.0607623 -0.00468408 
v 0.506445 0.0597291 0.00161782 
v 0.506445 0.0596121 -0.000541389 
v 0.506445 0.0664044 0.00947653 
v 0.506445 0.0603076 0.00370138 
v 0.506445 0.0613205 0.00561187 
v 0.506445 0.0727904 0.00947653 
v 0.506445 0.0706786 0.00994138 
v 0.506445 0.0788872 0.00370138 
v 0.506445 0.0778743 0.00561187 
v 0.506445 0.0695974 0.01 
v 0.506445 0.0747529 0.00856857 
v 0.506445 0.0764744 0.00725995 
v 0.506445 0.0685162 0.00994138 
v 0.506445 0.0795827 0.0394586 
v 0.506445 0.0737963 0.0309242 
v 0.506445 0.0756491 0.0320391 
v 0.506445 0.0788872 0.0437014 
v 0.506445 0.0778743 0.0456119 
v 0.506445 0.0794657 0.0416178 
v 0.506445 0.0784325 0.0353159 
v 0.506445 0.0792329 0.0373247 
v 0.506445 0.077219 0.0335261 
v 0.506445 0.0619758 0.0335261 
v 0.506445 0.0635457 0.0320391 
v 0.506445 0.0627204 0.04726 
v 0.506445 0.0613205 0.0456119 
v 0.506445 0.0695974 0.03 
v 0.506445 0.0717471 0.0302338 
v 0.506445 0.0674477 0.0302338 
v 0.506445 0.0607623 0.0353159 
v 0.506445 0.0596121 0.0394586 
v 0.506445 0.0599619 0.0373247 
v 0.506445 0.0597291 0.0416178 
v 0.506445 0.0603076 0.0437014 
v 0.506445 0.0695974 0.05 
v 0.506445 0.0727904 0.0494765 
v 0.506445 0.0706786 0.0499414 
v 0.506445 0.0764744 0.04726 
v 0.506445 0.0747529 0.0485686 
v 0.506445 0.0653985 0.0309242 
v 0.506445 0.0664044 0.0494765 
v 0.506445 0.0644419 0.0485686 
v 0.506445 0.0685162 0.0499414 
v 0.506445 0.0607623 0.0753159 
v 0.506445 0.0619758 0.0735261 
v 0.506445 0.0599619 0.0773247 
v 0.506445 0.0597291 0.0816178 
v 0.506445 0.0596121 0.0794586 
v 0.506445 0.0644419 0.0885686 
v 0.506445 0.0627204 0.08726 
v 0.506445 0.0778743 0.0856119 
v 0.506445 0.0764744 0.08726 
v 0.506445 0.0795827 0.0794586 
v 0.506445 0.0674477 0.0702338 
v 0.506445 0.0695974 0.07 
v 0.506445 0.0603076 0.0837014 
v 0.506445 0.0613205 0.0856119 
v 0.506445 0.0788872 0.0837014 
v 0.506445 0.0794657 0.0816178 
v 0.506445 0.0784325 0.0753159 
v 0.506445 0.0792329 0.0773247 
v 0.506445 0.0756491 0.0720391 
v 0.506445 0.077219 0.0735261 
v 0.506445 0.0717471 0.0702338 
v 0.506445 0.0653985 0.0709242 
v 0.506445 0.0664044 0.0894765 
v 0.506445 0.0695974 0.09 
v 0.506445 0.0727904 0.0894765 
v 0.506445 0.0706786 0.0899414 
v 0.506445 0.0737963 0.0709242 
v 0.506445 0.0635457 0.0720391 
v 0.506445 0.0685162 0.0899414 
v 0.506445 0.0747529 0.0885686 
v 0.506445 0.175597 -0.06 
v 0.506445 0.11279 -0.0705235 
v 0.506445 0.110679 -0.0700586 
v 0.506445 0.175597 -0.095 
v 0.506445 0.109597 -0.09 
v 0.506445 0.111747 -0.0897662 
v 0.506445 0.113796 -0.0890758 
v 0.506445 0.107448 -0.0897662 
v 0.506445 0.103546 -0.0879609 
v 0.506445 0.105399 -0.0890758 
v 0.506445 0.114753 -0.0714314 
v 0.506445 0.117874 -0.0743881 
v 0.506445 0.116474 -0.07274 
v 0.506445 0.119583 -0.0805414 
v 0.506445 0.118433 -0.0846841 
v 0.506445 0.119233 -0.0826753 
v 0.506445 0.115649 -0.0879609 
v 0.506445 0.117219 -0.0864739 
v 0.506445 0.101976 -0.0864739 
v 0.506445 0.0999619 -0.0826753 
v 0.506445 0.100762 -0.0846841 
v 0.506445 0.119466 -0.0783822 
v 0.506445 0.0996121 -0.0805414 
v 0.506445 0.0997291 -0.0783822 
v 0.506445 0.118887 -0.0762986 
v 0.506445 0.100308 -0.0762986 
v 0.506445 0.10272 -0.07274 
v 0.506445 0.101321 -0.0743881 
v 0.506445 0.106404 -0.0705235 
v 0.506445 0.104442 -0.0714314 
v 0.506445 0.109597 -0.07 
v 0.506445 0.108516 -0.0700586 
v 0.506445 0.109597 -0.05 
v 0.506445 0.111747 -0.0497662 
v 0.506445 0.105399 -0.0490758 
v 0.506445 0.107448 -0.0497662 
v 0.506445 0.115649 -0.0479609 
v 0.506445 0.117219 -0.0464739 
v 0.506445 0.113796 -0.0490758 
v 0.506445 0.103546 -0.0479609 
v 0.506445 0.100762 -0.0446841 
v 0.506445 0.101976 -0.0464739 
v 0.506445 0.118433 -0.0446841 
v 0.506445 0.119233 -0.0426753 
v 0.506445 0.0996121 -0.0405414 
v 0.506445 0.0999619 -0.0426753 
v 0.506445 0.175597 -0.02 
v 0.506445 0.119583 -0.0405414 
v 0.506445 0.11279 -0.0305235 
v 0.506445 0.110679 -0.0300586 
v 0.506445 0.116474 -0.03274 
v 0.506445 0.114753 -0.0314314 
v 0.506445 0.118887 -0.0362986 
v 0.506445 0.117874 -0.0343881 
v 0.506445 0.119466 -0.0383822 
v 0.506445 0.0997291 -0.0383822 
v 0.506445 0.100308 -0.0362986 
v 0.506445 0.10272 -0.03274 
v 0.506445 0.101321 -0.0343881 
v 0.506445 0.109597 -0.03 
v 0.506445 0.108516 -0.0300586 
v 0.506445 0.104442 -0.0314314 
v 0.506445 0.106404 -0.0305235 
v 0.506445 0.109597 -0.01 
v 0.506445 0.111747 -0.00976621 
v 0.506445 0.113796 -0.00907575 
v 0.506445 0.115649 -0.00796093 
v 0.506445 0.107448 -0.00976621 
v 0.506445 0.103546 -0.00796093 
v 0.506445 0.105399 -0.00907575 
v 0.506445 0.117219 -0.00647386 
v 0.506445 0.101976 -0.00647386 
v 0.506445 0.118433 -0.00468408 
v 0.506445 0.175597 0.02 
v 0.506445 0.119583 -0.000541389 
v 0.506445 0.11279 0.00947653 
v 0.506445 0.110679 0.00994138 
v 0.506445 0.119466 0.00161782 
v 0.506445 0.119233 -0.00267528 
v 0.506445 0.0999619 -0.00267528 
v 0.506445 0.100762 -0.00468408 
v 0.506445 0.118887 0.00370138 
v 0.506445 0.117874 0.00561187 
v 0.506445 0.0996121 -0.000541389 
v 0.506445 0.114753 0.00856857 
v 0.506445 0.116474 0.00725995 
v 0.506445 0.100308 0.00370138 
v 0.506445 0.0997291 0.00161782 
v 0.506445 0.106404 0.00947653 
v 0.506445 0.104442 0.00856857 
v 0.506445 0.101321 0.00561187 
v 0.506445 0.10272 0.00725995 
v 0.506445 0.109597 0.01 
v 0.506445 0.108516 0.00994138 
v 0.506445 0.175597 0.06 
v 0.506445 0.119583 0.0394586 
v 0.506445 0.113796 0.0309242 
v 0.506445 0.115649 0.0320391 
v 0.506445 0.118887 0.0437014 
v 0.506445 0.117874 0.0456119 
v 0.506445 0.119466 0.0416178 
v 0.506445 0.118433 0.0353159 
v 0.506445 0.119233 0.0373247 
v 0.506445 0.117219 0.0335261 
v 0.506445 0.101976 0.0335261 
v 0.506445 0.103546 0.0320391 
v 0.506445 0.109597 0.03 
v 0.506445 0.111747 0.0302338 
v 0.506445 0.100762 0.0353159 
v 0.506445 0.0996121 0.0394586 
v 0.506445 0.0999619 0.0373247 
v 0.506445 0.0997291 0.0416178 
v 0.506445 0.11279 0.0494765 
v 0.506445 0.110679 0.0499414 
v 0.506445 0.100308 0.0437014 
v 0.506445 0.116474 0.04726 
v 0.506445 0.114753 0.0485686 
v 0.506445 0.105399 0.0309242 
v 0.506445 0.107448 0.0302338 
v 0.506445 0.10272 0.04726 
v 0.506445 0.101321 0.0456119 
v 0.506445 0.106404 0.0494765 
v 0.506445 0.104442 0.0485686 
v 0.506445 0.109597 0.05 
v 0.506445 0.108516 0.0499414 
v 0.506445 0.100762 0.0753159 
v 0.506445 0.101976 0.0735261 
v 0.506445 0.0996121 0.0794586 
v 0.506445 0.0999619 0.0773247 
v 0.506445 0.0997291 0.0816178 
v 0.506445 0.104442 0.0885686 
v 0.506445 0.10272 0.08726 
v 0.506445 0.117874 0.0856119 
v 0.506445 0.116474 0.08726 
v 0.506445 0.119583 0.0794586 
v 0.506445 0.109597 0.07 
v 0.506445 0.111747 0.0702338 
v 0.506445 0.100308 0.0837014 
v 0.506445 0.101321 0.0856119 
v 0.506445 0.11279 0.0894765 
v 0.506445 0.110679 0.0899414 
v 0.506445 0.118887 0.0837014 
v 0.506445 0.119466 0.0816178 
v 0.506445 0.118433 0.0753159 
v 0.506445 0.119233 0.0773247 
v 0.506445 0.115649 0.0720391 
v 0.506445 0.117219 0.0735261 
v 0.506445 0.105399 0.0709242 
v 0.506445 0.107448 0.0702338 
v 0.506445 0.106404 0.0894765 
v 0.506445 0.113796 0.0709242 
v 0.506445 0.103546 0.0720391 
v 0.506445 0.109597 0.09 
v 0.506445 0.108516 0.0899414 
v 0.506445 0.114753 0.0885686 
v 0.506445 0.0440974 -0.095 
v 0.506445 0.0440974 -0.06 
v 0.506445 0.0440974 -0.02 
v 0.506445 0.0440974 0.02 
v 0.506445 0.0440974 0.06 
v 0.506445 0.0895974 -0.06 
v 0.506445 0.0895974 -0.095 
v 0.506445 0.0895974 -0.02 
v 0.506445 0.0895974 0.02 
v 0.506445 0.0895974 0.06 
v 0.520445 0.161597 -0.102 
v 0.520445 0.161597 -0.06 
v 0.520445 0.110679 -0.0700586 
v 0.520445 0.105399 -0.0890758 
v 0.520445 0.103546 -0.0879609 
v 0.520445 0.118433 -0.0846841 
v 0.520445 0.117219 -0.0864739 
v 0.520445 0.119583 -0.0805414 
v 0.520445 0.119233 -0.0826753 
v 0.520445 0.119466 -0.0783822 
v 0.520445 0.114753 -0.0714314 
v 0.520445 0.116474 -0.07274 
v 0.520445 0.11279 -0.0705235 
v 0.520445 0.100762 -0.0846841 
v 0.520445 0.0999619 -0.0826753 
v 0.520445 0.107448 -0.0897662 
v 0.520445 0.118887 -0.0762986 
v 0.520445 0.10272 -0.07274 
v 0.520445 0.104442 -0.0714314 
v 0.520445 0.100308 -0.0762986 
v 0.520445 0.101321 -0.0743881 
v 0.520445 0.0996121 -0.0805414 
v 0.520445 0.101976 -0.0864739 
v 0.520445 0.109597 -0.09 
v 0.520445 0.111747 -0.0897662 
v 0.520445 0.115649 -0.0879609 
v 0.520445 0.113796 -0.0890758 
v 0.520445 0.117874 -0.0743881 
v 0.520445 0.106404 -0.0705235 
v 0.520445 0.108516 -0.0700586 
v 0.520445 0.0997291 -0.0783822 
v 0.520445 0.118433 -0.0446841 
v 0.520445 0.117219 -0.0464739 
v 0.520445 0.119583 -0.0405414 
v 0.520445 0.119233 -0.0426753 
v 0.520445 0.161597 -0.02 
v 0.520445 0.116474 -0.03274 
v 0.520445 0.117874 -0.0343881 
v 0.520445 0.11279 -0.0305235 
v 0.520445 0.114753 -0.0314314 
v 0.520445 0.110679 -0.0300586 
v 0.520445 0.100308 -0.0362986 
v 0.520445 0.101321 -0.0343881 
v 0.520445 0.115649 -0.0479609 
v 0.520445 0.113796 -0.0490758 
v 0.520445 0.119466 -0.0383822 
v 0.520445 0.108516 -0.0300586 
v 0.520445 0.104442 -0.0314314 
v 0.520445 0.106404 -0.0305235 
v 0.520445 0.10272 -0.03274 
v 0.520445 0.118887 -0.0362986 
v 0.520445 0.0996121 -0.0405414 
v 0.520445 0.100762 -0.0446841 
v 0.520445 0.0999619 -0.0426753 
v 0.520445 0.103546 -0.0479609 
v 0.520445 0.101976 -0.0464739 
v 0.520445 0.0997291 -0.0383822 
v 0.520445 0.111747 -0.0497662 
v 0.520445 0.107448 -0.0497662 
v 0.520445 0.105399 -0.0490758 
v 0.520445 0.109597 -0.05 
v 0.520445 0.161597 0.02 
v 0.520445 0.110679 0.00994138 
v 0.520445 0.111747 -0.00976621 
v 0.520445 0.117219 -0.00647386 
v 0.520445 0.115649 -0.00796093 
v 0.520445 0.108516 0.00994138 
v 0.520445 0.113796 -0.00907575 
v 0.520445 0.118433 -0.00468408 
v 0.520445 0.114753 0.00856857 
v 0.520445 0.116474 0.00725995 
v 0.520445 0.106404 0.00947653 
v 0.520445 0.101321 0.00561187 
v 0.520445 0.10272 0.00725995 
v 0.520445 0.105399 -0.00907575 
v 0.520445 0.103546 -0.00796093 
v 0.520445 0.119583 -0.000541389 
v 0.520445 0.119233 -0.00267528 
v 0.520445 0.119466 0.00161782 
v 0.520445 0.117874 0.00561187 
v 0.520445 0.11279 0.00947653 
v 0.520445 0.100308 0.00370138 
v 0.520445 0.0996121 -0.000541389 
v 0.520445 0.100762 -0.00468408 
v 0.520445 0.0999619 -0.00267528 
v 0.520445 0.101976 -0.00647386 
v 0.520445 0.118887 0.00370138 
v 0.520445 0.104442 0.00856857 
v 0.520445 0.0997291 0.00161782 
v 0.520445 0.109597 -0.01 
v 0.520445 0.107448 -0.00976621 
v 0.520445 0.117219 0.0335261 
v 0.520445 0.115649 0.0320391 
v 0.520445 0.118433 0.0353159 
v 0.520445 0.119583 0.0394586 
v 0.520445 0.119233 0.0373247 
v 0.520445 0.161597 0.06 
v 0.520445 0.119466 0.0416178 
v 0.520445 0.110679 0.0499414 
v 0.520445 0.101321 0.0456119 
v 0.520445 0.10272 0.04726 
v 0.520445 0.118887 0.0437014 
v 0.520445 0.114753 0.0485686 
v 0.520445 0.116474 0.04726 
v 0.520445 0.108516 0.0499414 
v 0.520445 0.100308 0.0437014 
v 0.520445 0.0996121 0.0394586 
v 0.520445 0.105399 0.0309242 
v 0.520445 0.103546 0.0320391 
v 0.520445 0.117874 0.0456119 
v 0.520445 0.106404 0.0494765 
v 0.520445 0.104442 0.0485686 
v 0.520445 0.0997291 0.0416178 
v 0.520445 0.100762 0.0353159 
v 0.520445 0.0999619 0.0373247 
v 0.520445 0.101976 0.0335261 
v 0.520445 0.11279 0.0494765 
v 0.520445 0.111747 0.0302338 
v 0.520445 0.113796 0.0309242 
v 0.520445 0.109597 0.03 
v 0.520445 0.107448 0.0302338 
v 0.520445 0.115649 0.0720391 
v 0.520445 0.113796 0.0709242 
v 0.520445 0.117219 0.0735261 
v 0.520445 0.110679 0.0899414 
v 0.520445 0.118433 0.0753159 
v 0.520445 0.119583 0.0794586 
v 0.520445 0.119233 0.0773247 
v 0.520445 0.119466 0.0816178 
v 0.520445 0.11279 0.0894765 
v 0.520445 0.106404 0.0894765 
v 0.520445 0.108516 0.0899414 
v 0.520445 0.10272 0.08726 
v 0.520445 0.104442 0.0885686 
v 0.520445 0.0996121 0.0794586 
v 0.520445 0.0997291 0.0816178 
v 0.520445 0.101976 0.0735261 
v 0.520445 0.100762 0.0753159 
v 0.520445 0.118887 0.0837014 
v 0.520445 0.116474 0.08726 
v 0.520445 0.117874 0.0856119 
v 0.520445 0.114753 0.0885686 
v 0.520445 0.100308 0.0837014 
v 0.520445 0.101321 0.0856119 
v 0.520445 0.0999619 0.0773247 
v 0.520445 0.105399 0.0709242 
v 0.520445 0.103546 0.0720391 
v 0.520445 0.107448 0.0702338 
v 0.520445 0.111747 0.0702338 
v 0.520445 0.109597 0.07 
v 0.520445 0.0747529 -0.0714314 
v 0.520445 0.0764744 -0.07274 
v 0.520445 0.0685162 -0.0700586 
v 0.520445 0.0727904 -0.0705235 
v 0.520445 0.0706786 -0.0700586 
v 0.520445 0.0784325 -0.0846841 
v 0.520445 0.077219 -0.0864739 
v 0.520445 0.0795827 -0.0805414 
v 0.520445 0.0792329 -0.0826753 
v 0.520445 0.0794657 -0.0783822 
v 0.520445 0.0778743 -0.0743881 
v 0.520445 0.0664044 -0.0705235 
v 0.520445 0.0627204 -0.07274 
v 0.520445 0.0644419 -0.0714314 
v 0.520445 0.0603076 -0.0762986 
v 0.520445 0.0613205 -0.0743881 
v 0.520445 0.0596121 -0.0805414 
v 0.520445 0.0788872 -0.0762986 
v 0.520445 0.0597291 -0.0783822 
v 0.520445 0.0619758 -0.0864739 
v 0.520445 0.0607623 -0.0846841 
v 0.520445 0.0756491 -0.0879609 
v 0.520445 0.0737963 -0.0890758 
v 0.520445 0.0599619 -0.0826753 
v 0.520445 0.0635457 -0.0879609 
v 0.520445 0.0674477 -0.0897662 
v 0.520445 0.0653985 -0.0890758 
v 0.520445 0.0695974 -0.09 
v 0.520445 0.0717471 -0.0897662 
v 0.520445 0.0764744 -0.03274 
v 0.520445 0.0778743 -0.0343881 
v 0.520445 0.0727904 -0.0305235 
v 0.520445 0.0747529 -0.0314314 
v 0.520445 0.0685162 -0.0300586 
v 0.520445 0.0784325 -0.0446841 
v 0.520445 0.077219 -0.0464739 
v 0.520445 0.0795827 -0.0405414 
v 0.520445 0.0792329 -0.0426753 
v 0.520445 0.0706786 -0.0300586 
v 0.520445 0.0756491 -0.0479609 
v 0.520445 0.0737963 -0.0490758 
v 0.520445 0.0794657 -0.0383822 
v 0.520445 0.0644419 -0.0314314 
v 0.520445 0.0664044 -0.0305235 
v 0.520445 0.0603076 -0.0362986 
v 0.520445 0.0613205 -0.0343881 
v 0.520445 0.0788872 -0.0362986 
v 0.520445 0.0627204 -0.03274 
v 0.520445 0.0596121 -0.0405414 
v 0.520445 0.0597291 -0.0383822 
v 0.520445 0.0607623 -0.0446841 
v 0.520445 0.0599619 -0.0426753 
v 0.520445 0.0635457 -0.0479609 
v 0.520445 0.0619758 -0.0464739 
v 0.520445 0.0717471 -0.0497662 
v 0.520445 0.0674477 -0.0497662 
v 0.520445 0.0653985 -0.0490758 
v 0.520445 0.0695974 -0.05 
v 0.520445 0.0685162 0.00994138 
v 0.520445 0.0706786 0.00994138 
v 0.520445 0.077219 -0.00647386 
v 0.520445 0.0756491 -0.00796093 
v 0.520445 0.0664044 0.00947653 
v 0.520445 0.0737963 -0.00907575 
v 0.520445 0.0717471 -0.00976621 
v 0.520445 0.0784325 -0.00468408 
v 0.520445 0.0747529 0.00856857 
v 0.520445 0.0764744 0.00725995 
v 0.520445 0.0727904 0.00947653 
v 0.520445 0.0795827 -0.000541389 
v 0.520445 0.0792329 -0.00267528 
v 0.520445 0.0794657 0.00161782 
v 0.520445 0.0778743 0.00561187 
v 0.520445 0.0644419 0.00856857 
v 0.520445 0.0613205 0.00561187 
v 0.520445 0.0627204 0.00725995 
v 0.520445 0.0788872 0.00370138 
v 0.520445 0.0603076 0.00370138 
v 0.520445 0.0635457 -0.00796093 
v 0.520445 0.0619758 -0.00647386 
v 0.520445 0.0695974 -0.01 
v 0.520445 0.0596121 -0.000541389 
v 0.520445 0.0653985 -0.00907575 
v 0.520445 0.0674477 -0.00976621 
v 0.520445 0.0597291 0.00161782 
v 0.520445 0.0607623 -0.00468408 
v 0.520445 0.0599619 -0.00267528 
v 0.520445 0.077219 0.0335261 
v 0.520445 0.0756491 0.0320391 
v 0.520445 0.0685162 0.0499414 
v 0.520445 0.0784325 0.0353159 
v 0.520445 0.0795827 0.0394586 
v 0.520445 0.0792329 0.0373247 
v 0.520445 0.0794657 0.0416178 
v 0.520445 0.0706786 0.0499414 
v 0.520445 0.0788872 0.0437014 
v 0.520445 0.0747529 0.0485686 
v 0.520445 0.0764744 0.04726 
v 0.520445 0.0664044 0.0494765 
v 0.520445 0.0778743 0.0456119 
v 0.520445 0.0727904 0.0494765 
v 0.520445 0.0613205 0.0456119 
v 0.520445 0.0627204 0.04726 
v 0.520445 0.0596121 0.0394586 
v 0.520445 0.0644419 0.0485686 
v 0.520445 0.0603076 0.0437014 
v 0.520445 0.0597291 0.0416178 
v 0.520445 0.0635457 0.0320391 
v 0.520445 0.0619758 0.0335261 
v 0.520445 0.0607623 0.0353159 
v 0.520445 0.0599619 0.0373247 
v 0.520445 0.0653985 0.0309242 
v 0.520445 0.0695974 0.03 
v 0.520445 0.0737963 0.0309242 
v 0.520445 0.0717471 0.0302338 
v 0.520445 0.0674477 0.0302338 
v 0.520445 0.0756491 0.0720391 
v 0.520445 0.0737963 0.0709242 
v 0.520445 0.0685162 0.0899414 
v 0.520445 0.077219 0.0735261 
v 0.520445 0.0764744 0.08726 
v 0.520445 0.0778743 0.0856119 
v 0.520445 0.0727904 0.0894765 
v 0.520445 0.0747529 0.0885686 
v 0.520445 0.0706786 0.0899414 
v 0.520445 0.0784325 0.0753159 
v 0.520445 0.0795827 0.0794586 
v 0.520445 0.0792329 0.0773247 
v 0.520445 0.0794657 0.0816178 
v 0.520445 0.0664044 0.0894765 
v 0.520445 0.0596121 0.0794586 
v 0.520445 0.0597291 0.0816178 
v 0.520445 0.0788872 0.0837014 
v 0.520445 0.0627204 0.08726 
v 0.520445 0.0644419 0.0885686 
v 0.520445 0.0599619 0.0773247 
v 0.520445 0.0619758 0.0735261 
v 0.520445 0.0607623 0.0753159 
v 0.520445 0.0653985 0.0709242 
v 0.520445 0.0635457 0.0720391 
v 0.520445 0.0603076 0.0837014 
v 0.520445 0.0613205 0.0856119 
v 0.520445 0.0674477 0.0702338 
v 0.520445 0.0717471 0.0702338 
v 0.520445 0.0695974 0.07 
v 0.520445 0.0895974 -0.102 
v 0.520445 0.0895974 -0.06 
v 0.520445 0.0895974 -0.02 
v 0.520445 0.0895974 0.02 
v 0.520445 0.0895974 0.06 
v 0.520445 0.0445974 -0.102 
v 0.520445 0.0445974 -0.06 
v 0.520445 0.0445974 -0.02 
v 0.520445 0.0445974 0.02 
v 0.520445 0.0445974 0.06 
v 0.537655 0.161597 -0.10903 
v 0.535309 0.161597 -0.117785 
v 0.538445 0.161597 -0.1 
v 0.538445 0.161597 0.1 
v 0.386445 0.161597 0.152 
v 0.377415 0.161597 0.15121 
v 0.486445 0.161597 0.152 
v 0.50423 0.161597 0.148864 
v 0.495475 0.161597 0.15121 
v 0.537655 0.161597 0.10903 
v 0.535309 0.161597 0.117785 
v 0.36866 0.161597 0.148864 
v 0.512445 0.161597 -0.145033 
v 0.51987 0.161597 -0.139834 
v 0.512445 0.161597 0.145033 
v 0.360445 0.161597 0.145033 
v 0.526279 0.161597 -0.133425 
v 0.531478 0.161597 -0.126 
v 0.531478 0.161597 0.126 
v 0.526279 0.161597 0.133425 
v 0.335235 0.161597 -0.10903 
v 0.337581 0.161597 -0.117785 
v 0.51987 0.161597 0.139834 
v 0.35302 0.161597 0.139834 
v 0.334445 0.161597 -0.1 
v 0.386445 0.161597 -0.152 
v 0.36866 0.161597 -0.148864 
v 0.377415 0.161597 -0.15121 
v 0.346611 0.161597 0.133425 
v 0.334445 0.161597 -0.08 
v 0.341412 0.161597 -0.126 
v 0.346611 0.161597 -0.133425 
v 0.486445 0.161597 -0.152 
v 0.495475 0.161597 -0.15121 
v 0.341412 0.161597 0.126 
v 0.337581 0.161597 0.117785 
v 0.335235 0.161597 0.10903 
v 0.35302 0.161597 -0.139834 
v 0.360445 0.161597 -0.145033 
v 0.50423 0.161597 -0.148864 
v 0.334445 0.161597 0.08 
v 0.310445 0.161597 0.08 
v 0.334445 0.161597 0.1 
v 0.310445 0.161597 -0.1 
v 0.310445 0.161597 -0.08 
v 0.310445 0.161597 0.1 
v 0.538445 0.175597 0.1 
v 0.538445 0.175597 -0.1 
v 0.341412 0.175597 0.126 
v 0.346611 0.175597 0.133425 
v 0.537655 0.175597 0.10903 
v 0.337581 0.175597 0.117785 
v 0.334445 0.175597 0.1 
v 0.335235 0.175597 0.10903 
v 0.537655 0.175597 -0.10903 
v 0.531478 0.175597 -0.126 
v 0.526279 0.175597 -0.133425 
v 0.51987 0.175597 -0.139834 
v 0.512445 0.175597 -0.145033 
v 0.531478 0.175597 0.126 
v 0.535309 0.175597 0.117785 
v 0.535309 0.175597 -0.117785 
v 0.50423 0.175597 -0.148864 
v 0.495475 0.175597 -0.15121 
v 0.486445 0.175597 -0.152 
v 0.334445 0.175597 0.08 
v 0.35302 0.175597 0.139834 
v 0.360445 0.175597 0.145033 
v 0.334445 0.175597 -0.08 
v 0.526279 0.175597 0.133425 
v 0.386445 0.175597 -0.152 
v 0.377415 0.175597 -0.15121 
v 0.36866 0.175597 -0.148864 
v 0.360445 0.175597 -0.145033 
v 0.36866 0.175597 0.148864 
v 0.51987 0.175597 0.139834 
v 0.341412 0.175597 -0.126 
v 0.337581 0.175597 -0.117785 
v 0.35302 0.175597 -0.139834 
v 0.346611 0.175597 -0.133425 
v 0.377415 0.175597 0.15121 
v 0.386445 0.175597 0.152 
v 0.495475 0.175597 0.15121 
v 0.50423 0.175597 0.148864 
v 0.512445 0.175597 0.145033 
v 0.335235 0.175597 -0.10903 
v 0.486445 0.175597 0.152 
v 0.310445 0.175597 0.1 
v 0.310445 0.175597 -0.08 
v 0.334445 0.175597 -0.1 
v 0.310445 0.175597 0.08 
v 0.310445 0.175597 -0.1 
v 0.32469 0.171908 0.1 
v 0.325349 0.171348 0.1 
v 0.318539 0.169457 0.1 
v 0.318815 0.170277 0.1 
v 0.318445 0.168597 0.1 
v 0.325872 0.17066 0.1 
v 0.322228 0.172592 0.1 
v 0.320571 0.172131 0.1 
v 0.321375 0.172452 0.1 
v 0.319261 0.171018 0.1 
v 0.319855 0.171646 0.1 
v 0.319261 0.166177 0.1 
v 0.318815 0.166918 0.1 
v 0.325872 0.166535 0.1 
v 0.325349 0.165847 0.1 
v 0.326236 0.169875 0.1 
v 0.326422 0.16903 0.1 
v 0.323926 0.172313 0.1 
v 0.318539 0.167738 0.1 
v 0.323092 0.16465 0.1 
v 0.322228 0.164603 0.1 
v 0.32469 0.165287 0.1 
v 0.326445 0.168597 0.1 
v 0.323092 0.172545 0.1 
v 0.320571 0.165063 0.1 
v 0.319855 0.165549 0.1 
v 0.321375 0.164743 0.1 
v 0.323926 0.164881 0.1 
v 0.326236 0.16732 0.1 
v 0.326422 0.168165 0.1 
v 0.325872 0.17066 0.08 
v 0.325349 0.171348 0.08 
v 0.326422 0.168165 0.08 
v 0.326236 0.169875 0.08 
v 0.326422 0.16903 0.08 
v 0.32469 0.165287 0.08 
v 0.325349 0.165847 0.08 
v 0.322228 0.172592 0.08 
v 0.321375 0.172452 0.08 
v 0.323092 0.172545 0.08 
v 0.32469 0.171908 0.08 
v 0.326236 0.16732 0.08 
v 0.323926 0.164881 0.08 
v 0.325872 0.166535 0.08 
v 0.322228 0.164603 0.08 
v 0.319261 0.171018 0.08 
v 0.318815 0.170277 0.08 
v 0.323926 0.172313 0.08 
v 0.323092 0.16465 0.08 
v 0.320571 0.165063 0.08 
v 0.321375 0.164743 0.08 
v 0.318539 0.169457 0.08 
v 0.320571 0.172131 0.08 
v 0.319855 0.171646 0.08 
v 0.318539 0.167738 0.08 
v 0.318815 0.166918 0.08 
v 0.318445 0.168597 0.08 
v 0.319261 0.166177 0.08 
v 0.319855 0.165549 0.08 
v 0.318539 0.169457 -0.08 
v 0.318815 0.170277 -0.08 
v 0.318445 0.168597 -0.08 
v 0.325872 0.166535 -0.08 
v 0.325349 0.165847 -0.08 
v 0.32469 0.171908 -0.08 
v 0.325349 0.171348 -0.08 
v 0.319261 0.171018 -0.08 
v 0.319855 0.171646 -0.08 
v 0.319261 0.166177 -0.08 
v 0.318815 0.166918 -0.08 
v 0.323092 0.16465 -0.08 
v 0.322228 0.164603 -0.08 
v 0.32469 0.165287 -0.08 
v 0.326422 0.16903 -0.08 
v 0.325872 0.17066 -0.08 
v 0.322228 0.172592 -0.08 
v 0.320571 0.172131 -0.08 
v 0.321375 0.172452 -0.08 
v 0.318539 0.167738 -0.08 
v 0.321375 0.164743 -0.08 
v 0.323926 0.164881 -0.08 
v 0.326236 0.16732 -0.08 
v 0.326422 0.168165 -0.08 
v 0.323926 0.172313 -0.08 
v 0.320571 0.165063 -0.08 
v 0.319855 0.165549 -0.08 
v 0.326236 0.169875 -0.08 
v 0.323092 0.172545 -0.08 
v 0.325872 0.17066 -0.1 
v 0.325349 0.171348 -0.1 
v 0.326422 0.168165 -0.1 
v 0.326236 0.169875 -0.1 
v 0.326422 0.16903 -0.1 
v 0.32469 0.165287 -0.1 
v 0.325349 0.165847 -0.1 
v 0.322228 0.172592 -0.1 
v 0.321375 0.172452 -0.1 
v 0.323092 0.172545 -0.1 
v 0.32469 0.171908 -0.1 
v 0.326236 0.16732 -0.1 
v 0.323926 0.164881 -0.1 
v 0.325872 0.166535 -0.1 
v 0.322228 0.164603 -0.1 
v 0.319261 0.171018 -0.1 
v 0.318815 0.170277 -0.1 
v 0.323926 0.172313 -0.1 
v 0.323092 0.16465 -0.1 
v 0.320571 0.165063 -0.1 
v 0.321375 0.164743 -0.1 
v 0.318539 0.169457 -0.1 
v 0.320571 0.172131 -0.1 
v 0.319855 0.171646 -0.1 
v 0.318539 0.167738 -0.1 
v 0.318815 0.166918 -0.1 
v 0.318445 0.168597 -0.1 
v 0.319261 0.166177 -0.1 
v 0.319855 0.165549 -0.1 
v 0.437321 0.0425974 0.100157 
v 0.438569 0.0425974 0.100616 
v 0.437321 0.0425974 0.0997437 
v 0.438569 0.0425974 0.10103 
v 0.435569 0.0425974 0.0997437 
v 0.435569 0.0425974 0.100157 
v 0.438982 0.0425974 0.102 
v 0.436652 0.0425974 0.102 
v 0.434321 0.0425974 0.100616 
v 0.434321 0.0425974 0.10103 
v 0.436652 0.0425974 0.104272 
v 0.438982 0.0425974 0.101587 
v 0.436238 0.0425974 0.104272 
v 0.433908 0.0425974 0.101587 
v 0.436238 0.0425974 0.102 
v 0.433908 0.0425974 0.102 
v 0.435569 0.0430974 0.0997437 
v 0.435569 0.0430974 0.100157 
v 0.437321 0.0430974 0.0997437 
v 0.437321 0.0430974 0.100157 
v 0.434321 0.0430974 0.100616 
v 0.434321 0.0430974 0.10103 
v 0.438569 0.0430974 0.100616 
v 0.438569 0.0430974 0.10103 
v 0.433908 0.0430974 0.102 
v 0.436238 0.0430974 0.102 
v 0.438982 0.0430974 0.101587 
v 0.436652 0.0430974 0.102 
v 0.436652 0.0430974 0.104272 
v 0.436238 0.0430974 0.104272 
v 0.433908 0.0430974 0.101587 
v 0.438982 0.0430974 0.102 
v 0.392652 0.0195974 0.137 
v 0.392238 0.0218692 0.137 
v 0.392652 0.0218692 0.137 
v 0.392238 0.0195974 0.137 
v 0.394982 0.0195974 0.137 
v 0.389908 0.019184 0.137 
v 0.389908 0.0195974 0.137 
v 0.390321 0.0186273 0.137 
v 0.394569 0.0186273 0.137 
v 0.394569 0.0182139 0.137 
v 0.394982 0.019184 0.137 
v 0.390321 0.0182139 0.137 
v 0.393321 0.0177545 0.137 
v 0.393321 0.0173411 0.137 
v 0.391569 0.0173411 0.137 
v 0.391569 0.0177545 0.137 
v 0.391569 0.0173411 0.1375 
v 0.393321 0.0173411 0.1375 
v 0.393321 0.0177545 0.1375 
v 0.391569 0.0177545 0.1375 
v 0.394982 0.019184 0.1375 
v 0.394982 0.0195974 0.1375 
v 0.389908 0.019184 0.1375 
v 0.392652 0.0195974 0.1375 
v 0.392238 0.0195974 0.1375 
v 0.392238 0.0218692 0.1375 
v 0.392652 0.0218692 0.1375 
v 0.389908 0.0195974 0.1375 
v 0.390321 0.0182139 0.1375 
v 0.394569 0.0182139 0.1375 
v 0.394569 0.0186273 0.1375 
v 0.390321 0.0186273 0.1375 
vn 0 -1 0 
vn 0 0 1 
vn -0.108767 0 0.994067 
vn -0.21497 0 0.976621 
vn -0.419889 0 0.907575 
vn -0.386908 0 0.922119 
vn -0.605174 0 0.796093 
vn -0.419889 0 0.907575 
vn -0.762162 0 0.647386 
vn -0.605174 0 0.796093 
vn -0.883512 0 0.468408 
vn -0.762162 0 0.647386 
vn -0.96355 0 0.267528 
vn -0.883512 0 0.468408 
vn -0.887156 0 0.46147 
vn -0.998533 0 0.0541389 
vn -0.96355 0 0.267528 
vn -0.991071 0 0.133333 
vn -0.998533 0 0.0541389 
vn -0.995817 0 -0.091373 
vn -0.986827 0 -0.161782 
vn -0.949038 0 -0.315162 
vn -0.928977 0 -0.370138 
vn -0.851247 0 -0.524766 
vn -0.827689 0 -0.561187 
vn -0.706983 0 -0.707231 
vn -0.687699 0 -0.725995 
vn -0.524525 0 -0.851395 
vn -0.515554 0 -0.856857 
vn -0.319302 0 -0.947653 
vn -0.108119 0 -0.994138 
vn -0.0913852 0 -0.995816 
vn 0.108119 0 -0.994138 
vn 0 0 -1 
vn 0.133333 0 -0.991071 
vn 0.319302 0 -0.947653 
vn 0.46147 0 -0.887156 
vn 0.515554 0 -0.856857 
vn 0.687699 0 -0.725995 
vn 0.827689 0 -0.561187 
vn 0.922119 0 -0.386908 
vn 0.928977 0 -0.370138 
vn 0.963366 0 -0.268189 
vn 0.986827 0 -0.161782 
vn 0.928961 0 -0.370178 
vn 0.998533 0 0.0541389 
vn 0.986827 0 -0.161782 
vn 0.998535 0 -0.054112 
vn 0.96355 0 0.267528 
vn 0.991071 0 0.133333 
vn 0.998533 0 0.0541389 
vn 0.883512 0 0.468408 
vn 0.762162 0 0.647386 
vn 0.605174 0 0.796093 
vn 0.419889 0 0.907575 
vn 0.21497 0 0.976621 
vn 0.133333 0 0.991071 
vn 0.96355 0 0.267528 
vn -0.113171 -0.81455 -0.568947 
vn -0.141198 -0.690053 -0.709852 
vn 0 -0.707007 -0.707207 
vn 1.16926e-15 -0.690053 -0.723759 
vn -0.221992 -0.81455 -0.535937 
vn -0.276971 -0.690053 -0.668666 
vn -0.322283 -0.81455 -0.48233 
vn -0.402099 -0.690053 -0.601783 
vn -0.410188 -0.81455 -0.410188 
vn -0.511775 -0.690053 -0.511775 
vn -0.48233 -0.81455 -0.322283 
vn -0.601783 -0.690053 -0.402099 
vn -0.535937 -0.81455 -0.221992 
vn -0.668666 -0.690053 -0.276971 
vn -0.568947 -0.81455 -0.113171 
vn -0.580094 -0.81455 1.44752e-15 
vn -0.707207 -0.707007 0 
vn -0.709852 -0.690053 -0.141198 
vn 0 -0.555471 -0.831536 
vn -0.164123 -0.540618 -0.825103 
vn 1.35911e-15 -0.540618 -0.841268 
vn -0.321939 -0.540618 -0.77723 
vn -0.467384 -0.540618 -0.699489 
vn -0.594866 -0.540618 -0.594866 
vn -0.699489 -0.540618 -0.467384 
vn -0.77723 -0.540618 -0.321939 
vn -0.831536 -0.555471 0 
vn -0.825103 -0.540618 -0.164123 
vn -0.723759 -0.690053 1.28397e-15 
vn 0 -0.382602 -0.923913 
vn -0.181117 -0.371646 -0.910536 
vn 1.49983e-15 -0.371646 -0.928375 
vn -0.355274 -0.371646 -0.857706 
vn -0.515777 -0.371646 -0.771915 
vn -0.65646 -0.371646 -0.65646 
vn -0.771915 -0.371646 -0.515777 
vn -0.857706 -0.371646 -0.355274 
vn -0.923913 -0.382602 0 
vn -0.910536 -0.371646 -0.181117 
vn -0.841268 -0.540618 1.71776e-15 
vn 0 -0.195042 -0.980795 
vn -0.191565 -0.189242 -0.963063 
vn 1.58635e-15 -0.189242 -0.98193 
vn -0.375768 -0.189242 -0.907185 
vn -0.545531 -0.189242 -0.816445 
vn -0.69433 -0.189242 -0.69433 
vn -0.816445 -0.189242 -0.545531 
vn -0.907185 -0.189242 -0.375768 
vn -0.980795 -0.195042 0 
vn -0.963063 -0.189242 -0.191565 
vn -0.928375 -0.371646 2.03931e-15 
vn 0 0 -1 
vn -0.19509 0 -0.980785 
vn -0.382683 0 -0.92388 
vn -0.55557 0 -0.83147 
vn -0.707107 0 -0.707107 
vn -0.83147 0 -0.55557 
vn -0.92388 0 -0.382683 
vn -0.980785 0 -0.19509 
vn -0.98193 -0.189242 2.23701e-15 
vn 0 -0.831391 -0.555688 
vn -0.00945537 -0.906173 -0.422802 
vn -0.0842317 -0.902252 -0.422902 
vn 9.37167e-16 -0.81455 -0.580094 
vn 0 -0.906758 -0.421652 
vn -0.0905446 -0.901688 -0.422802 
vn -0.169738 -0.898256 -0.40537 
vn -0.243333 -0.896052 -0.371321 
vn -0.246521 -0.896147 -0.368983 
vn -0.307887 -0.895188 -0.322248 
vn -0.314553 -0.895575 -0.314646 
vn -0.360383 -0.895708 -0.260445 
vn -0.368211 -0.896559 -0.246177 
vn -0.398366 -0.897585 -0.188802 
vn -0.404505 -0.89902 -0.167748 
vn -0.42006 -0.900723 -0.110668 
vn -0.42445 -0.904964 -0.0296979 
vn -0.421652 -0.906758 0 
vn -0.555688 -0.831391 0 
vn -0.421808 -0.902772 -0.084149 
vn -1 0 0 
vn -0.98193 -0.189242 0 
vn -0.980795 -0.195042 0 
vn -0.923913 -0.382602 0 
vn -0.928375 -0.371646 0 
vn -0.831536 -0.555471 0 
vn -0.841268 -0.540618 0 
vn -0.923913 -0.382602 0 
vn -0.707207 -0.707007 0 
vn -0.723759 -0.690053 0 
vn -0.555688 -0.831391 0 
vn -0.580094 -0.81455 0 
vn -0.707207 -0.707007 0 
vn -0.19509 -0.980785 0 
vn -0.13058 -0.991438 0 
vn -0.169381 -0.985551 0 
vn -0.130614 -0.991433 0 
vn -0.0501627 -0.998741 0 
vn -0.0905446 -0.995892 0 
vn -0.00945537 -0.999955 0 
vn -0.0907875 -0.99587 0 
vn 0 -1 0 
vn -0.05 -0.998749 0 
vn -0.19509 -0.980785 0 
vn -0.27694 -0.960887 0 
vn -0.207458 -0.978244 0 
vn -0.335811 -0.941929 0 
vn -0.382683 -0.92388 0 
vn -0.307887 -0.951423 0 
vn -0.360383 -0.932804 0 
vn -0.243333 -0.969943 0 
vn -0.381317 -0.924444 0 
vn -0.382683 -0.92388 0 
vn -0.411246 -0.911524 0 
vn -0.419488 -0.907761 0 
vn -0.555688 -0.831391 0 
vn -0.411331 -0.911486 0 
vn -0.398366 -0.917226 0 
vn -0.421652 -0.906758 0 
vn -1 1.73472e-16 0 
vn 0 0 1 
vn -0.0911099 0 0.995841 
vn -0.21497 0 0.976621 
vn -0.31494 0 0.949112 
vn -0.419889 0 0.907575 
vn -0.524624 0 0.851334 
vn -0.605174 0 0.796093 
vn -0.707196 0 0.707018 
vn -0.762162 0 0.647386 
vn -0.851454 0 0.524429 
vn -0.883512 0 0.468408 
vn -0.949165 0 0.31478 
vn -0.96355 0 0.267528 
vn -0.995849 0 0.0910192 
vn -0.998533 0 0.0541389 
vn -0.991071 0 -0.133333 
vn -0.986827 0 -0.161782 
vn -0.963323 0 -0.268343 
vn -0.928977 0 -0.370138 
vn -0.986837 0 -0.16172 
vn -0.887156 0 -0.46147 
vn -0.827689 0 -0.561187 
vn -0.687699 0 -0.725995 
vn -0.515554 0 -0.856857 
vn -0.386908 0 -0.922119 
vn -0.319368 0 -0.947631 
vn -0.108119 0 -0.994138 
vn -0.319302 0 -0.947653 
vn -0.214879 0 -0.976641 
vn 0 0 -1 
vn -0.000433898 0 -1 
vn 0.108119 0 -0.994138 
vn -0.108119 0 -0.994138 
vn 0.319302 0 -0.947653 
vn 0.108119 0 -0.994138 
vn 0.133333 0 -0.991071 
vn 0.515554 0 -0.856857 
vn 0.687699 0 -0.725995 
vn 0.827689 0 -0.561187 
vn 0.928977 0 -0.370138 
vn 0.986827 0 -0.161782 
vn 0.998533 0 0.0541389 
vn 0.991071 0 -0.133333 
vn 0.986701 0 0.162548 
vn 0.96355 0 0.267528 
vn 0.883512 0 0.468408 
vn 0.922119 0 0.386908 
vn 0.762162 0 0.647386 
vn 0.883512 0 0.468408 
vn 0.605174 0 0.796093 
vn 0.762162 0 0.647386 
vn 0.419889 0 0.907575 
vn 0.605174 0 0.796093 
vn 0.46147 0 0.887156 
vn 0.21497 0 0.976621 
vn 0.419959 0 0.907543 
vn 0.319411 0 0.947616 
vn 0.21497 0 0.976621 
vn 0.133333 0 0.991071 
vn 0.319302 0 -0.947653 
vn 0 -1 0 
vn -0.568947 -0.81455 0.113171 
vn -0.709852 -0.690053 0.141198 
vn -0.707207 -0.707007 -6.93889e-16 
vn -0.723759 -0.690053 -8.86349e-17 
vn -0.535937 -0.81455 0.221992 
vn -0.668666 -0.690053 0.276971 
vn -0.48233 -0.81455 0.322283 
vn -0.601783 -0.690053 0.402099 
vn -0.410188 -0.81455 0.410188 
vn -0.511775 -0.690053 0.511775 
vn -0.322283 -0.81455 0.48233 
vn -0.402099 -0.690053 0.601783 
vn -0.221992 -0.81455 0.535937 
vn -0.276971 -0.690053 0.668666 
vn -0.113171 -0.81455 0.568947 
vn -3.22017e-17 -0.81455 0.580094 
vn 0 -0.707007 0.707207 
vn -0.141198 -0.690053 0.709852 
vn -0.831536 -0.555471 -6.93889e-16 
vn -0.825103 -0.540618 0.164123 
vn -0.841268 -0.540618 -1.03026e-16 
vn -0.77723 -0.540618 0.321939 
vn -0.699489 -0.540618 0.467384 
vn -0.594866 -0.540618 0.594866 
vn -0.467384 -0.540618 0.699489 
vn -0.321939 -0.540618 0.77723 
vn 0 -0.555471 0.831536 
vn -0.164123 -0.540618 0.825103 
vn -4.01767e-17 -0.690053 0.723759 
vn -0.923913 -0.382602 -6.93889e-16 
vn -0.910536 -0.371646 0.181117 
vn -0.928375 -0.371646 -1.13693e-16 
vn -0.857706 -0.371646 0.355274 
vn -0.771915 -0.371646 0.515777 
vn -0.65646 -0.371646 0.65646 
vn -0.515777 -0.371646 0.771915 
vn -0.355274 -0.371646 0.857706 
vn 0 -0.382602 0.923913 
vn -0.181117 -0.371646 0.910536 
vn -4.66998e-17 -0.540618 0.841268 
vn -0.980795 -0.195042 -6.93889e-16 
vn -0.963063 -0.189242 0.191565 
vn -0.98193 -0.189242 -1.20252e-16 
vn -0.907185 -0.189242 0.375768 
vn -0.816445 -0.189242 0.545531 
vn -0.69433 -0.189242 0.69433 
vn -0.545531 -0.189242 0.816445 
vn -0.375768 -0.189242 0.907185 
vn 0 -0.195042 0.980795 
vn -0.191565 -0.189242 0.963063 
vn -5.15351e-17 -0.371646 0.928375 
vn -1 0 0 
vn -0.980785 0 0.19509 
vn -0.92388 0 0.382683 
vn -0.83147 0 0.55557 
vn -0.707107 0 0.707107 
vn -0.55557 0 0.83147 
vn -0.382683 0 0.92388 
vn -0.19509 0 0.980785 
vn -5.45081e-17 -0.189242 0.98193 
vn -0.555688 -0.831391 -6.93889e-16 
vn -0.421652 -0.906758 0 
vn -0.42445 -0.902718 0.0703021 
vn -0.580094 -0.81455 -7.1041e-17 
vn -0.422399 -0.902504 0.084058 
vn -0.411331 -0.899005 0.150323 
vn -0.404701 -0.89895 0.167652 
vn -0.381317 -0.896481 0.225653 
vn -0.367982 -0.896739 0.245865 
vn -0.335811 -0.895275 0.29277 
vn -0.313983 -0.89603 0.313917 
vn -0.27694 -0.895448 0.348535 
vn -0.245792 -0.896876 0.367696 
vn -0.207458 -0.896992 0.390341 
vn -0.167549 -0.899209 0.404166 
vn -0.130614 -0.899828 0.416233 
vn -0.05 -0.903811 0.425 
vn 0 -0.906758 0.421652 
vn 0 -0.831391 0.555688 
vn -0.0840384 -0.902859 0.421644 
vn 0 0 1 
vn -1 0 0 
vn -0.19509 0 0.980785 
vn -0.382683 0 0.92388 
vn -0.55557 0 0.83147 
vn -0.707107 0 0.707107 
vn -0.83147 0 0.55557 
vn -0.92388 0 0.382683 
vn -0.980785 0 0.19509 
vn -1 0 0 
vn 0 1.73472e-16 1 
vn 0 -0.189242 0.98193 
vn 0 -0.19509 0.980785 
vn 0 -0.195042 0.980795 
vn 0 -0.371646 0.928375 
vn 0 -0.382683 0.92388 
vn 0 -0.382602 0.923913 
vn 0 -0.540618 0.841268 
vn 0 -0.55557 0.83147 
vn 0 -0.555471 0.831536 
vn 0 -0.690053 0.723759 
vn 0 -0.707107 0.707107 
vn 0 -0.707007 0.707207 
vn 0 -0.81455 0.580094 
vn 0 -0.83147 0.55557 
vn 0 -0.921026 0.389501 
vn 0 -0.92388 0.382683 
vn 0 -0.831391 0.555688 
vn 0 -0.914159 0.405356 
vn 0 -0.906758 0.421652 
vn 0 -0.909258 0.416233 
vn 0 -0.92388 0.382683 
vn 0 -0.974208 0.225653 
vn 0 -0.980785 0.19509 
vn 0 -0.956183 0.29277 
vn 0 -0.937296 0.348535 
vn 0 -0.980785 0.19509 
vn 0 -0.993825 0.110956 
vn 0 -0.997526 0.0703021 
vn 0 -0.988637 0.150323 
vn 0 -1 -1.20043e-12 
vn -1 -1.9386e-16 0 
vn -0.980785 0 -0.19509 
vn -0.92388 0 -0.382683 
vn -0.83147 0 -0.55557 
vn -0.707107 0 -0.707107 
vn -0.55557 0 -0.83147 
vn -0.382683 0 -0.92388 
vn -0.19509 0 -0.980785 
vn 0 0 -1 
vn 0 -0.195042 -0.980795 
vn 0 -0.189242 -0.98193 
vn 0 1.73472e-16 -1 
vn 0 -0.382602 -0.923913 
vn 0 -0.371646 -0.928375 
vn 0 -0.195042 -0.980795 
vn 0 -0.555471 -0.831536 
vn 0 -0.540618 -0.841268 
vn 0 -0.707007 -0.707207 
vn 0 -0.690053 -0.723759 
vn 0 -0.555471 -0.831536 
vn 0 -0.831391 -0.555688 
vn 0 -0.81455 -0.580094 
vn 0 -0.707007 -0.707207 
vn 0 -0.92388 -0.382683 
vn 0 -0.914153 -0.40537 
vn 0 -0.906758 -0.421652 
vn 0 -0.946655 -0.322248 
vn 0 -0.928504 -0.371321 
vn 0 -0.965489 -0.260445 
vn 0 -0.980786 -0.195084 
vn 0 -0.980785 -0.19509 
vn 0 -0.965489 -0.260445 
vn 0 -0.946655 -0.322248 
vn 0 -0.928504 -0.371321 
vn 0 -1 0 
vn 0 -0.997526 -0.0703014 
vn 0 -0.999556 -0.0297801 
vn 0 -0.982015 -0.188802 
vn 0 -0.988621 -0.150427 
vn 0 -0.993857 -0.110668 
vn 0 -0.988599 -0.150571 
vn 0 -0.982034 -0.188705 
vn 0 -0.997526 -0.070292 
vn 0 -0.993857 -0.110668 
vn 0 -0.999559 -0.0296979 
vn 0 -1 0 
vn 0 -0.906758 -0.421652 
vn 0 0 -1 
vn 0.19509 0 -0.980785 
vn 0.382683 0 -0.92388 
vn 0.55557 0 -0.83147 
vn 0.707107 0 -0.707107 
vn 0.83147 0 -0.55557 
vn 0.92388 0 -0.382683 
vn 0.980785 0 -0.19509 
vn 1 0 0 
vn 0.568947 -0.81455 -0.113171 
vn 0.709852 -0.690053 -0.141198 
vn 0.707207 -0.707007 0 
vn 0.723759 -0.690053 0 
vn 0.535937 -0.81455 -0.221992 
vn 0.668666 -0.690053 -0.276971 
vn 0.48233 -0.81455 -0.322283 
vn 0.601783 -0.690053 -0.402099 
vn 0.410188 -0.81455 -0.410188 
vn 0.511775 -0.690053 -0.511775 
vn 0.322283 -0.81455 -0.48233 
vn 0.402099 -0.690053 -0.601783 
vn 0.221992 -0.81455 -0.535937 
vn 0.276971 -0.690053 -0.668666 
vn 0.113171 -0.81455 -0.568947 
vn -3.70319e-16 -0.81455 -0.580094 
vn -6.93889e-16 -0.707007 -0.707207 
vn 0.141198 -0.690053 -0.709852 
vn 0.831536 -0.555471 0 
vn 0.825103 -0.540618 -0.164123 
vn 0.841268 -0.540618 0 
vn 0.77723 -0.540618 -0.321939 
vn 0.699489 -0.540618 -0.467384 
vn 0.594866 -0.540618 -0.594866 
vn 0.467384 -0.540618 -0.699489 
vn 0.321939 -0.540618 -0.77723 
vn -6.93889e-16 -0.555471 -0.831536 
vn 0.164123 -0.540618 -0.825103 
vn -4.62032e-16 -0.690053 -0.723759 
vn 0.923913 -0.382602 0 
vn 0.910536 -0.371646 -0.181117 
vn 0.928375 -0.371646 0 
vn 0.857706 -0.371646 -0.355274 
vn 0.771915 -0.371646 -0.515777 
vn 0.65646 -0.371646 -0.65646 
vn 0.515777 -0.371646 -0.771915 
vn 0.355274 -0.371646 -0.857706 
vn -6.93889e-16 -0.382602 -0.923913 
vn 0.181117 -0.371646 -0.910536 
vn -5.37047e-16 -0.540618 -0.841268 
vn 0.980795 -0.195042 0 
vn 0.963063 -0.189242 -0.191565 
vn 0.98193 -0.189242 0 
vn 0.907185 -0.189242 -0.375768 
vn 0.816445 -0.189242 -0.545531 
vn 0.69433 -0.189242 -0.69433 
vn 0.545531 -0.189242 -0.816445 
vn 0.375768 -0.189242 -0.907185 
vn -6.93889e-16 -0.195042 -0.980795 
vn 0.191565 -0.189242 -0.963063 
vn -5.92654e-16 -0.371646 -0.928375 
vn 1 0 0 
vn 0.980785 0 -0.19509 
vn 0.92388 0 -0.382683 
vn 0.83147 0 -0.55557 
vn 0.707107 0 -0.707107 
vn 0.55557 0 -0.83147 
vn 0.382683 0 -0.92388 
vn 0.19509 0 -0.980785 
vn -6.26843e-16 -0.189242 -0.98193 
vn 0.580094 -0.81455 0 
vn 0.42445 -0.904964 -0.0296979 
vn 0.555688 -0.831391 0 
vn 0.421652 -0.906758 0 
vn 0.42006 -0.900723 -0.110668 
vn 0.421808 -0.902772 -0.084149 
vn 0.398366 -0.897585 -0.188802 
vn 0.404505 -0.89902 -0.167748 
vn 0.360383 -0.895708 -0.260445 
vn 0.368211 -0.896559 -0.246177 
vn 0.307887 -0.895188 -0.322248 
vn 0.314553 -0.895575 -0.314646 
vn 0.243333 -0.896052 -0.371321 
vn 0.169738 -0.898256 -0.40537 
vn 0.168101 -0.898388 -0.40576 
vn 0.0905446 -0.901688 -0.422802 
vn -6.93889e-16 -0.831391 -0.555688 
vn 0.0842317 -0.902252 -0.422902 
vn 0.00945537 -0.906173 -0.422802 
vn 0 -0.906758 -0.421652 
vn 0 0 -1 
vn 0.96355 0 0.267528 
vn 0.887156 0 0.46147 
vn 0.883512 0 0.468408 
vn 0.96355 0 0.267528 
vn 0.762162 0 0.647386 
vn 0.605174 0 0.796093 
vn 0.419889 0 0.907575 
vn 0.386908 0 0.922119 
vn 0.21497 0 0.976621 
vn 0 0 1 
vn 0.108668 0 0.994078 
vn -0.133333 0 0.991071 
vn -0.21497 0 0.976621 
vn -0.419889 0 0.907575 
vn -0.605174 0 0.796093 
vn -0.762162 0 0.647386 
vn -0.883512 0 0.468408 
vn -0.96355 0 0.267528 
vn -0.991071 0 0.133333 
vn -0.998533 0 0.0541389 
vn -0.99853 0 0.054201 
vn -0.998534 0 -0.0541372 
vn -0.986827 0 -0.161782 
vn -0.928977 0 -0.370138 
vn -0.963473 0 -0.267806 
vn -0.921869 0 -0.387501 
vn -0.827689 0 -0.561187 
vn -0.687699 0 -0.725995 
vn -0.515554 0 -0.856857 
vn -0.319302 0 -0.947653 
vn -0.46147 0 -0.887156 
vn -0.108119 0 -0.994138 
vn -0.319302 0 -0.947653 
vn -0.133333 0 -0.991071 
vn -0.108119 0 -0.994138 
vn 0.0913852 0 -0.995816 
vn 0 0 -1 
vn 0.108119 0 -0.994138 
vn 0.319302 0 -0.947653 
vn 0.315055 0 -0.949073 
vn 0.515554 0 -0.856857 
vn 0.319302 0 -0.947653 
vn 0.687699 0 -0.725995 
vn 0.515554 0 -0.856857 
vn 0.827689 0 -0.561187 
vn 0.706983 0 -0.707231 
vn 0.687699 0 -0.725995 
vn 0.928977 0 -0.370138 
vn 0.851247 0 -0.524766 
vn 0.827689 0 -0.561187 
vn 0.986827 0 -0.161782 
vn 0.949038 0 -0.315162 
vn 0.928977 0 -0.370138 
vn 0.998533 0 0.0541389 
vn 0.995817 0 -0.091373 
vn 0.986827 0 -0.161782 
vn 0.991071 0 0.133333 
vn 0.998533 0 0.0541389 
vn -0.21497 0 0.976621 
vn 0 -1 0 
vn 0.980795 -0.195042 0 
vn 0.98193 -0.189242 0 
vn 1 1.73472e-16 0 
vn 0.923913 -0.382602 0 
vn 0.928375 -0.371646 0 
vn 0.980795 -0.195042 0 
vn 0.831536 -0.555471 0 
vn 0.841268 -0.540618 0 
vn 0.923913 -0.382602 0 
vn 0.707207 -0.707007 0 
vn 0.723759 -0.690053 0 
vn 0.831536 -0.555471 0 
vn 0.555688 -0.831391 0 
vn 0.580094 -0.81455 0 
vn 0.707207 -0.707007 0 
vn 0.555688 -0.831391 0 
vn 0.382683 -0.92388 0 
vn 0.396525 -0.918024 0 
vn 0.411286 -0.911506 0 
vn 0.421652 -0.906758 0 
vn 0.42006 -0.907496 0 
vn 0.411331 -0.911486 0 
vn 0.335811 -0.941929 0 
vn 0.381317 -0.924444 0 
vn 0.207458 -0.978244 0 
vn 0.243333 -0.969943 0 
vn 0.19509 -0.980785 0 
vn 0.27694 -0.960887 0 
vn 0.307887 -0.951423 0 
vn 0.360383 -0.932804 0 
vn 0.05 -0.998749 0 
vn 0.0907506 -0.995874 0 
vn 0 -1 0 
vn 0.0500216 -0.998748 0 
vn 0.00949166 -0.999955 0 
vn 0.169738 -0.985489 0 
vn 0.13084 -0.991404 0 
vn 0.0905446 -0.995892 0 
vn 0 -1 0 
vn 0.130614 -0.991433 0 
vn 0.421652 -0.906758 0 
vn 0 -1 0 
vn 0 -0.19509 0.980785 
vn 0 -0.195042 0.980795 
vn 0 -0.189242 0.98193 
vn 0 1.73472e-16 1 
vn 0 -0.382683 0.92388 
vn 0 -0.382602 0.923913 
vn 0 -0.371646 0.928375 
vn 0 -0.55557 0.83147 
vn 0 -0.555471 0.831536 
vn 0 -0.540618 0.841268 
vn 0 -0.707107 0.707107 
vn 0 -0.707007 0.707207 
vn 0 -0.690053 0.723759 
vn 0 -0.83147 0.55557 
vn 0 -0.81455 0.580094 
vn 0 -0.831391 0.555688 
vn 0 -0.980785 0.19509 
vn 0 -0.997526 0.0703021 
vn 0 -0.99386 0.110645 
vn 0 -0.988637 0.150323 
vn 0 -1 1.63966e-12 
vn 0 -0.92388 0.382683 
vn 0 -0.980785 0.19509 
vn 0 -0.974208 0.225653 
vn 0 -0.956183 0.29277 
vn 0 -0.937296 0.348535 
vn 0 -0.914154 0.405367 
vn 0 -0.909999 0.41461 
vn 0 -0.92067 0.390341 
vn 0 -0.923879 0.382685 
vn 0 -0.906758 0.421652 
vn 0 1.73472e-16 1 
vn 1 0 0 
vn 0.96355 0 0.267528 
vn 0.998533 0 0.0541389 
vn 0.995849 0 0.0910192 
vn 0.883512 0 0.468408 
vn 0.949165 0 0.31478 
vn 0.96355 0 0.267528 
vn 0.762162 0 0.647386 
vn 0.851454 0 0.524429 
vn 0.883512 0 0.468408 
vn 0.605174 0 0.796093 
vn 0.707196 0 0.707018 
vn 0.762162 0 0.647386 
vn 0.419889 0 0.907575 
vn 0.524624 0 0.851334 
vn 0.605174 0 0.796093 
vn 0.21497 0 0.976621 
vn 0.31494 0 0.949112 
vn 0.419889 0 0.907575 
vn 0 0 1 
vn 0.0911099 0 0.995841 
vn 0.21497 0 0.976621 
vn -0.133333 0 0.991071 
vn -0.214915 0 0.976633 
vn 0 0 1 
vn -0.21497 0 0.976621 
vn -0.319321 0 0.947646 
vn -0.419889 0 0.907575 
vn -0.455684 0 0.890142 
vn -0.605174 0 0.796093 
vn -0.762162 0 0.647386 
vn -0.883512 0 0.468408 
vn -0.922119 0 0.386908 
vn -0.96355 0 0.267528 
vn -0.998533 0 0.0541389 
vn -0.986837 0 0.16172 
vn -0.991071 0 -0.133333 
vn -0.986827 0 -0.161782 
vn -0.928977 0 -0.370138 
vn -0.827689 0 -0.561187 
vn -0.687699 0 -0.725995 
vn -0.515554 0 -0.856857 
vn -0.319302 0 -0.947653 
vn -0.133333 0 -0.991071 
vn -0.108119 0 -0.994138 
vn 0.108119 0 -0.994138 
vn 0 0 -1 
vn 5.77295e-05 0 -1 
vn -0.108176 0 -0.994132 
vn 0.108119 0 -0.994138 
vn 0.215573 0 -0.976488 
vn 0.319302 0 -0.947653 
vn 0.515554 0 -0.856857 
vn 0.386908 0 -0.922119 
vn 0.687699 0 -0.725995 
vn 0.515554 0 -0.856857 
vn 0.827689 0 -0.561187 
vn 0.687699 0 -0.725995 
vn 0.928977 0 -0.370138 
vn 0.827689 0 -0.561187 
vn 0.887156 0 -0.46147 
vn 0.986827 0 -0.161782 
vn 0.928969 0 -0.370157 
vn 0.96343 0 -0.267962 
vn 0.991071 0 -0.133333 
vn 0.986827 0 -0.161782 
vn -0.986827 0 -0.161782 
vn 0 -1 0 
vn 0.113171 -0.81455 0.568947 
vn 0.141198 -0.690053 0.709852 
vn 6.93889e-16 -0.707007 0.707207 
vn -1.32952e-16 -0.690053 0.723759 
vn 0.221992 -0.81455 0.535937 
vn 0.276971 -0.690053 0.668666 
vn 0.322283 -0.81455 0.48233 
vn 0.402099 -0.690053 0.601783 
vn 0.410188 -0.81455 0.410188 
vn 0.511775 -0.690053 0.511775 
vn 0.48233 -0.81455 0.322283 
vn 0.601783 -0.690053 0.402099 
vn 0.535937 -0.81455 0.221992 
vn 0.668666 -0.690053 0.276971 
vn 0.568947 -0.81455 0.113171 
vn 0.580094 -0.81455 -3.70319e-16 
vn 0.707207 -0.707007 -6.93889e-16 
vn 0.709852 -0.690053 0.141198 
vn 6.93889e-16 -0.555471 0.831536 
vn 0.164123 -0.540618 0.825103 
vn -1.54538e-16 -0.540618 0.841268 
vn 0.321939 -0.540618 0.77723 
vn 0.467384 -0.540618 0.699489 
vn 0.594866 -0.540618 0.594866 
vn 0.699489 -0.540618 0.467384 
vn 0.77723 -0.540618 0.321939 
vn 0.831536 -0.555471 -6.93889e-16 
vn 0.825103 -0.540618 0.164123 
vn 0.723759 -0.690053 -4.62032e-16 
vn 6.93889e-16 -0.382602 0.923913 
vn 0.181117 -0.371646 0.910536 
vn -1.7054e-16 -0.371646 0.928375 
vn 0.355274 -0.371646 0.857706 
vn 0.515777 -0.371646 0.771915 
vn 0.65646 -0.371646 0.65646 
vn 0.771915 -0.371646 0.515777 
vn 0.857706 -0.371646 0.355274 
vn 0.923913 -0.382602 -6.93889e-16 
vn 0.910536 -0.371646 0.181117 
vn 0.841268 -0.540618 -5.37047e-16 
vn 6.93889e-16 -0.195042 0.980795 
vn 0.191565 -0.189242 0.963063 
vn -1.80378e-16 -0.189242 0.98193 
vn 0.375768 -0.189242 0.907185 
vn 0.545531 -0.189242 0.816445 
vn 0.69433 -0.189242 0.69433 
vn 0.816445 -0.189242 0.545531 
vn 0.907185 -0.189242 0.375768 
vn 0.980795 -0.195042 -6.93889e-16 
vn 0.963063 -0.189242 0.191565 
vn 0.928375 -0.371646 -5.92654e-16 
vn 0 0 1 
vn 0.19509 0 0.980785 
vn 0.382683 0 0.92388 
vn 0.55557 0 0.83147 
vn 0.707107 0 0.707107 
vn 0.83147 0 0.55557 
vn 0.92388 0 0.382683 
vn 0.980785 0 0.19509 
vn 0.98193 -0.189242 -6.26843e-16 
vn -1.06561e-16 -0.81455 0.580094 
vn 0.05 -0.903811 0.425 
vn 6.93889e-16 -0.831391 0.555688 
vn 0 -0.906758 0.421652 
vn 0.130614 -0.899828 0.416233 
vn 0.0840384 -0.902859 0.421644 
vn 0.207458 -0.896992 0.390341 
vn 0.167549 -0.899209 0.404166 
vn 0.27694 -0.895448 0.348535 
vn 0.245792 -0.896876 0.367696 
vn 0.335811 -0.895275 0.29277 
vn 0.313983 -0.89603 0.313917 
vn 0.381317 -0.896481 0.225653 
vn 0.367982 -0.896739 0.245865 
vn 0.411331 -0.899005 0.150323 
vn 0.404701 -0.89895 0.167652 
vn 0.555688 -0.831391 -6.93889e-16 
vn 0.42445 -0.902718 0.0703021 
vn 0.421652 -0.906758 0 
vn 0.422399 -0.902504 0.084058 
vn 1 0 0 
vn 0.980785 0 0.19509 
vn 0.92388 0 0.382683 
vn 0.83147 0 0.55557 
vn 0.707107 0 0.707107 
vn 0.55557 0 0.83147 
vn 0.382683 0 0.92388 
vn 0.19509 0 0.980785 
vn 0 0 1 
vn 1 0 0 
vn -1 0 0 
vn -0.5 0.866025 0 
vn 0.5 0.866025 0 
vn 1 0 0 
vn 0.5 -0.866025 0 
vn -0.5 -0.866025 0 
vn 0 0 1 
vn -1 0 0 
vn -0.976621 0.21497 0 
vn -0.907575 0.419889 0 
vn -0.796093 0.605174 0 
vn -0.647386 0.762162 0 
vn -0.468408 0.883512 0 
vn -0.267528 0.96355 0 
vn -0.0541389 0.998533 0 
vn 0.161782 0.986827 0 
vn 0.370138 0.928977 0 
vn 0.561187 0.827689 0 
vn 0.725995 0.687699 0 
vn 0.856857 0.515554 0 
vn 0.947653 0.319302 0 
vn 0.994138 0.108119 0 
vn 0.994138 -0.108119 0 
vn 1 0 0 
vn 0.994138 0.108119 0 
vn 0.947653 -0.319302 0 
vn 0.856857 -0.515554 0 
vn 0.725995 -0.687699 0 
vn 0.561187 -0.827689 0 
vn 0.370138 -0.928977 0 
vn 0.161782 -0.986827 0 
vn -0.0541389 -0.998533 0 
vn -0.267528 -0.96355 0 
vn -0.468408 -0.883512 0 
vn -0.647386 -0.762162 0 
vn -0.796093 -0.605174 0 
vn -0.907575 -0.419889 0 
vn -0.976621 -0.21497 0 
vn 0 0 1 
vn 0.976621 0.21497 0 
vn 1 2.44929e-16 0 
vn 0.907575 0.419889 0 
vn 0.976621 0.21497 0 
vn 0.796093 0.605174 0 
vn 0.907575 0.419889 0 
vn 0.647386 0.762162 0 
vn 0.796093 0.605174 0 
vn 0.468408 0.883512 0 
vn 0.647386 0.762162 0 
vn 0.267528 0.96355 0 
vn 0.468408 0.883512 0 
vn 0.0541389 0.998533 0 
vn 0.267528 0.96355 0 
vn -0.161782 0.986827 0 
vn 0.0541389 0.998533 0 
vn -0.370138 0.928977 0 
vn -0.161782 0.986827 0 
vn -0.561187 0.827689 0 
vn -0.370138 0.928977 0 
vn -0.725995 0.687699 0 
vn -0.561187 0.827689 0 
vn -0.856857 0.515554 0 
vn -0.725995 0.687699 0 
vn -0.947653 0.319302 0 
vn -0.856857 0.515554 0 
vn -0.994138 0.108119 0 
vn -0.947653 0.319302 0 
vn -0.994138 -0.108119 0 
vn -1 -5.78241e-16 0 
vn -0.994138 0.108119 0 
vn -0.947653 -0.319302 0 
vn -0.856857 -0.515554 0 
vn -0.725995 -0.687699 0 
vn -0.561187 -0.827689 0 
vn -0.370138 -0.928977 0 
vn -0.161782 -0.986827 0 
vn 0.0541389 -0.998533 0 
vn 0.267528 -0.96355 0 
vn 0.468408 -0.883512 0 
vn 0.647386 -0.762162 0 
vn 0.796093 -0.605174 0 
vn 0.907575 -0.419889 0 
vn 0.976621 -0.21497 0 
vn -0.976621 0.21497 0 
vn -1 0 0 
vn -0.907575 0.419889 0 
vn -0.976621 0.21497 0 
vn -0.796093 0.605174 0 
vn -0.907575 0.419889 0 
vn -0.647386 0.762162 0 
vn -0.796093 0.605174 0 
vn -0.468408 0.883512 0 
vn -0.647386 0.762162 0 
vn -0.267528 0.96355 0 
vn -0.468408 0.883512 0 
vn -0.0541389 0.998533 0 
vn -0.267528 0.96355 0 
vn 0.161782 0.986827 0 
vn -0.0541389 0.998533 0 
vn 0.370138 0.928977 0 
vn 0.161782 0.986827 0 
vn 0.561187 0.827689 0 
vn 0.370138 0.928977 0 
vn 0.725995 0.687699 0 
vn 0.561187 0.827689 0 
vn 0.856857 0.515554 0 
vn 0.725995 0.687699 0 
vn 0.947653 0.319302 0 
vn 0.856857 0.515554 0 
vn 0.994138 0.108119 0 
vn 0.947653 0.319302 0 
vn 0.994138 -0.108119 0 
vn 1 0 0 
vn 0.994138 0.108119 0 
vn 0.947653 -0.319302 0 
vn 0.994138 -0.108119 0 
vn 0.856857 -0.515554 0 
vn 0.947653 -0.319302 0 
vn 0.725995 -0.687699 0 
vn 0.856857 -0.515554 0 
vn 0.561187 -0.827689 0 
vn 0.725995 -0.687699 0 
vn 0.370138 -0.928977 0 
vn 0.561187 -0.827689 0 
vn 0.161782 -0.986827 0 
vn 0.370138 -0.928977 0 
vn -0.0541389 -0.998533 0 
vn 0.161782 -0.986827 0 
vn -0.267528 -0.96355 0 
vn -0.0541389 -0.998533 0 
vn -0.468408 -0.883512 0 
vn -0.267528 -0.96355 0 
vn -0.647386 -0.762162 0 
vn -0.468408 -0.883512 0 
vn -0.796093 -0.605174 0 
vn -0.647386 -0.762162 0 
vn -0.907575 -0.419889 0 
vn -0.796093 -0.605174 0 
vn -0.976621 -0.21497 0 
vn -0.907575 -0.419889 0 
vn 0 0 -1 
vn 1 0 0 
vn -1 0 0 
vn 0.978148 0 -0.207912 
vn 0.913545 0 -0.406737 
vn 0.809017 0 -0.587785 
vn 0.669131 0 -0.743145 
vn 0.5 0 -0.866025 
vn 0.309017 0 -0.951057 
vn 0.104528 0 -0.994522 
vn -0.104528 0 -0.994522 
vn -0.309017 0 -0.951057 
vn -0.5 0 -0.866025 
vn -0.669131 0 -0.743145 
vn -0.809017 0 -0.587785 
vn -0.913545 0 -0.406737 
vn -0.978148 0 -0.207912 
vn -1 0 0 
vn 0 0.19509 -0.980785 
vn 0 0 -1 
vn 0 0.382683 -0.92388 
vn 0 0.19509 -0.980785 
vn 0 0.55557 -0.83147 
vn 0 0.382683 -0.92388 
vn 0 0.707107 -0.707107 
vn 0 0.55557 -0.83147 
vn 0 0.83147 -0.55557 
vn 0 0.707107 -0.707107 
vn 0 0.92388 -0.382683 
vn 0 0.83147 -0.55557 
vn 0 0.980785 -0.19509 
vn 0 0.92388 -0.382683 
vn 0 1 0 
vn 0 0.980785 -0.19509 
vn 0.0380602 0.980785 -0.191342 
vn 2.34326e-17 1 -5.65713e-17 
vn 0.0746578 0.980785 -0.18024 
vn 0.108386 0.980785 -0.162212 
vn 4.32978e-17 1 -4.32978e-17 
vn 0.13795 0.980785 -0.13795 
vn 0.162212 0.980785 -0.108386 
vn 5.65713e-17 1 -2.34326e-17 
vn 0.18024 0.980785 -0.0746578 
vn 0.191342 0.980785 -0.0380602 
vn 0 1 0 
vn 0.19509 0.980785 -1.08297e-17 
vn -2.38917e-17 0.980785 -0.19509 
vn 0.0746578 0.92388 -0.37533 
vn 0.146447 0.92388 -0.353553 
vn 0.212608 0.92388 -0.31819 
vn 0.270598 0.92388 -0.270598 
vn 0.31819 0.92388 -0.212608 
vn 0.353553 0.92388 -0.146447 
vn 0.37533 0.92388 -0.0746578 
vn 0.382683 0.92388 -2.12432e-17 
vn -4.68652e-17 0.92388 -0.382683 
vn 0.108386 0.83147 -0.544895 
vn 0.212608 0.83147 -0.51328 
vn 0.308658 0.83147 -0.46194 
vn 0.392847 0.83147 -0.392847 
vn 0.46194 0.83147 -0.308658 
vn 0.51328 0.83147 -0.212608 
vn 0.544895 0.83147 -0.108386 
vn 0.55557 0.83147 -3.08403e-17 
vn -6.80377e-17 0.83147 -0.55557 
vn 0.13795 0.707107 -0.69352 
vn 0.270598 0.707107 -0.653281 
vn 0.392847 0.707107 -0.587938 
vn 0.5 0.707107 -0.5 
vn 0.587938 0.707107 -0.392847 
vn 0.653281 0.707107 -0.270598 
vn 0.69352 0.707107 -0.13795 
vn 0.707107 0.707107 -3.92523e-17 
vn -8.65956e-17 0.707107 -0.707107 
vn 0.162212 0.55557 -0.815493 
vn 0.31819 0.55557 -0.768178 
vn 0.46194 0.55557 -0.691342 
vn 0.587938 0.55557 -0.587938 
vn 0.691342 0.55557 -0.46194 
vn 0.768178 0.55557 -0.31819 
vn 0.815493 0.55557 -0.162212 
vn 0.83147 0.55557 -4.61558e-17 
vn -1.01826e-16 0.55557 -0.83147 
vn 0.18024 0.382683 -0.906127 
vn 0.353553 0.382683 -0.853553 
vn 0.51328 0.382683 -0.768178 
vn 0.653281 0.382683 -0.653281 
vn 0.768178 0.382683 -0.51328 
vn 0.853553 0.382683 -0.353553 
vn 0.906127 0.382683 -0.18024 
vn 0.92388 0.382683 -5.12856e-17 
vn -1.13143e-16 0.382683 -0.92388 
vn 0.191342 0.19509 -0.96194 
vn 0.37533 0.19509 -0.906127 
vn 0.544895 0.19509 -0.815493 
vn 0.69352 0.19509 -0.69352 
vn 0.815493 0.19509 -0.544895 
vn 0.906127 0.19509 -0.37533 
vn 0.96194 0.19509 -0.191342 
vn 0.980785 0.19509 -5.44445e-17 
vn -1.20112e-16 0.19509 -0.980785 
vn 0.19509 0 -0.980785 
vn 0.382683 0 -0.92388 
vn 0.55557 0 -0.83147 
vn 0.707107 0 -0.707107 
vn 0.83147 0 -0.55557 
vn 0.92388 0 -0.382683 
vn 0.980785 0 -0.19509 
vn 1 0 0 
vn 0 0 -1 
vn 0.19509 0 -0.980785 
vn 0.382683 0 -0.92388 
vn 0.55557 0 -0.83147 
vn 0.707107 0 -0.707107 
vn 0.83147 0 -0.55557 
vn 0.92388 0 -0.382683 
vn 0.980785 0 -0.19509 
vn 1 0 0 
vn 0.980785 0.19509 0 
vn 0.92388 0.382683 0 
vn 0.83147 0.55557 0 
vn 0.707107 0.707107 0 
vn 0.55557 0.83147 0 
vn 0.382683 0.92388 0 
vn 0.19509 0.980785 0 
vn 0 1 0 
vn 1 0 0 
vn 0.191342 0.980785 0.0380602 
vn 5.65713e-17 1 2.34326e-17 
vn 0.18024 0.980785 0.0746578 
vn 0.162212 0.980785 0.108386 
vn 4.32978e-17 1 4.32978e-17 
vn 0.13795 0.980785 0.13795 
vn 0.108386 0.980785 0.162212 
vn 2.34326e-17 1 5.65713e-17 
vn 0.0746578 0.980785 0.18024 
vn 0.0380602 0.980785 0.191342 
vn 0 1 0 
vn 1.08297e-17 0.980785 0.19509 
vn 0.19509 0.980785 -3.58375e-17 
vn 0.37533 0.92388 0.0746578 
vn 0.353553 0.92388 0.146447 
vn 0.31819 0.92388 0.212608 
vn 0.270598 0.92388 0.270598 
vn 0.212608 0.92388 0.31819 
vn 0.146447 0.92388 0.353553 
vn 0.0746578 0.92388 0.37533 
vn 2.12432e-17 0.92388 0.382683 
vn 0.382683 0.92388 -7.02978e-17 
vn 0.544895 0.83147 0.108386 
vn 0.51328 0.83147 0.212608 
vn 0.46194 0.83147 0.308658 
vn 0.392847 0.83147 0.392847 
vn 0.308658 0.83147 0.46194 
vn 0.212608 0.83147 0.51328 
vn 0.108386 0.83147 0.544895 
vn 3.08403e-17 0.83147 0.55557 
vn 0.55557 0.83147 -1.02057e-16 
vn 0.69352 0.707107 0.13795 
vn 0.653281 0.707107 0.270598 
vn 0.587938 0.707107 0.392847 
vn 0.5 0.707107 0.5 
vn 0.392847 0.707107 0.587938 
vn 0.270598 0.707107 0.653281 
vn 0.13795 0.707107 0.69352 
vn 3.92523e-17 0.707107 0.707107 
vn 0.707107 0.707107 -1.29893e-16 
vn 0.815493 0.55557 0.162212 
vn 0.768178 0.55557 0.31819 
vn 0.691342 0.55557 0.46194 
vn 0.587938 0.55557 0.587938 
vn 0.46194 0.55557 0.691342 
vn 0.31819 0.55557 0.768178 
vn 0.162212 0.55557 0.815493 
vn 4.61558e-17 0.55557 0.83147 
vn 0.83147 0.55557 -1.52738e-16 
vn 0.906127 0.382683 0.18024 
vn 0.853553 0.382683 0.353553 
vn 0.768178 0.382683 0.51328 
vn 0.653281 0.382683 0.653281 
vn 0.51328 0.382683 0.768178 
vn 0.353553 0.382683 0.853553 
vn 0.18024 0.382683 0.906127 
vn 5.12856e-17 0.382683 0.92388 
vn 0.92388 0.382683 -1.69714e-16 
vn 0.96194 0.19509 0.191342 
vn 0.906127 0.19509 0.37533 
vn 0.815493 0.19509 0.544895 
vn 0.69352 0.19509 0.69352 
vn 0.544895 0.19509 0.815493 
vn 0.37533 0.19509 0.906127 
vn 0.191342 0.19509 0.96194 
vn 5.44445e-17 0.19509 0.980785 
vn 0.980785 0.19509 -1.80167e-16 
vn 0.980785 0 0.19509 
vn 0.92388 0 0.382683 
vn 0.83147 0 0.55557 
vn 0.707107 0 0.707107 
vn 0.55557 0 0.83147 
vn 0.382683 0 0.92388 
vn 0.19509 0 0.980785 
vn 0 0 1 
vn 1 0 0 
vn 0.980785 0 0.19509 
vn 0.92388 0 0.382683 
vn 0.83147 0 0.55557 
vn 0.707107 0 0.707107 
vn 0.55557 0 0.83147 
vn 0.382683 0 0.92388 
vn 0.19509 0 0.980785 
vn 0 0 1 
vn 0 0.19509 0.980785 
vn 0 0.382683 0.92388 
vn 0 0.55557 0.83147 
vn 0 0.707107 0.707107 
vn 0 0.83147 0.55557 
vn 0 0.92388 0.382683 
vn 0 0.980785 0.19509 
vn 0 1 0 
vn 0 0 1 
vn -0.0380602 0.980785 0.191342 
vn -2.34326e-17 1 5.65713e-17 
vn -0.0746578 0.980785 0.18024 
vn -0.108386 0.980785 0.162212 
vn -4.32978e-17 1 4.32978e-17 
vn -0.13795 0.980785 0.13795 
vn -0.162212 0.980785 0.108386 
vn -5.65713e-17 1 2.34326e-17 
vn -0.18024 0.980785 0.0746578 
vn -0.191342 0.980785 0.0380602 
vn 0 1 0 
vn -0.19509 0.980785 1.08297e-17 
vn 0 0.980785 0.19509 
vn -0.0746578 0.92388 0.37533 
vn -0.146447 0.92388 0.353553 
vn -0.212608 0.92388 0.31819 
vn -0.270598 0.92388 0.270598 
vn -0.31819 0.92388 0.212608 
vn -0.353553 0.92388 0.146447 
vn -0.37533 0.92388 0.0746578 
vn -0.382683 0.92388 2.12432e-17 
vn 0 0.92388 0.382683 
vn -0.108386 0.83147 0.544895 
vn -0.212608 0.83147 0.51328 
vn -0.308658 0.83147 0.46194 
vn -0.392847 0.83147 0.392847 
vn -0.46194 0.83147 0.308658 
vn -0.51328 0.83147 0.212608 
vn -0.544895 0.83147 0.108386 
vn -0.55557 0.83147 3.08403e-17 
vn 0 0.83147 0.55557 
vn -0.13795 0.707107 0.69352 
vn -0.270598 0.707107 0.653281 
vn -0.392847 0.707107 0.587938 
vn -0.5 0.707107 0.5 
vn -0.587938 0.707107 0.392847 
vn -0.653281 0.707107 0.270598 
vn -0.69352 0.707107 0.13795 
vn -0.707107 0.707107 3.92523e-17 
vn 0 0.707107 0.707107 
vn -0.162212 0.55557 0.815493 
vn -0.31819 0.55557 0.768178 
vn -0.46194 0.55557 0.691342 
vn -0.587938 0.55557 0.587938 
vn -0.691342 0.55557 0.46194 
vn -0.768178 0.55557 0.31819 
vn -0.815493 0.55557 0.162212 
vn -0.83147 0.55557 4.61558e-17 
vn 0 0.55557 0.83147 
vn -0.18024 0.382683 0.906127 
vn -0.353553 0.382683 0.853553 
vn -0.51328 0.382683 0.768178 
vn -0.653281 0.382683 0.653281 
vn -0.768178 0.382683 0.51328 
vn -0.853553 0.382683 0.353553 
vn -0.906127 0.382683 0.18024 
vn -0.92388 0.382683 5.12856e-17 
vn 0 0.382683 0.92388 
vn -0.191342 0.19509 0.96194 
vn -0.37533 0.19509 0.906127 
vn -0.544895 0.19509 0.815493 
vn -0.69352 0.19509 0.69352 
vn -0.815493 0.19509 0.544895 
vn -0.906127 0.19509 0.37533 
vn -0.96194 0.19509 0.191342 
vn -0.980785 0.19509 5.44445e-17 
vn 0 0.19509 0.980785 
vn -0.19509 0 0.980785 
vn -0.382683 0 0.92388 
vn -0.55557 0 0.83147 
vn -0.707107 0 0.707107 
vn -0.83147 0 0.55557 
vn -0.92388 0 0.382683 
vn -0.980785 0 0.19509 
vn -1 0 0 
vn 0 0 1 
vn -0.19509 0 0.980785 
vn -0.382683 0 0.92388 
vn -0.55557 0 0.83147 
vn -0.707107 0 0.707107 
vn -0.83147 0 0.55557 
vn -0.92388 0 0.382683 
vn -0.980785 0 0.19509 
vn -1 0 0 
vn -0.980785 0.19509 0 
vn -0.92388 0.382683 0 
vn -0.83147 0.55557 0 
vn -0.707107 0.707107 0 
vn -0.55557 0.83147 0 
vn -0.382683 0.92388 0 
vn -0.19509 0.980785 0 
vn 0 1 0 
vn -1 0 0 
vn -0.191342 0.980785 -0.0380602 
vn -5.65713e-17 1 -2.34326e-17 
vn -0.18024 0.980785 -0.0746578 
vn -0.162212 0.980785 -0.108386 
vn -4.32978e-17 1 -4.32978e-17 
vn -0.13795 0.980785 -0.13795 
vn -0.108386 0.980785 -0.162212 
vn -2.34326e-17 1 -5.65713e-17 
vn -0.0746578 0.980785 -0.18024 
vn -0.0380602 0.980785 -0.191342 
vn 0 1 0 
vn -1.08297e-17 0.980785 -0.19509 
vn -0.19509 0.980785 1.19458e-17 
vn -0.37533 0.92388 -0.0746578 
vn -0.353553 0.92388 -0.146447 
vn -0.31819 0.92388 -0.212608 
vn -0.270598 0.92388 -0.270598 
vn -0.212608 0.92388 -0.31819 
vn -0.146447 0.92388 -0.353553 
vn -0.0746578 0.92388 -0.37533 
vn -2.12432e-17 0.92388 -0.382683 
vn -0.382683 0.92388 2.34326e-17 
vn -0.544895 0.83147 -0.108386 
vn -0.51328 0.83147 -0.212608 
vn -0.46194 0.83147 -0.308658 
vn -0.392847 0.83147 -0.392847 
vn -0.308658 0.83147 -0.46194 
vn -0.212608 0.83147 -0.51328 
vn -0.108386 0.83147 -0.544895 
vn -3.08403e-17 0.83147 -0.55557 
vn -0.55557 0.83147 3.40189e-17 
vn -0.69352 0.707107 -0.13795 
vn -0.653281 0.707107 -0.270598 
vn -0.587938 0.707107 -0.392847 
vn -0.5 0.707107 -0.5 
vn -0.392847 0.707107 -0.587938 
vn -0.270598 0.707107 -0.653281 
vn -0.13795 0.707107 -0.69352 
vn -3.92523e-17 0.707107 -0.707107 
vn -0.707107 0.707107 4.32978e-17 
vn -0.815493 0.55557 -0.162212 
vn -0.768178 0.55557 -0.31819 
vn -0.691342 0.55557 -0.46194 
vn -0.587938 0.55557 -0.587938 
vn -0.46194 0.55557 -0.691342 
vn -0.31819 0.55557 -0.768178 
vn -0.162212 0.55557 -0.815493 
vn -4.61558e-17 0.55557 -0.83147 
vn -0.83147 0.55557 5.09128e-17 
vn -0.906127 0.382683 -0.18024 
vn -0.853553 0.382683 -0.353553 
vn -0.768178 0.382683 -0.51328 
vn -0.653281 0.382683 -0.653281 
vn -0.51328 0.382683 -0.768178 
vn -0.353553 0.382683 -0.853553 
vn -0.18024 0.382683 -0.906127 
vn -5.12856e-17 0.382683 -0.92388 
vn -0.92388 0.382683 5.65713e-17 
vn -0.96194 0.19509 -0.191342 
vn -0.906127 0.19509 -0.37533 
vn -0.815493 0.19509 -0.544895 
vn -0.69352 0.19509 -0.69352 
vn -0.544895 0.19509 -0.815493 
vn -0.37533 0.19509 -0.906127 
vn -0.191342 0.19509 -0.96194 
vn -5.44445e-17 0.19509 -0.980785 
vn -0.980785 0.19509 6.00558e-17 
vn -0.980785 0 -0.19509 
vn -0.92388 0 -0.382683 
vn -0.83147 0 -0.55557 
vn -0.707107 0 -0.707107 
vn -0.55557 0 -0.83147 
vn -0.382683 0 -0.92388 
vn -0.19509 0 -0.980785 
vn 0 0 -1 
vn -1 0 0 
vn -0.980785 0 -0.19509 
vn -0.92388 0 -0.382683 
vn -0.83147 0 -0.55557 
vn -0.707107 0 -0.707107 
vn -0.55557 0 -0.83147 
vn -0.382683 0 -0.92388 
vn -0.19509 0 -0.980785 
vn 0 0 -1 
vn -1 0 0 
vn 0 0.19509 -0.980785 
vn 0 0 -1 
vn 0 0.382683 -0.92388 
vn 0 0.19509 -0.980785 
vn 0 0.55557 -0.83147 
vn 0 0.382683 -0.92388 
vn 0 0.707107 -0.707107 
vn 0 0.55557 -0.83147 
vn 0 0.83147 -0.55557 
vn 0 0.707107 -0.707107 
vn 0 0.92388 -0.382683 
vn 0 0.83147 -0.55557 
vn 0 0.980785 -0.19509 
vn 0 0.92388 -0.382683 
vn 0 1 0 
vn 0 0.980785 -0.19509 
vn 0 0 -1 
vn 0.21497 0 -0.976621 
vn 0.419889 0 -0.907575 
vn 0.605174 0 -0.796093 
vn 0.762162 0 -0.647386 
vn 0.883512 0 -0.468408 
vn 0.96355 0 -0.267528 
vn 0.998533 0 -0.0541389 
vn 0.986827 0 0.161782 
vn 0.928977 0 0.370138 
vn 0.827689 0 0.561187 
vn 0.687699 0 0.725995 
vn 0.515554 0 0.856857 
vn 0.319302 0 0.947653 
vn 0.108119 0 0.994138 
vn -0.108119 0 0.994138 
vn 0 0 1 
vn -0.319302 0 0.947653 
vn -0.515554 0 0.856857 
vn -0.687699 0 0.725995 
vn -0.827689 0 0.561187 
vn -0.928977 0 0.370138 
vn -0.986827 0 0.161782 
vn -0.998533 0 -0.0541389 
vn -0.96355 0 -0.267528 
vn -0.883512 0 -0.468408 
vn -0.762162 0 -0.647386 
vn -0.605174 0 -0.796093 
vn -0.419889 0 -0.907575 
vn -0.21497 0 -0.976621 
vn 0 0 -1 
vn 0.21497 0 -0.976621 
vn 0.419889 0 -0.907575 
vn 0.605174 0 -0.796093 
vn 0.762162 0 -0.647386 
vn 0.883512 0 -0.468408 
vn 0.96355 0 -0.267528 
vn 0.998533 0 -0.0541389 
vn 0.986827 0 0.161782 
vn 0.928977 0 0.370138 
vn 0.827689 0 0.561187 
vn 0.687699 0 0.725995 
vn 0.515554 0 0.856857 
vn 0.319302 0 0.947653 
vn 0.108119 0 0.994138 
vn -0.108119 0 0.994138 
vn 0 0 1 
vn -0.319302 0 0.947653 
vn -0.515554 0 0.856857 
vn -0.687699 0 0.725995 
vn -0.827689 0 0.561187 
vn -0.928977 0 0.370138 
vn -0.986827 0 0.161782 
vn -0.998533 0 -0.0541389 
vn -0.96355 0 -0.267528 
vn -0.883512 0 -0.468408 
vn -0.762162 0 -0.647386 
vn -0.605174 0 -0.796093 
vn -0.419889 0 -0.907575 
vn -0.21497 0 -0.976621 
vn 0 0 -1 
vn 0.21497 0 -0.976621 
vn 0.419889 0 -0.907575 
vn 0.605174 0 -0.796093 
vn 0.762162 0 -0.647386 
vn 0.883512 0 -0.468408 
vn 0.96355 0 -0.267528 
vn 0.998533 0 -0.0541389 
vn 0.986827 0 0.161782 
vn 0.928977 0 0.370138 
vn 0.827689 0 0.561187 
vn 0.687699 0 0.725995 
vn 0.515554 0 0.856857 
vn 0.319302 0 0.947653 
vn 0.108119 0 0.994138 
vn -0.108119 0 0.994138 
vn 0 0 1 
vn -0.319302 0 0.947653 
vn -0.515554 0 0.856857 
vn -0.687699 0 0.725995 
vn -0.827689 0 0.561187 
vn -0.928977 0 0.370138 
vn -0.986827 0 0.161782 
vn -0.998533 0 -0.0541389 
vn -0.96355 0 -0.267528 
vn -0.883512 0 -0.468408 
vn -0.762162 0 -0.647386 
vn -0.605174 0 -0.796093 
vn -0.419889 0 -0.907575 
vn -0.21497 0 -0.976621 
vn 0 0 -1 
vn 0.21497 0 -0.976621 
vn 0.419889 0 -0.907575 
vn 0.605174 0 -0.796093 
vn 0.762162 0 -0.647386 
vn 0.883512 0 -0.468408 
vn 0.96355 0 -0.267528 
vn 0.998533 0 -0.0541389 
vn 0.986827 0 0.161782 
vn 0.928977 0 0.370138 
vn 0.827689 0 0.561187 
vn 0.687699 0 0.725995 
vn 0.515554 0 0.856857 
vn 0.319302 0 0.947653 
vn 0.108119 0 0.994138 
vn -0.108119 0 0.994138 
vn 0 0 1 
vn -0.319302 0 0.947653 
vn -0.515554 0 0.856857 
vn -0.687699 0 0.725995 
vn -0.827689 0 0.561187 
vn -0.928977 0 0.370138 
vn -0.986827 0 0.161782 
vn -0.998533 0 -0.0541389 
vn -0.96355 0 -0.267528 
vn -0.883512 0 -0.468408 
vn -0.762162 0 -0.647386 
vn -0.605174 0 -0.796093 
vn -0.419889 0 -0.907575 
vn -0.21497 0 -0.976621 
vn 0 1 0 
vn -0.5 0 0.866025 
vn -1 0 0 
vn -0.5 0 -0.866025 
vn 0.5 0 -0.866025 
vn 1 0 -1.50231e-16 
vn 0.5 0 0.866025 
vn 0 1 0 
vn 0 0 -1 
vn 0.21497 0 -0.976621 
vn 0.419889 0 -0.907575 
vn 0.605174 0 -0.796093 
vn 0.762162 0 -0.647386 
vn 0.883512 0 -0.468408 
vn 0.96355 0 -0.267528 
vn 0.998533 0 -0.0541389 
vn 0.986827 0 0.161782 
vn 0.928977 0 0.370138 
vn 0.827689 0 0.561187 
vn 0.687699 0 0.725995 
vn 0.515554 0 0.856857 
vn 0.319302 0 0.947653 
vn 0.108119 0 0.994138 
vn -0.108119 0 0.994138 
vn 1.22465e-16 0 1 
vn 0.108119 0 0.994138 
vn -0.319302 0 0.947653 
vn -0.515554 0 0.856857 
vn -0.687699 0 0.725995 
vn -0.827689 0 0.561187 
vn -0.928977 0 0.370138 
vn -0.986827 0 0.161782 
vn -0.998533 0 -0.0541389 
vn -0.96355 0 -0.267528 
vn -0.883512 0 -0.468408 
vn -0.762162 0 -0.647386 
vn -0.605174 0 -0.796093 
vn -0.419889 0 -0.907575 
vn -0.21497 0 -0.976621 
vn 0 1 0 
vn 0.21497 0 0.976621 
vn 2.44929e-16 0 1 
vn 0.419889 0 0.907575 
vn 0.21497 0 0.976621 
vn 0.605174 0 0.796093 
vn 0.419889 0 0.907575 
vn 0.762162 0 0.647386 
vn 0.605174 0 0.796093 
vn 0.883512 0 0.468408 
vn 0.762162 0 0.647386 
vn 0.96355 0 0.267528 
vn 0.883512 0 0.468408 
vn 0.998533 0 0.0541389 
vn 0.96355 0 0.267528 
vn 0.986827 0 -0.161782 
vn 0.998533 0 0.0541389 
vn 0.928977 0 -0.370138 
vn 0.986827 0 -0.161782 
vn 0.827689 0 -0.561187 
vn 0.928977 0 -0.370138 
vn 0.687699 0 -0.725995 
vn 0.827689 0 -0.561187 
vn 0.515554 0 -0.856857 
vn 0.687699 0 -0.725995 
vn 0.319302 0 -0.947653 
vn 0.515554 0 -0.856857 
vn 0.108119 0 -0.994138 
vn 0.319302 0 -0.947653 
vn -0.108119 0 -0.994138 
vn -5.66554e-16 0 -1 
vn 0.108119 0 -0.994138 
vn -0.319302 0 -0.947653 
vn -0.515554 0 -0.856857 
vn -0.687699 0 -0.725995 
vn -0.827689 0 -0.561187 
vn -0.928977 0 -0.370138 
vn -0.986827 0 -0.161782 
vn -0.998533 0 0.0541389 
vn -0.96355 0 0.267528 
vn -0.883512 0 0.468408 
vn -0.762162 0 0.647386 
vn -0.605174 0 0.796093 
vn -0.419889 0 0.907575 
vn -0.21497 0 0.976621 
vn 0 -1 0 
vn 0 0 1 
vn 0 1 0 
vn -1 0 0 
vn 0 0 1 
vn 1 0 0 
vn -1 0 0 
vn 0 0 -1 
vn 1 0 0 
vn -1 0 0 
vn 0 0.21497 0.976621 
vn 0 0 1 
vn 0 0.419889 0.907575 
vn 0 0.21497 0.976621 
vn 0 0.605174 0.796093 
vn 0 0.419889 0.907575 
vn 0 0.762162 0.647386 
vn 0 0.605174 0.796093 
vn 0 0.883512 0.468408 
vn 0 0.762162 0.647386 
vn 0 0.96355 0.267528 
vn 0 0.883512 0.468408 
vn 0 0.998533 0.0541389 
vn 0 0.96355 0.267528 
vn 0 0.986827 -0.161782 
vn 0 0.998533 0.0541389 
vn 0 0.928977 -0.370138 
vn 0 0.986827 -0.161782 
vn 0 0.827689 -0.561187 
vn 0 0.928977 -0.370138 
vn 0 0.687699 -0.725995 
vn 0 0.827689 -0.561187 
vn 0 0.515554 -0.856857 
vn 0 0.687699 -0.725995 
vn 0 0.319302 -0.947653 
vn 0 0.515554 -0.856857 
vn 0 0.108119 -0.994138 
vn 0 0.319302 -0.947653 
vn 0 -0.108119 -0.994138 
vn 0 0 -1 
vn 0 0.108119 -0.994138 
vn 0 -0.319302 -0.947653 
vn 0 -0.108119 -0.994138 
vn 0 -0.515554 -0.856857 
vn 0 -0.319302 -0.947653 
vn 0 -0.687699 -0.725995 
vn 0 -0.515554 -0.856857 
vn 0 -0.827689 -0.561187 
vn 0 -0.687699 -0.725995 
vn 0 -0.928977 -0.370138 
vn 0 -0.827689 -0.561187 
vn 0 -0.986827 -0.161782 
vn 0 -0.928977 -0.370138 
vn 0 -0.998533 0.0541389 
vn 0 -0.986827 -0.161782 
vn 0 -0.96355 0.267528 
vn 0 -0.998533 0.0541389 
vn 0 -0.883512 0.468408 
vn 0 -0.96355 0.267528 
vn 0 -0.762162 0.647386 
vn 0 -0.883512 0.468408 
vn 0 -0.605174 0.796093 
vn 0 -0.762162 0.647386 
vn 0 -0.419889 0.907575 
vn 0 -0.605174 0.796093 
vn 0 -0.21497 0.976621 
vn 0 -0.419889 0.907575 
vn 0 0.21497 0.976621 
vn 0 0 1 
vn 0 0.419889 0.907575 
vn 0 0.21497 0.976621 
vn 0 0.605174 0.796093 
vn 0 0.419889 0.907575 
vn 0 0.762162 0.647386 
vn 0 0.605174 0.796093 
vn 0 0.883512 0.468408 
vn 0 0.762162 0.647386 
vn 0 0.96355 0.267528 
vn 0 0.883512 0.468408 
vn 0 0.998533 0.0541389 
vn 0 0.96355 0.267528 
vn 0 0.986827 -0.161782 
vn 0 0.998533 0.0541389 
vn 0 0.928977 -0.370138 
vn 0 0.986827 -0.161782 
vn 0 0.827689 -0.561187 
vn 0 0.928977 -0.370138 
vn 0 0.687699 -0.725995 
vn 0 0.827689 -0.561187 
vn 0 0.515554 -0.856857 
vn 0 0.687699 -0.725995 
vn 0 0.319302 -0.947653 
vn 0 0.515554 -0.856857 
vn 0 0.108119 -0.994138 
vn 0 0.319302 -0.947653 
vn 0 0 -1 
vn 0 -0.108119 -0.994138 
vn 0 -0.319302 -0.947653 
vn 0 -0.515554 -0.856857 
vn 0 -0.687699 -0.725995 
vn 0 -0.827689 -0.561187 
vn 0 -0.928977 -0.370138 
vn 0 -0.986827 -0.161782 
vn 0 -0.998533 0.0541389 
vn 0 -0.96355 0.267528 
vn 0 -0.883512 0.468408 
vn 0 -0.762162 0.647386 
vn 0 -0.605174 0.796093 
vn 0 -0.419889 0.907575 
vn 0 -0.21497 0.976621 
vn 0 0.21497 0.976621 
vn 0 0 1 
vn 0 0.419889 0.907575 
vn 0 0.21497 0.976621 
vn 0 0.605174 0.796093 
vn 0 0.419889 0.907575 
vn 0 0.762162 0.647386 
vn 0 0.605174 0.796093 
vn 0 0.883512 0.468408 
vn 0 0.762162 0.647386 
vn 0 0.96355 0.267528 
vn 0 0.883512 0.468408 
vn 0 0.998533 0.0541389 
vn 0 0.96355 0.267528 
vn 0 0.986827 -0.161782 
vn 0 0.998533 0.0541389 
vn 0 0.928977 -0.370138 
vn 0 0.986827 -0.161782 
vn 0 0.827689 -0.561187 
vn 0 0.928977 -0.370138 
vn 0 0.687699 -0.725995 
vn 0 0.827689 -0.561187 
vn 0 0.515554 -0.856857 
vn 0 0.687699 -0.725995 
vn 0 0.319302 -0.947653 
vn 0 0.515554 -0.856857 
vn 0 0.108119 -0.994138 
vn 0 0.319302 -0.947653 
vn 0 0 -1 
vn 0 -0.108119 -0.994138 
vn 0 -0.319302 -0.947653 
vn 0 -0.515554 -0.856857 
vn 0 -0.687699 -0.725995 
vn 0 -0.827689 -0.561187 
vn 0 -0.928977 -0.370138 
vn 0 -0.986827 -0.161782 
vn 0 -0.998533 0.0541389 
vn 0 -0.96355 0.267528 
vn 0 -0.883512 0.468408 
vn 0 -0.762162 0.647386 
vn 0 -0.605174 0.796093 
vn 0 -0.419889 0.907575 
vn 0 -0.21497 0.976621 
vn 0 0.21497 0.976621 
vn 0 0 1 
vn 0 0.419889 0.907575 
vn 0 0.21497 0.976621 
vn 0 0.605174 0.796093 
vn 0 0.419889 0.907575 
vn 0 0.762162 0.647386 
vn 0 0.605174 0.796093 
vn 0 0.883512 0.468408 
vn 0 0.762162 0.647386 
vn 0 0.96355 0.267528 
vn 0 0.883512 0.468408 
vn 0 0.998533 0.0541389 
vn 0 0.96355 0.267528 
vn 0 0.986827 -0.161782 
vn 0 0.998533 0.0541389 
vn 0 0.928977 -0.370138 
vn 0 0.986827 -0.161782 
vn 0 0.827689 -0.561187 
vn 0 0.928977 -0.370138 
vn 0 0.687699 -0.725995 
vn 0 0.827689 -0.561187 
vn 0 0.515554 -0.856857 
vn 0 0.687699 -0.725995 
vn 0 0.319302 -0.947653 
vn 0 0.515554 -0.856857 
vn 0 0.108119 -0.994138 
vn 0 0.319302 -0.947653 
vn 0 0 -1 
vn 0 -0.108119 -0.994138 
vn 0 -0.319302 -0.947653 
vn 0 -0.515554 -0.856857 
vn 0 -0.687699 -0.725995 
vn 0 -0.827689 -0.561187 
vn 0 -0.928977 -0.370138 
vn 0 -0.986827 -0.161782 
vn 0 -0.998533 0.0541389 
vn 0 -0.96355 0.267528 
vn 0 -0.883512 0.468408 
vn 0 -0.762162 0.647386 
vn 0 -0.605174 0.796093 
vn 0 -0.419889 0.907575 
vn 0 -0.21497 0.976621 
vn 0 0.21497 0.976621 
vn 0 0 1 
vn 0 0.419889 0.907575 
vn 0 0.21497 0.976621 
vn 0 0.605174 0.796093 
vn 0 0.419889 0.907575 
vn 0 0.762162 0.647386 
vn 0 0.605174 0.796093 
vn 0 0.883512 0.468408 
vn 0 0.762162 0.647386 
vn 0 0.96355 0.267528 
vn 0 0.883512 0.468408 
vn 0 0.998533 0.0541389 
vn 0 0.96355 0.267528 
vn 0 0.986827 -0.161782 
vn 0 0.998533 0.0541389 
vn 0 0.928977 -0.370138 
vn 0 0.986827 -0.161782 
vn 0 0.827689 -0.561187 
vn 0 0.928977 -0.370138 
vn 0 0.687699 -0.725995 
vn 0 0.827689 -0.561187 
vn 0 0.515554 -0.856857 
vn 0 0.687699 -0.725995 
vn 0 0.319302 -0.947653 
vn 0 0.515554 -0.856857 
vn 0 0.108119 -0.994138 
vn 0 0.319302 -0.947653 
vn 0 0 -1 
vn 0 -0.108119 -0.994138 
vn 0 -0.319302 -0.947653 
vn 0 -0.515554 -0.856857 
vn 0 -0.687699 -0.725995 
vn 0 -0.827689 -0.561187 
vn 0 -0.928977 -0.370138 
vn 0 -0.986827 -0.161782 
vn 0 -0.998533 0.0541389 
vn 0 -0.96355 0.267528 
vn 0 -0.883512 0.468408 
vn 0 -0.762162 0.647386 
vn 0 -0.605174 0.796093 
vn 0 -0.419889 0.907575 
vn 0 -0.21497 0.976621 
vn 0 0.21497 0.976621 
vn 0 0 1 
vn 0 0.419889 0.907575 
vn 0 0.21497 0.976621 
vn 0 0.605174 0.796093 
vn 0 0.419889 0.907575 
vn 0 0.762162 0.647386 
vn 0 0.605174 0.796093 
vn 0 0.883512 0.468408 
vn 0 0.762162 0.647386 
vn 0 0.96355 0.267528 
vn 0 0.883512 0.468408 
vn 0 0.998533 0.0541389 
vn 0 0.96355 0.267528 
vn 0 0.986827 -0.161782 
vn 0 0.998533 0.0541389 
vn 0 0.928977 -0.370138 
vn 0 0.986827 -0.161782 
vn 0 0.827689 -0.561187 
vn 0 0.928977 -0.370138 
vn 0 0.687699 -0.725995 
vn 0 0.827689 -0.561187 
vn 0 0.515554 -0.856857 
vn 0 0.687699 -0.725995 
vn 0 0.319302 -0.947653 
vn 0 0.515554 -0.856857 
vn 0 0.108119 -0.994138 
vn 0 0.319302 -0.947653 
vn 0 0 -1 
vn 0 -0.108119 -0.994138 
vn 0 -0.319302 -0.947653 
vn 0 -0.515554 -0.856857 
vn 0 -0.687699 -0.725995 
vn 0 -0.827689 -0.561187 
vn 0 -0.928977 -0.370138 
vn 0 -0.986827 -0.161782 
vn 0 -0.998533 0.0541389 
vn 0 -0.96355 0.267528 
vn 0 -0.883512 0.468408 
vn 0 -0.762162 0.647386 
vn 0 -0.605174 0.796093 
vn 0 -0.419889 0.907575 
vn 0 -0.21497 0.976621 
vn 0 0.21497 0.976621 
vn 0 0 1 
vn 0 0.419889 0.907575 
vn 0 0.21497 0.976621 
vn 0 0.605174 0.796093 
vn 0 0.419889 0.907575 
vn 0 0.762162 0.647386 
vn 0 0.605174 0.796093 
vn 0 0.883512 0.468408 
vn 0 0.762162 0.647386 
vn 0 0.96355 0.267528 
vn 0 0.883512 0.468408 
vn 0 0.998533 0.0541389 
vn 0 0.96355 0.267528 
vn 0 0.986827 -0.161782 
vn 0 0.998533 0.0541389 
vn 0 0.928977 -0.370138 
vn 0 0.986827 -0.161782 
vn 0 0.827689 -0.561187 
vn 0 0.928977 -0.370138 
vn 0 0.687699 -0.725995 
vn 0 0.827689 -0.561187 
vn 0 0.515554 -0.856857 
vn 0 0.687699 -0.725995 
vn 0 0.319302 -0.947653 
vn 0 0.515554 -0.856857 
vn 0 0.108119 -0.994138 
vn 0 0.319302 -0.947653 
vn 0 -0.108119 -0.994138 
vn 0 0 -1 
vn 0 0.108119 -0.994138 
vn 0 -0.319302 -0.947653 
vn 0 -0.108119 -0.994138 
vn 0 -0.515554 -0.856857 
vn 0 -0.319302 -0.947653 
vn 0 -0.687699 -0.725995 
vn 0 -0.515554 -0.856857 
vn 0 -0.827689 -0.561187 
vn 0 -0.687699 -0.725995 
vn 0 -0.928977 -0.370138 
vn 0 -0.827689 -0.561187 
vn 0 -0.986827 -0.161782 
vn 0 -0.928977 -0.370138 
vn 0 -0.998533 0.0541389 
vn 0 -0.986827 -0.161782 
vn 0 -0.96355 0.267528 
vn 0 -0.998533 0.0541389 
vn 0 -0.883512 0.468408 
vn 0 -0.96355 0.267528 
vn 0 -0.762162 0.647386 
vn 0 -0.883512 0.468408 
vn 0 -0.605174 0.796093 
vn 0 -0.762162 0.647386 
vn 0 -0.419889 0.907575 
vn 0 -0.605174 0.796093 
vn 0 -0.21497 0.976621 
vn 0 -0.419889 0.907575 
vn 0 0.21497 0.976621 
vn 0 0 1 
vn 0 0.419889 0.907575 
vn 0 0.21497 0.976621 
vn 0 0.605174 0.796093 
vn 0 0.419889 0.907575 
vn 0 0.762162 0.647386 
vn 0 0.605174 0.796093 
vn 0 0.883512 0.468408 
vn 0 0.762162 0.647386 
vn 0 0.96355 0.267528 
vn 0 0.883512 0.468408 
vn 0 0.998533 0.0541389 
vn 0 0.96355 0.267528 
vn 0 0.986827 -0.161782 
vn 0 0.998533 0.0541389 
vn 0 0.928977 -0.370138 
vn 0 0.986827 -0.161782 
vn 0 0.827689 -0.561187 
vn 0 0.928977 -0.370138 
vn 0 0.687699 -0.725995 
vn 0 0.827689 -0.561187 
vn 0 0.515554 -0.856857 
vn 0 0.687699 -0.725995 
vn 0 0.319302 -0.947653 
vn 0 0.515554 -0.856857 
vn 0 0.108119 -0.994138 
vn 0 0.319302 -0.947653 
vn 0 -0.108119 -0.994138 
vn 0 0 -1 
vn 0 0.108119 -0.994138 
vn 0 -0.319302 -0.947653 
vn 0 -0.108119 -0.994138 
vn 0 -0.515554 -0.856857 
vn 0 -0.319302 -0.947653 
vn 0 -0.687699 -0.725995 
vn 0 -0.515554 -0.856857 
vn 0 -0.827689 -0.561187 
vn 0 -0.687699 -0.725995 
vn 0 -0.928977 -0.370138 
vn 0 -0.827689 -0.561187 
vn 0 -0.986827 -0.161782 
vn 0 -0.928977 -0.370138 
vn 0 -0.998533 0.0541389 
vn 0 -0.986827 -0.161782 
vn 0 -0.96355 0.267528 
vn 0 -0.998533 0.0541389 
vn 0 -0.883512 0.468408 
vn 0 -0.96355 0.267528 
vn 0 -0.762162 0.647386 
vn 0 -0.883512 0.468408 
vn 0 -0.605174 0.796093 
vn 0 -0.762162 0.647386 
vn 0 -0.419889 0.907575 
vn 0 -0.605174 0.796093 
vn 0 -0.21497 0.976621 
vn 0 -0.419889 0.907575 
vn 0 0.21497 0.976621 
vn 0 0 1 
vn 0 0.419889 0.907575 
vn 0 0.21497 0.976621 
vn 0 0.605174 0.796093 
vn 0 0.419889 0.907575 
vn 0 0.762162 0.647386 
vn 0 0.605174 0.796093 
vn 0 0.883512 0.468408 
vn 0 0.762162 0.647386 
vn 0 0.96355 0.267528 
vn 0 0.883512 0.468408 
vn 0 0.998533 0.0541389 
vn 0 0.96355 0.267528 
vn 0 0.986827 -0.161782 
vn 0 0.998533 0.0541389 
vn 0 0.928977 -0.370138 
vn 0 0.986827 -0.161782 
vn 0 0.827689 -0.561187 
vn 0 0.928977 -0.370138 
vn 0 0.687699 -0.725995 
vn 0 0.827689 -0.561187 
vn 0 0.515554 -0.856857 
vn 0 0.687699 -0.725995 
vn 0 0.319302 -0.947653 
vn 0 0.515554 -0.856857 
vn 0 0.108119 -0.994138 
vn 0 0.319302 -0.947653 
vn 0 -0.108119 -0.994138 
vn 0 0 -1 
vn 0 0.108119 -0.994138 
vn 0 -0.319302 -0.947653 
vn 0 -0.108119 -0.994138 
vn 0 -0.515554 -0.856857 
vn 0 -0.319302 -0.947653 
vn 0 -0.687699 -0.725995 
vn 0 -0.515554 -0.856857 
vn 0 -0.827689 -0.561187 
vn 0 -0.687699 -0.725995 
vn 0 -0.928977 -0.370138 
vn 0 -0.827689 -0.561187 
vn 0 -0.986827 -0.161782 
vn 0 -0.928977 -0.370138 
vn 0 -0.998533 0.0541389 
vn 0 -0.986827 -0.161782 
vn 0 -0.96355 0.267528 
vn 0 -0.998533 0.0541389 
vn 0 -0.883512 0.468408 
vn 0 -0.96355 0.267528 
vn 0 -0.762162 0.647386 
vn 0 -0.883512 0.468408 
vn 0 -0.605174 0.796093 
vn 0 -0.762162 0.647386 
vn 0 -0.419889 0.907575 
vn 0 -0.605174 0.796093 
vn 0 -0.21497 0.976621 
vn 0 -0.419889 0.907575 
vn 0 0.21497 0.976621 
vn 0 0 1 
vn 0 0.419889 0.907575 
vn 0 0.21497 0.976621 
vn 0 0.605174 0.796093 
vn 0 0.419889 0.907575 
vn 0 0.762162 0.647386 
vn 0 0.605174 0.796093 
vn 0 0.883512 0.468408 
vn 0 0.762162 0.647386 
vn 0 0.96355 0.267528 
vn 0 0.883512 0.468408 
vn 0 0.998533 0.0541389 
vn 0 0.96355 0.267528 
vn 0 0.986827 -0.161782 
vn 0 0.998533 0.0541389 
vn 0 0.928977 -0.370138 
vn 0 0.986827 -0.161782 
vn 0 0.827689 -0.561187 
vn 0 0.928977 -0.370138 
vn 0 0.687699 -0.725995 
vn 0 0.827689 -0.561187 
vn 0 0.515554 -0.856857 
vn 0 0.687699 -0.725995 
vn 0 0.319302 -0.947653 
vn 0 0.515554 -0.856857 
vn 0 0.108119 -0.994138 
vn 0 0.319302 -0.947653 
vn 0 -0.108119 -0.994138 
vn 0 0 -1 
vn 0 0.108119 -0.994138 
vn 0 -0.319302 -0.947653 
vn 0 -0.108119 -0.994138 
vn 0 -0.515554 -0.856857 
vn 0 -0.319302 -0.947653 
vn 0 -0.687699 -0.725995 
vn 0 -0.515554 -0.856857 
vn 0 -0.827689 -0.561187 
vn 0 -0.687699 -0.725995 
vn 0 -0.928977 -0.370138 
vn 0 -0.827689 -0.561187 
vn 0 -0.986827 -0.161782 
vn 0 -0.928977 -0.370138 
vn 0 -0.998533 0.0541389 
vn 0 -0.986827 -0.161782 
vn 0 -0.96355 0.267528 
vn 0 -0.998533 0.0541389 
vn 0 -0.883512 0.468408 
vn 0 -0.96355 0.267528 
vn 0 -0.762162 0.647386 
vn 0 -0.883512 0.468408 
vn 0 -0.605174 0.796093 
vn 0 -0.762162 0.647386 
vn 0 -0.419889 0.907575 
vn 0 -0.605174 0.796093 
vn 0 -0.21497 0.976621 
vn 0 -0.419889 0.907575 
vn 0 -1 0 
vn 0 1 0 
vn -1 0 0 
vn 1.3344e-16 0 1 
vn -0.173648 0 0.984808 
vn -0.34202 0 0.939693 
vn -0.5 0 0.866025 
vn -0.642788 0 0.766044 
vn -0.766044 0 0.642788 
vn -0.866025 0 0.5 
vn -0.939693 0 0.34202 
vn -0.984808 0 0.173648 
vn -1 0 2.66881e-16 
vn 1 0 0 
vn 0.984808 0 0.173648 
vn 0.939693 0 0.34202 
vn 0.866025 0 0.5 
vn 0.766044 0 0.642788 
vn 0.642788 0 0.766044 
vn 0.5 0 0.866025 
vn 0.34202 0 0.939693 
vn 0.173648 0 0.984808 
vn 1.3344e-16 0 1 
vn 0 0 -1 
vn 0.173648 0 -0.984808 
vn 0.34202 0 -0.939693 
vn 0.5 0 -0.866025 
vn 0.642788 0 -0.766044 
vn 0.766044 0 -0.642788 
vn 0.866025 0 -0.5 
vn 0.939693 0 -0.34202 
vn 0.984808 0 -0.173648 
vn 1 0 0 
vn -1 0 2.66881e-16 
vn -0.984808 0 -0.173648 
vn -0.939693 0 -0.34202 
vn -0.866025 0 -0.5 
vn -0.766044 0 -0.642788 
vn -0.642788 0 -0.766044 
vn -0.5 0 -0.866025 
vn -0.34202 0 -0.939693 
vn -0.173648 0 -0.984808 
vn 0 0 -1 
vn 1 0 0 
vn 0 0 1 
vn 0 0 -1 
vn -1 0 0 
vn 0 0 1 
vn 0 0 -1 
vn 0.976621 0.21497 0 
vn 1 0 0 
vn 0.907575 0.419889 0 
vn 0.976621 0.21497 0 
vn 0.796093 0.605174 0 
vn 0.907575 0.419889 0 
vn 0.647386 0.762162 0 
vn 0.796093 0.605174 0 
vn 0.468408 0.883512 0 
vn 0.647386 0.762162 0 
vn 0.267528 0.96355 0 
vn 0.468408 0.883512 0 
vn 0.0541389 0.998533 0 
vn 0.267528 0.96355 0 
vn -0.161782 0.986827 0 
vn 0.0541389 0.998533 0 
vn -0.370138 0.928977 0 
vn -0.161782 0.986827 0 
vn -0.561187 0.827689 0 
vn -0.370138 0.928977 0 
vn -0.725995 0.687699 0 
vn -0.561187 0.827689 0 
vn -0.856857 0.515554 0 
vn -0.725995 0.687699 0 
vn -0.947653 0.319302 0 
vn -0.856857 0.515554 0 
vn -0.994138 0.108119 0 
vn -0.947653 0.319302 0 
vn -0.994138 -0.108119 0 
vn -1 0 0 
vn -0.994138 0.108119 0 
vn -0.947653 -0.319302 0 
vn -0.994138 -0.108119 0 
vn -0.856857 -0.515554 0 
vn -0.947653 -0.319302 0 
vn -0.725995 -0.687699 0 
vn -0.856857 -0.515554 0 
vn -0.561187 -0.827689 0 
vn -0.725995 -0.687699 0 
vn -0.370138 -0.928977 0 
vn -0.561187 -0.827689 0 
vn -0.161782 -0.986827 0 
vn -0.370138 -0.928977 0 
vn 0.0541389 -0.998533 0 
vn -0.161782 -0.986827 0 
vn 0.267528 -0.96355 0 
vn 0.0541389 -0.998533 0 
vn 0.468408 -0.883512 0 
vn 0.267528 -0.96355 0 
vn 0.647386 -0.762162 0 
vn 0.468408 -0.883512 0 
vn 0.796093 -0.605174 0 
vn 0.647386 -0.762162 0 
vn 0.907575 -0.419889 0 
vn 0.796093 -0.605174 0 
vn 0.976621 -0.21497 0 
vn 0.907575 -0.419889 0 
vn 0 0 1 
vn 0 0 -1 
vn 0.976621 0.21497 0 
vn 1 0 0 
vn 0.907575 0.419889 0 
vn 0.976621 0.21497 0 
vn 0.796093 0.605174 0 
vn 0.907575 0.419889 0 
vn 0.647386 0.762162 0 
vn 0.796093 0.605174 0 
vn 0.468408 0.883512 0 
vn 0.647386 0.762162 0 
vn 0.267528 0.96355 0 
vn 0.468408 0.883512 0 
vn 0.0541389 0.998533 0 
vn 0.267528 0.96355 0 
vn -0.161782 0.986827 0 
vn 0.0541389 0.998533 0 
vn -0.370138 0.928977 0 
vn -0.161782 0.986827 0 
vn -0.561187 0.827689 0 
vn -0.370138 0.928977 0 
vn -0.725995 0.687699 0 
vn -0.561187 0.827689 0 
vn -0.856857 0.515554 0 
vn -0.725995 0.687699 0 
vn -0.947653 0.319302 0 
vn -0.856857 0.515554 0 
vn -0.994138 0.108119 0 
vn -0.947653 0.319302 0 
vn -0.994138 -0.108119 0 
vn -0.994138 0.108119 0 
vn -0.947653 -0.319302 0 
vn -0.994138 -0.108119 0 
vn -0.856857 -0.515554 0 
vn -0.947653 -0.319302 0 
vn -0.725995 -0.687699 0 
vn -0.856857 -0.515554 0 
vn -0.561187 -0.827689 0 
vn -0.725995 -0.687699 0 
vn -0.370138 -0.928977 0 
vn -0.561187 -0.827689 0 
vn -0.161782 -0.986827 0 
vn -0.370138 -0.928977 0 
vn 0.0541389 -0.998533 0 
vn -0.161782 -0.986827 0 
vn 0.267528 -0.96355 0 
vn 0.0541389 -0.998533 0 
vn 0.468408 -0.883512 0 
vn 0.267528 -0.96355 0 
vn 0.647386 -0.762162 0 
vn 0.468408 -0.883512 0 
vn 0.796093 -0.605174 0 
vn 0.647386 -0.762162 0 
vn 0.907575 -0.419889 0 
vn 0.796093 -0.605174 0 
vn 0.976621 -0.21497 0 
vn 0.907575 -0.419889 0 
vn 0 1 0 
vn -1 0 0 
vn 0 0 -1 
vn 1 0 0 
vn 0 0 1 
vn 0 1 0 
vn -1 0 0 
vn 0 0 -1 
vn 1 0 0 
vn 0 0 1 
vn 0 1 0 
vn -1 0 0 
vn 0 0 -1 
vn 1 0 0 
vn 0 0 1 
vn -1 0 0 
vn 0 -1 0 
vn 0 0 1 
vn -1 0 0 
vn 0 1 0 
vn 1 0 0 
vn 0 0 1 
vn 0 -1 0 
vn -1 0 0 
vn 0 1 0 
vn 1 0 0 
vn 0 -1 0 
vn 0 0 1 
vn -1 0 0 
vn 0 1 0 
vn 1 0 0 
usemtl 0.796078_0.823529_0.937255_0.000000_0.000000
o mesh0
f 31//1 1//1 2//1 
f 2//1 3//1 31//1 
f 3//1 4//1 31//1 
f 4//1 5//1 31//1 
f 5//1 6//1 31//1 
f 6//1 7//1 31//1 
f 7//1 8//1 31//1 
f 8//1 9//1 31//1 
f 9//1 10//1 31//1 
f 10//1 11//1 31//1 
f 11//1 12//1 31//1 
f 12//1 13//1 31//1 
f 13//1 14//1 31//1 
f 14//1 15//1 31//1 
f 15//1 16//1 31//1 
f 16//1 17//1 31//1 
f 17//1 18//1 31//1 
f 18//1 19//1 31//1 
f 19//1 20//1 31//1 
f 20//1 21//1 31//1 
f 21//1 22//1 31//1 
f 22//1 23//1 31//1 
f 23//1 24//1 31//1 
f 24//1 25//1 31//1 
f 25//1 26//1 31//1 
f 26//1 27//1 31//1 
f 27//1 28//1 31//1 
f 28//1 29//1 31//1 
f 29//1 30//1 31//1 
f 30//1 1//1 31//1 
o mesh1
f 15//2 32//2 33//3 
f 33//3 16//4 15//2 
f 17//5 16//4 34//4 
f 34//4 35//6 17//5 
f 18//7 17//5 36//8 
f 19//9 18//7 37//10 
f 20//11 19//9 38//12 
f 21//13 20//11 39//14 
f 39//14 40//15 21//13 
f 22//16 21//13 41//17 
f 41//17 42//18 22//16 
f 22//16 43//19 44//20 
f 44//20 23//21 22//16 
f 23//21 45//21 46//22 
f 46//22 24//23 23//21 
f 24//23 47//23 48//24 
f 48//24 25//25 24//23 
f 25//25 49//25 50//26 
f 50//26 26//27 25//25 
f 26//27 51//27 52//28 
f 52//28 27//29 26//27 
f 27//29 53//29 54//30 
f 28//30 54//30 55//31 
f 29//31 55//31 56//32 
f 57//33 1//33 30//34 
f 30//34 56//32 57//33 
f 1//33 58//35 59//36 
f 1//33 57//33 58//35 
f 2//36 60//37 61//38 
f 2//36 59//36 60//37 
f 3//38 61//38 62//39 
f 4//39 62//39 63//40 
f 5//40 63//40 64//41 
f 64//41 6//42 5//40 
f 6//42 65//43 66//44 
f 6//42 67//45 65//43 
f 8//46 7//47 68//48 
f 7//47 66//44 68//48 
f 9//49 8//46 69//50 
f 8//46 70//51 69//50 
f 71//52 10//52 9//49 
f 72//53 11//53 10//52 
f 73//54 12//54 11//53 
f 74//55 13//55 12//54 
f 75//56 14//56 13//55 
f 15//2 14//56 76//57 
f 14//56 75//56 76//57 
f 76//57 32//2 15//2 
f 13//55 74//55 75//56 
f 12//54 73//54 74//55 
f 11//53 72//53 73//54 
f 10//52 71//52 72//53 
f 9//49 77//58 71//52 
f 69//50 77//58 9//49 
f 68//48 70//51 8//46 
f 66//44 7//47 6//42 
f 64//41 67//45 6//42 
f 63//40 5//40 4//39 
f 62//39 4//39 3//38 
f 61//38 3//38 2//36 
f 59//36 2//36 1//33 
f 56//32 30//34 29//31 
f 55//31 29//31 28//30 
f 54//30 28//30 27//29 
f 52//28 53//29 27//29 
f 50//26 51//27 26//27 
f 48//24 49//25 25//25 
f 46//22 47//23 24//23 
f 44//20 45//21 23//21 
f 42//18 43//19 22//16 
f 40//15 41//17 21//13 
f 38//12 39//14 20//11 
f 37//10 38//12 19//9 
f 36//8 37//10 18//7 
f 35//6 36//8 17//5 
f 33//3 34//4 16//4 
o mesh2
f 107//59 108//60 78//61 
f 108//60 79//62 78//61 
f 108//60 107//59 109//63 
f 110//64 109//63 111//65 
f 112//66 111//65 113//67 
f 114//68 113//67 115//69 
f 116//70 115//69 117//71 
f 118//72 117//71 119//73 
f 119//73 80//74 81//75 
f 81//75 120//76 119//73 
f 82//77 79//62 108//60 
f 121//78 83//79 82//77 
f 121//78 108//60 110//64 
f 122//80 110//64 112//66 
f 123//81 112//66 114//68 
f 124//82 114//68 116//70 
f 125//83 116//70 118//72 
f 126//84 118//72 120//76 
f 84//85 127//86 120//76 
f 120//76 85//87 84//85 
f 86//88 83//79 121//78 
f 128//89 87//90 86//88 
f 128//89 121//78 122//80 
f 129//91 122//80 123//81 
f 130//92 123//81 124//82 
f 131//93 124//82 125//83 
f 132//94 125//83 126//84 
f 133//95 126//84 127//86 
f 88//96 134//97 127//86 
f 127//86 89//98 88//96 
f 90//99 87//90 128//89 
f 135//100 91//101 90//99 
f 135//100 128//89 129//91 
f 136//102 129//91 130//92 
f 137//103 130//92 131//93 
f 138//104 131//93 132//94 
f 139//105 132//94 133//95 
f 140//106 133//95 134//97 
f 92//107 141//108 134//97 
f 134//97 93//109 92//107 
f 94//110 91//101 135//100 
f 95//111 135//100 136//102 
f 96//112 136//102 137//103 
f 97//113 137//103 138//104 
f 98//114 138//104 139//105 
f 99//115 139//105 140//106 
f 100//116 140//106 141//108 
f 101//117 141//108 102//118 
f 103//119 57//120 56//121 
f 107//59 104//122 103//119 
f 103//119 58//123 57//120 
f 107//59 55//124 54//125 
f 107//59 56//121 55//124 
f 109//63 54//125 53//126 
f 53//126 111//65 109//63 
f 111//65 52//127 51//128 
f 51//128 113//67 111//65 
f 113//67 50//129 49//130 
f 49//130 115//69 113//67 
f 115//69 48//131 47//132 
f 47//132 117//71 115//69 
f 117//71 46//133 45//134 
f 45//134 119//73 117//71 
f 43//135 42//136 105//137 
f 119//73 44//138 43//135 
f 43//135 80//74 119//73 
f 105//137 80//74 43//135 
f 45//134 44//138 119//73 
f 47//132 46//133 117//71 
f 49//130 48//131 115//69 
f 51//128 50//129 113//67 
f 53//126 52//127 111//65 
f 54//125 109//63 107//59 
f 56//121 107//59 103//119 
f 102//118 106//139 101//117 
f 141//108 101//117 100//116 
f 140//106 100//116 99//115 
f 139//105 99//115 98//114 
f 138//104 98//114 97//113 
f 137//103 97//113 96//112 
f 136//102 96//112 95//111 
f 135//100 95//111 94//110 
f 92//107 102//118 141//108 
f 134//97 141//108 140//106 
f 133//95 140//106 139//105 
f 132//94 139//105 138//104 
f 131//93 138//104 137//103 
f 130//92 137//103 136//102 
f 129//91 136//102 135//100 
f 128//89 135//100 90//99 
f 88//96 93//109 134//97 
f 127//86 134//97 133//95 
f 126//84 133//95 132//94 
f 125//83 132//94 131//93 
f 124//82 131//93 130//92 
f 123//81 130//92 129//91 
f 122//80 129//91 128//89 
f 121//78 128//89 86//88 
f 84//85 89//98 127//86 
f 120//76 127//86 126//84 
f 118//72 126//84 125//83 
f 116//70 125//83 124//82 
f 114//68 124//82 123//81 
f 112//66 123//81 122//80 
f 110//64 122//80 121//78 
f 108//60 121//78 82//77 
f 81//75 85//87 120//76 
f 119//73 120//76 118//72 
f 117//71 118//72 116//70 
f 115//69 116//70 114//68 
f 113//67 114//68 112//66 
f 111//65 112//66 110//64 
f 109//63 110//64 108//60 
f 78//61 104//122 107//59 
o mesh3
f 106//139 102//140 142//140 
f 143//141 142//140 102//140 
f 102//140 92//141 143//141 
f 144//142 145//143 93//143 
f 92//141 93//143 145//143 
f 145//143 143//141 92//141 
f 84//144 146//144 147//145 
f 144//142 88//146 89//145 
f 89//145 147//145 144//142 
f 148//147 149//148 85//148 
f 84//144 85//148 149//148 
f 149//148 146//144 84//144 
f 150//149 151//150 80//150 
f 81//151 80//150 151//150 
f 151//150 148//147 81//151 
f 35//152 152//153 153//154 
f 34//155 154//156 155//157 
f 156//158 34//155 33//159 
f 33//159 157//160 156//158 
f 156//158 154//156 34//155 
f 33//159 32//161 157//160 
f 155//157 152//153 34//155 
f 152//153 35//152 34//155 
f 32//161 76//160 157//160 
f 158//162 37//163 36//164 
f 158//162 38//165 37//163 
f 40//166 159//167 160//168 
f 161//169 40//166 39//170 
f 39//170 158//162 161//169 
f 39//170 38//165 158//162 
f 161//169 159//167 40//166 
f 160//168 162//171 40//166 
f 150//149 163//172 164//173 
f 105//174 40//166 162//171 
f 162//171 150//149 105//174 
f 105//174 41//175 40//166 
f 162//171 165//176 150//149 
f 165//176 163//172 150//149 
f 105//174 42//177 41//175 
f 164//173 166//177 150//149 
f 36//164 35//152 158//162 
f 153//154 158//162 35//152 
f 80//150 105//174 150//149 
f 85//148 81//151 148//147 
f 147//145 89//145 84//144 
f 93//143 88//146 144//142 
f 142//140 167//178 106//139 
o mesh4
f 168//179 169//179 170//180 
f 170//180 171//181 168//179 
f 171//181 172//181 173//182 
f 173//182 174//183 171//181 
f 174//183 175//183 176//184 
f 176//184 177//185 174//183 
f 177//185 178//185 179//186 
f 179//186 180//187 177//185 
f 180//187 181//187 182//188 
f 182//188 183//189 180//187 
f 183//189 184//189 185//190 
f 185//190 186//191 183//189 
f 186//191 187//191 188//192 
f 188//192 189//193 186//191 
f 189//193 190//193 166//194 
f 166//194 191//195 189//193 
f 191//195 163//196 165//197 
f 191//195 164//198 163//196 
f 192//197 162//199 160//200 
f 192//197 165//197 162//199 
f 193//200 160//200 159//201 
f 194//201 159//201 161//202 
f 195//202 158//203 153//204 
f 195//202 161//202 158//203 
f 196//205 197//206 152//207 
f 197//206 153//204 152//207 
f 198//208 154//209 156//210 
f 196//205 155//211 154//209 
f 154//209 198//208 196//205 
f 199//212 200//213 157//214 
f 200//213 156//210 157//214 
f 201//215 202//215 199//212 
f 203//216 204//216 202//215 
f 205//217 206//217 204//216 
f 207//218 208//218 206//217 
f 209//219 210//219 208//218 
f 211//220 210//219 212//221 
f 210//219 209//219 212//221 
f 211//220 213//220 214//222 
f 214//222 215//223 211//220 
f 216//224 215//223 217//223 
f 217//223 218//225 216//224 
f 219//226 216//224 220//227 
f 221//228 219//226 222//229 
f 223//230 221//228 224//231 
f 224//231 225//232 223//230 
f 226//233 223//230 227//234 
f 227//234 228//235 226//233 
f 226//233 229//236 230//237 
f 230//237 168//179 226//233 
f 230//237 169//179 168//179 
f 228//235 229//236 226//233 
f 225//232 227//234 223//230 
f 222//229 224//231 221//228 
f 220//227 222//229 219//226 
f 218//225 220//227 216//224 
f 214//222 217//223 215//223 
f 212//221 213//220 211//220 
f 208//218 207//218 209//219 
f 206//217 205//217 207//218 
f 204//216 203//216 205//217 
f 202//215 201//215 203//216 
f 199//212 231//238 201//215 
f 157//214 231//238 199//212 
f 156//210 200//213 198//208 
f 152//207 155//211 196//205 
f 153//204 197//206 195//202 
f 161//202 195//202 194//201 
f 159//201 194//201 193//200 
f 160//200 193//200 192//197 
f 165//197 192//197 191//195 
f 166//194 164//198 191//195 
f 188//192 190//193 189//193 
f 185//190 187//191 186//191 
f 182//188 184//189 183//189 
f 179//186 181//187 180//187 
f 176//184 178//185 177//185 
f 173//182 175//183 174//183 
f 170//180 172//181 171//181 
o mesh5
f 232//239 200//239 199//239 
f 199//239 202//239 232//239 
f 202//239 204//239 232//239 
f 204//239 206//239 232//239 
f 206//239 208//239 232//239 
f 208//239 210//239 232//239 
f 210//239 211//239 232//239 
f 211//239 215//239 232//239 
f 215//239 216//239 232//239 
f 216//239 219//239 232//239 
f 219//239 221//239 232//239 
f 221//239 223//239 232//239 
f 223//239 226//239 232//239 
f 226//239 168//239 232//239 
f 168//239 171//239 232//239 
f 171//239 174//239 232//239 
f 174//239 177//239 232//239 
f 177//239 180//239 232//239 
f 180//239 183//239 232//239 
f 183//239 186//239 232//239 
f 186//239 189//239 232//239 
f 189//239 191//239 232//239 
f 191//239 192//239 232//239 
f 192//239 193//239 232//239 
f 193//239 194//239 232//239 
f 194//239 195//239 232//239 
f 195//239 197//239 232//239 
f 197//239 196//239 232//239 
f 196//239 198//239 232//239 
f 198//239 200//239 232//239 
o mesh6
f 251//240 252//241 148//242 
f 252//241 149//243 148//242 
f 252//241 251//240 253//244 
f 254//245 253//244 255//246 
f 256//247 255//246 257//248 
f 258//249 257//248 259//250 
f 260//251 259//250 261//252 
f 262//253 261//252 263//254 
f 263//254 233//255 234//256 
f 234//256 264//257 263//254 
f 146//258 149//243 252//241 
f 265//259 147//260 146//258 
f 265//259 252//241 254//245 
f 266//261 254//245 256//247 
f 267//262 256//247 258//249 
f 268//263 258//249 260//251 
f 269//264 260//251 262//253 
f 270//265 262//253 264//257 
f 235//266 271//267 264//257 
f 264//257 236//268 235//266 
f 144//269 147//260 265//259 
f 272//270 145//271 144//269 
f 272//270 265//259 266//261 
f 273//272 266//261 267//262 
f 274//273 267//262 268//263 
f 275//274 268//263 269//264 
f 276//275 269//264 270//265 
f 277//276 270//265 271//267 
f 237//277 278//278 271//267 
f 271//267 238//279 237//277 
f 143//280 145//271 272//270 
f 279//281 142//282 143//280 
f 279//281 272//270 273//272 
f 280//283 273//272 274//273 
f 281//284 274//273 275//274 
f 282//285 275//274 276//275 
f 283//286 276//275 277//276 
f 284//287 277//276 278//278 
f 239//288 285//289 278//278 
f 278//278 240//290 239//288 
f 167//291 142//282 279//281 
f 241//292 279//281 280//283 
f 242//293 280//283 281//284 
f 243//294 281//284 282//285 
f 244//295 282//285 283//286 
f 245//296 283//286 284//287 
f 246//297 284//287 285//289 
f 247//298 285//289 248//299 
f 150//300 166//301 190//302 
f 251//240 151//303 150//300 
f 190//302 251//240 150//300 
f 251//240 188//304 187//305 
f 187//305 253//244 251//240 
f 253//244 185//306 184//307 
f 184//307 255//246 253//244 
f 255//246 182//308 181//309 
f 181//309 257//248 255//246 
f 257//248 179//310 178//311 
f 178//311 259//250 257//248 
f 259//250 176//312 175//313 
f 175//313 261//252 259//250 
f 261//252 173//314 172//315 
f 172//315 263//254 261//252 
f 169//316 230//317 249//318 
f 263//254 170//319 169//316 
f 169//316 233//255 263//254 
f 249//318 233//255 169//316 
f 172//315 170//319 263//254 
f 175//313 173//314 261//252 
f 178//311 176//312 259//250 
f 181//309 179//310 257//248 
f 184//307 182//308 255//246 
f 187//305 185//306 253//244 
f 190//302 188//304 251//240 
f 248//299 250//320 247//298 
f 285//289 247//298 246//297 
f 284//287 246//297 245//296 
f 283//286 245//296 244//295 
f 282//285 244//295 243//294 
f 281//284 243//294 242//293 
f 280//283 242//293 241//292 
f 279//281 241//292 167//291 
f 239//288 248//299 285//289 
f 278//278 285//289 284//287 
f 277//276 284//287 283//286 
f 276//275 283//286 282//285 
f 275//274 282//285 281//284 
f 274//273 281//284 280//283 
f 273//272 280//283 279//281 
f 272//270 279//281 143//280 
f 237//277 240//290 278//278 
f 271//267 278//278 277//276 
f 270//265 277//276 276//275 
f 269//264 276//275 275//274 
f 268//263 275//274 274//273 
f 267//262 274//273 273//272 
f 266//261 273//272 272//270 
f 265//259 272//270 144//269 
f 235//266 238//279 271//267 
f 264//257 271//267 270//265 
f 262//253 270//265 269//264 
f 260//251 269//264 268//263 
f 258//249 268//263 267//262 
f 256//247 267//262 266//261 
f 254//245 266//261 265//259 
f 252//241 265//259 146//258 
f 234//256 236//268 264//257 
f 263//254 264//257 262//253 
f 261//252 262//253 260//251 
f 259//250 260//251 258//249 
f 257//248 258//249 256//247 
f 255//246 256//247 254//245 
f 253//244 254//245 252//241 
f 148//242 151//303 251//240 
o mesh7
f 167//321 286//321 287//321 
f 287//321 106//321 167//321 
o mesh8
f 250//320 288//320 289//322 
f 247//322 289//322 290//323 
f 246//323 290//323 291//324 
f 245//324 291//324 292//325 
f 244//325 292//325 293//326 
f 243//326 293//326 294//327 
f 242//327 294//327 295//328 
f 241//328 295//328 286//329 
f 286//329 167//329 241//328 
f 295//328 241//328 242//327 
f 294//327 242//327 243//326 
f 293//326 243//326 244//325 
f 292//325 244//325 245//324 
f 291//324 245//324 246//323 
f 290//323 246//323 247//322 
f 289//322 247//322 250//320 
o mesh9
f 296//330 250//330 248//331 
f 248//331 297//332 296//330 
f 297//332 239//333 240//334 
f 240//334 298//335 297//332 
f 298//335 237//336 238//337 
f 238//337 299//338 298//335 
f 299//338 235//339 236//340 
f 236//340 300//341 299//338 
f 300//341 234//342 233//343 
f 233//343 301//344 300//341 
f 301//344 227//345 225//346 
f 249//347 228//348 227//345 
f 227//345 301//344 249//347 
f 249//347 230//349 229//350 
f 229//350 228//348 249//347 
f 302//351 220//352 218//353 
f 302//351 222//354 220//352 
f 302//351 225//346 224//355 
f 224//355 222//354 302//351 
f 303//356 214//357 213//358 
f 303//356 217//359 214//357 
f 303//356 218//353 217//359 
f 213//358 304//360 303//356 
f 213//358 212//360 304//360 
f 218//353 303//356 302//351 
f 225//346 302//351 301//344 
f 233//343 249//347 301//344 
f 236//340 234//342 300//341 
f 238//337 235//339 299//338 
f 240//334 237//336 298//335 
f 248//331 239//333 297//332 
o mesh10
f 305//361 301//361 302//361 
f 305//361 298//361 299//361 
f 302//361 303//361 305//361 
f 299//361 300//361 305//361 
f 300//361 301//361 305//361 
f 305//361 296//361 297//361 
f 297//361 298//361 305//361 
f 303//361 304//361 305//361 
o mesh11
f 106//361 287//361 306//362 
f 101//362 306//362 307//363 
f 100//363 307//363 308//364 
f 99//364 308//364 309//365 
f 98//365 309//365 310//366 
f 97//366 310//366 311//367 
f 96//367 311//367 312//368 
f 95//368 312//368 313//369 
f 313//369 94//369 95//368 
f 312//368 95//368 96//367 
f 311//367 96//367 97//366 
f 310//366 97//366 98//365 
f 309//365 98//365 99//364 
f 308//364 99//364 100//363 
f 307//363 100//363 101//362 
f 306//362 101//362 106//361 
o mesh12
f 94//369 313//369 314//369 
f 314//369 315//369 94//369 
o mesh13
f 90//370 91//371 316//371 
f 94//372 315//372 316//371 
f 316//371 91//371 94//372 
f 317//373 86//373 87//374 
f 90//370 318//375 319//374 
f 319//374 87//374 90//370 
f 82//376 83//377 320//377 
f 317//373 320//377 83//377 
f 83//377 86//373 317//373 
f 78//378 79//379 321//379 
f 322//380 321//379 79//379 
f 79//379 82//376 322//380 
f 323//381 103//381 104//382 
f 78//378 324//383 325//382 
f 325//382 104//382 78//378 
f 323//381 326//384 60//384 
f 323//381 327//385 326//384 
f 60//384 103//381 323//381 
f 60//384 59//385 103//381 
f 323//381 328//386 327//385 
f 326//384 62//387 61//388 
f 329//389 330//390 64//391 
f 64//391 63//392 329//389 
f 62//387 331//393 329//389 
f 62//387 326//384 332//394 
f 332//394 331//393 62//387 
f 63//392 62//387 329//389 
f 69//395 333//396 334//397 
f 69//395 335//398 336//399 
f 336//399 337//400 69//395 
f 337//400 333//396 69//395 
f 330//390 65//401 67//402 
f 330//390 68//403 66//404 
f 68//403 330//390 335//398 
f 335//398 69//395 70//405 
f 335//398 70//405 68//403 
f 66//404 65//401 330//390 
f 67//402 64//391 330//390 
f 334//397 338//406 69//395 
f 61//388 60//384 326//384 
f 59//385 58//407 103//381 
f 104//382 325//382 323//381 
f 321//379 324//383 78//378 
f 320//377 322//380 82//376 
f 87//374 319//374 317//373 
f 316//371 318//375 90//370 
o mesh14
f 315//408 314//408 339//409 
f 340//409 339//409 341//410 
f 342//410 341//410 343//411 
f 344//411 343//411 345//412 
f 346//412 345//412 347//413 
f 348//413 347//413 349//414 
f 350//414 349//414 351//415 
f 352//415 353//416 354//416 
f 351//415 355//416 353//416 
f 353//416 352//415 351//415 
f 354//416 356//416 352//415 
f 351//415 352//415 350//414 
f 349//414 350//414 348//413 
f 347//413 348//413 346//412 
f 345//412 346//412 344//411 
f 343//411 344//411 342//410 
f 341//410 342//410 340//409 
f 339//409 340//409 315//408 
o mesh15
f 383//417 384//418 357//419 
f 384//418 358//420 357//419 
f 384//418 383//417 385//421 
f 386//422 385//421 387//423 
f 388//424 387//423 389//425 
f 390//426 389//425 391//427 
f 392//428 391//427 393//429 
f 394//430 393//429 395//431 
f 395//431 325//432 324//433 
f 324//433 396//434 395//431 
f 359//435 358//420 384//418 
f 397//436 360//437 359//435 
f 397//436 384//418 386//422 
f 398//438 386//422 388//424 
f 399//439 388//424 390//426 
f 400//440 390//426 392//428 
f 401//441 392//428 394//430 
f 402//442 394//430 396//434 
f 322//443 403//444 396//434 
f 396//434 321//445 322//443 
f 361//446 360//437 397//436 
f 404//447 362//448 361//446 
f 404//447 397//436 398//438 
f 405//449 398//438 399//439 
f 406//450 399//439 400//440 
f 407//451 400//440 401//441 
f 408//452 401//441 402//442 
f 409//453 402//442 403//444 
f 317//454 410//455 403//444 
f 403//444 320//456 317//454 
f 363//457 362//448 404//447 
f 411//458 364//459 363//457 
f 411//458 404//447 405//449 
f 412//460 405//449 406//450 
f 413//461 406//450 407//451 
f 414//462 407//451 408//452 
f 415//463 408//452 409//453 
f 416//464 409//453 410//455 
f 318//465 417//466 410//455 
f 410//455 319//467 318//465 
f 356//468 364//459 411//458 
f 352//469 411//458 412//460 
f 350//470 412//460 413//461 
f 348//471 413//461 414//462 
f 346//472 414//462 415//463 
f 344//473 415//463 416//464 
f 342//474 416//464 417//466 
f 340//475 417//466 316//476 
f 383//417 365//477 366//478 
f 366//478 365//477 367//479 
f 367//479 368//480 366//478 
f 385//421 383//417 369//481 
f 383//417 370//482 369//481 
f 387//423 385//421 371//483 
f 385//421 372//484 371//483 
f 389//425 387//423 373//485 
f 387//423 374//486 373//485 
f 391//427 389//425 375//487 
f 389//425 376//488 375//487 
f 393//429 391//427 377//489 
f 377//489 378//490 393//429 
f 395//431 393//429 379//491 
f 379//491 380//492 395//431 
f 323//493 395//431 381//494 
f 381//494 382//495 323//493 
f 323//493 325//432 395//431 
f 382//495 328//496 323//493 
f 380//492 381//494 395//431 
f 378//490 379//491 393//429 
f 375//487 377//489 391//427 
f 373//485 376//488 389//425 
f 371//483 374//486 387//423 
f 369//481 372//484 385//421 
f 366//478 370//482 383//417 
f 316//476 315//497 340//475 
f 417//466 340//475 342//474 
f 416//464 342//474 344//473 
f 415//463 344//473 346//472 
f 414//462 346//472 348//471 
f 413//461 348//471 350//470 
f 412//460 350//470 352//469 
f 411//458 352//469 356//468 
f 318//465 316//476 417//466 
f 410//455 417//466 416//464 
f 409//453 416//464 415//463 
f 408//452 415//463 414//462 
f 407//451 414//462 413//461 
f 406//450 413//461 412//460 
f 405//449 412//460 411//458 
f 404//447 411//458 363//457 
f 317//454 319//467 410//455 
f 403//444 410//455 409//453 
f 402//442 409//453 408//452 
f 401//441 408//452 407//451 
f 400//440 407//451 406//450 
f 399//439 406//450 405//449 
f 398//438 405//449 404//447 
f 397//436 404//447 361//446 
f 322//443 320//456 403//444 
f 396//434 403//444 402//442 
f 394//430 402//442 401//441 
f 392//428 401//441 400//440 
f 390//426 400//440 399//439 
f 388//424 399//439 398//438 
f 386//422 398//438 397//436 
f 384//418 397//436 359//435 
f 324//433 321//445 396//434 
f 395//431 396//434 394//430 
f 393//429 394//430 392//428 
f 391//427 392//428 390//426 
f 389//425 390//426 388//424 
f 387//423 388//424 386//422 
f 385//421 386//422 384//418 
f 357//419 365//477 383//417 
o mesh16
f 418//498 419//499 420//500 
f 418//498 421//501 419//499 
f 422//500 420//500 423//502 
f 424//502 423//502 425//503 
f 426//503 425//503 427//504 
f 428//504 429//505 430//506 
f 428//504 427//504 429//505 
f 431//507 432//506 433//508 
f 432//506 430//506 433//508 
f 431//507 434//507 435//509 
f 435//509 436//510 431//507 
f 437//511 438//511 436//510 
f 439//512 440//512 438//511 
f 441//513 442//513 440//512 
f 443//514 444//514 442//513 
f 445//515 446//515 444//514 
f 446//515 445//515 338//516 
f 338//516 447//517 446//515 
f 447//517 334//518 333//519 
f 333//519 448//520 447//517 
f 449//521 448//520 337//520 
f 337//520 336//522 449//521 
f 449//521 335//521 330//523 
f 330//523 450//524 449//521 
f 451//525 450//524 329//524 
f 452//526 451//525 331//525 
f 453//527 452//526 332//526 
f 332//526 326//528 453//527 
f 454//529 453//527 327//530 
f 327//530 328//531 454//529 
f 382//532 381//533 455//534 
f 456//535 455//534 381//533 
f 381//533 380//535 456//535 
f 457//536 456//535 380//535 
f 380//535 379//537 457//536 
f 458//538 457//536 378//539 
f 459//540 458//538 377//541 
f 460//542 459//540 376//543 
f 459//540 375//544 376//543 
f 461//545 460//542 374//546 
f 460//542 373//547 374//546 
f 462//548 461//545 372//549 
f 461//545 371//550 372//549 
f 463//551 462//548 370//552 
f 462//548 369//553 370//552 
f 463//551 368//554 421//501 
f 463//551 366//555 368//554 
f 421//501 418//498 463//551 
f 370//552 366//555 463//551 
f 372//549 369//553 462//548 
f 374//546 371//550 461//545 
f 376//543 373//547 460//542 
f 377//541 375//544 459//540 
f 378//539 377//541 458//538 
f 379//537 378//539 457//536 
f 455//534 454//529 382//532 
f 328//531 382//532 454//529 
f 326//528 327//530 453//527 
f 331//525 332//526 452//526 
f 329//524 331//525 451//525 
f 330//523 329//524 450//524 
f 336//522 335//521 449//521 
f 333//519 337//520 448//520 
f 338//516 334//518 447//517 
f 444//514 443//514 445//515 
f 442//513 441//513 443//514 
f 440//512 439//512 441//513 
f 438//511 437//511 439//512 
f 436//510 464//556 437//511 
f 435//509 464//556 436//510 
f 433//508 434//507 431//507 
f 430//506 432//506 428//504 
f 427//504 428//504 426//503 
f 425//503 426//503 424//502 
f 423//502 424//502 422//500 
f 420//500 422//500 418//498 
o mesh17
f 465//557 456//557 457//557 
f 457//557 458//557 465//557 
f 458//557 459//557 465//557 
f 459//557 460//557 465//557 
f 460//557 461//557 465//557 
f 461//557 462//557 465//557 
f 462//557 463//557 465//557 
f 463//557 418//557 465//557 
f 418//557 422//557 465//557 
f 422//557 424//557 465//557 
f 424//557 426//557 465//557 
f 426//557 428//557 465//557 
f 428//557 432//557 465//557 
f 432//557 431//557 465//557 
f 431//557 436//557 465//557 
f 436//557 438//557 465//557 
f 438//557 440//557 465//557 
f 440//557 442//557 465//557 
f 442//557 444//557 465//557 
f 444//557 446//557 465//557 
f 446//557 447//557 465//557 
f 447//557 448//557 465//557 
f 448//557 449//557 465//557 
f 449//557 450//557 465//557 
f 450//557 451//557 465//557 
f 451//557 452//557 465//557 
f 452//557 453//557 465//557 
f 453//557 454//557 465//557 
f 454//557 455//557 465//557 
f 455//557 456//557 465//557 
o mesh18
f 363//558 364//559 466//559 
f 466//559 467//560 468//560 
f 466//559 364//559 469//560 
f 469//560 467//560 466//559 
f 364//559 470//560 469//560 
f 364//559 471//560 470//560 
f 364//559 356//560 471//560 
f 468//560 472//560 466//559 
f 361//561 362//562 473//562 
f 474//563 473//562 362//562 
f 362//562 363//558 474//563 
f 359//564 360//565 475//565 
f 476//566 475//565 360//565 
f 360//565 361//561 476//566 
f 357//567 358//568 477//568 
f 478//569 477//568 358//568 
f 358//568 359//564 478//569 
f 367//570 365//571 479//571 
f 480//572 479//571 365//571 
f 365//571 357//567 480//572 
f 481//573 482//574 419//574 
f 481//573 483//575 482//574 
f 419//574 367//570 481//573 
f 481//573 484//576 483//575 
f 481//573 485//577 486//578 
f 486//578 484//576 481//573 
f 419//574 421//579 367//570 
f 482//574 423//580 420//581 
f 427//582 487//583 488//584 
f 488//584 429//584 427//582 
f 425//585 489//586 487//583 
f 427//582 425//585 487//583 
f 423//580 482//574 490//587 
f 490//587 489//586 423//580 
f 425//585 423//580 489//586 
f 488//584 434//588 433//589 
f 435//590 491//591 492//592 
f 491//591 435//590 434//588 
f 434//588 488//584 493//593 
f 493//593 494//594 434//588 
f 494//594 495//595 434//588 
f 434//588 495//595 491//591 
f 492//592 496//596 435//590 
f 433//589 430//597 488//584 
f 430//597 429//584 488//584 
f 420//581 419//574 482//574 
f 421//579 368//598 367//570 
f 479//571 481//573 367//570 
f 477//568 480//572 357//567 
f 475//565 478//569 359//564 
f 473//562 476//566 361//561 
f 466//559 474//563 363//558 
o mesh19
f 439//599 437//599 201//599 
f 435//599 304//599 207//599 
f 304//599 212//599 209//599 
f 77//599 69//599 338//599 
f 201//599 437//599 464//599 
f 201//599 231//599 439//599 
f 435//599 205//599 203//599 
f 209//599 207//599 304//599 
f 338//599 445//599 77//599 
f 497//599 498//599 499//599 
f 304//599 435//599 500//599 
f 231//599 157//599 439//599 
f 207//599 205//599 435//599 
f 157//599 76//599 443//599 
f 443//599 71//599 77//599 
f 443//599 73//599 72//599 
f 443//599 76//599 75//599 
f 304//599 501//599 497//599 
f 500//599 502//599 304//599 
f 435//599 496//599 503//599 
f 203//599 201//599 435//599 
f 443//599 441//599 157//599 
f 72//599 71//599 443//599 
f 75//599 74//599 443//599 
f 502//599 501//599 304//599 
f 503//599 504//599 435//599 
f 441//599 439//599 157//599 
f 74//599 73//599 443//599 
f 305//599 304//599 499//599 
f 504//599 500//599 435//599 
f 445//599 443//599 77//599 
f 499//599 304//599 497//599 
f 499//599 505//599 305//599 
f 464//599 435//599 201//599 
o mesh20
f 506//600 507//601 508//602 
f 508//602 509//603 506//600 
f 510//604 511//605 512//606 
f 512//606 506//600 510//604 
f 513//607 514//608 515//609 
f 515//609 510//604 513//607 
f 516//610 517//611 518//612 
f 518//612 513//607 516//610 
f 516//610 519//613 520//614 
f 519//613 521//615 520//614 
f 522//616 523//617 524//618 
f 524//618 525//619 522//616 
f 499//620 498//620 523//617 
f 523//617 522//616 499//620 
f 526//621 522//616 527//622 
f 527//622 528//623 526//621 
f 528//623 529//624 526//621 
f 529//624 530//625 526//621 
f 521//615 531//626 532//627 
f 521//615 533//628 531//626 
f 519//613 526//621 534//629 
f 534//629 533//628 519//613 
f 533//628 521//615 519//613 
f 532//627 535//630 521//615 
f 530//625 534//629 526//621 
f 525//619 527//622 522//616 
f 520//614 517//611 516//610 
f 518//612 514//608 513//607 
f 515//609 511//605 510//604 
f 512//606 507//601 506//600 
f 508//602 536//631 509//603 
o mesh21
f 505//632 522//632 526//632 
f 505//632 510//632 506//632 
f 505//632 519//632 516//632 
f 505//632 499//632 522//632 
f 505//632 513//632 510//632 
f 526//632 519//632 505//632 
f 516//632 513//632 505//632 
f 506//632 509//632 505//632 
o mesh22
f 537//633 538//634 539//635 
f 538//634 540//634 539//635 
f 541//636 537//633 542//637 
f 537//633 543//638 542//637 
f 544//639 541//636 545//640 
f 541//636 546//641 545//640 
f 547//642 544//639 548//643 
f 544//639 549//644 548//643 
f 550//645 547//642 551//646 
f 547//642 552//647 551//646 
f 553//648 550//645 554//649 
f 550//645 555//650 554//649 
f 556//651 553//648 557//652 
f 553//648 558//653 557//652 
f 556//651 535//654 532//655 
f 556//651 559//656 535//654 
f 560//657 531//658 533//659 
f 560//657 532//655 531//658 
f 561//659 534//660 530//661 
f 561//659 533//659 534//660 
f 562//661 530//661 529//662 
f 563//662 529//662 528//663 
f 564//663 527//664 525//665 
f 564//663 528//663 527//664 
f 565//666 566//665 524//667 
f 566//665 525//665 524//667 
f 565//666 523//666 498//668 
f 498//668 567//669 565//666 
f 501//670 568//670 567//669 
f 502//671 569//671 568//670 
f 500//672 570//672 569//671 
f 504//673 571//673 570//672 
f 503//674 572//674 571//673 
f 572//674 503//674 496//675 
f 496//675 573//676 572//674 
f 574//677 575//678 491//679 
f 575//678 573//676 492//680 
f 492//680 491//679 575//678 
f 574//677 495//681 494//682 
f 494//682 576//683 574//677 
f 577//684 576//683 493//683 
f 493//683 488//685 577//684 
f 578//686 577//684 487//687 
f 579//688 578//686 489//689 
f 580//690 579//688 490//691 
f 490//691 482//692 580//690 
f 581//693 580//690 483//694 
f 483//694 484//695 581//693 
f 538//634 581//693 485//696 
f 581//693 486//697 485//696 
f 485//696 540//634 538//634 
f 484//695 486//697 581//693 
f 482//692 483//694 580//690 
f 489//689 490//691 579//688 
f 487//687 489//689 578//686 
f 488//685 487//687 577//684 
f 494//682 493//683 576//683 
f 491//679 495//681 574//677 
f 496//675 492//680 573//676 
f 571//673 504//673 503//674 
f 570//672 500//672 504//673 
f 569//671 502//671 500//672 
f 568//670 501//670 502//671 
f 567//669 497//698 501//670 
f 498//668 497//698 567//669 
f 524//667 523//666 565//666 
f 525//665 566//665 564//663 
f 528//663 564//663 563//662 
f 529//662 563//662 562//661 
f 530//661 562//661 561//659 
f 533//659 561//659 560//657 
f 532//655 560//657 556//651 
f 557//652 559//656 556//651 
f 554//649 558//653 553//648 
f 551//646 555//650 550//645 
f 548//643 552//647 547//642 
f 545//640 549//644 544//639 
f 542//637 546//641 541//636 
f 539//635 543//638 537//633 
o mesh23
f 582//699 574//699 576//699 
f 576//699 577//699 582//699 
f 577//699 578//699 582//699 
f 578//699 579//699 582//699 
f 579//699 580//699 582//699 
f 580//699 581//699 582//699 
f 581//699 538//699 582//699 
f 538//699 537//699 582//699 
f 537//699 541//699 582//699 
f 541//699 544//699 582//699 
f 544//699 547//699 582//699 
f 547//699 550//699 582//699 
f 550//699 553//699 582//699 
f 553//699 556//699 582//699 
f 556//699 560//699 582//699 
f 560//699 561//699 582//699 
f 561//699 562//699 582//699 
f 562//699 563//699 582//699 
f 563//699 564//699 582//699 
f 564//699 566//699 582//699 
f 566//699 565//699 582//699 
f 565//699 567//699 582//699 
f 567//699 568//699 582//699 
f 568//699 569//699 582//699 
f 569//699 570//699 582//699 
f 570//699 571//699 582//699 
f 571//699 572//699 582//699 
f 572//699 573//699 582//699 
f 573//699 575//699 582//699 
f 575//699 574//699 582//699 
o mesh24
f 590//700 591//701 517//702 
f 591//701 518//703 517//702 
f 591//701 590//700 592//704 
f 593//705 592//704 594//706 
f 595//707 594//706 596//708 
f 597//709 596//708 598//710 
f 599//711 598//710 600//712 
f 601//713 600//712 602//714 
f 602//714 479//715 480//716 
f 480//716 603//717 602//714 
f 514//718 518//703 591//701 
f 604//719 515//720 514//718 
f 604//719 591//701 593//705 
f 605//721 593//705 595//707 
f 606//722 595//707 597//709 
f 607//723 597//709 599//711 
f 608//724 599//711 601//713 
f 609//725 601//713 603//717 
f 478//726 610//727 603//717 
f 603//717 477//728 478//726 
f 511//729 515//720 604//719 
f 611//730 512//731 511//729 
f 611//730 604//719 605//721 
f 612//732 605//721 606//722 
f 613//733 606//722 607//723 
f 614//734 607//723 608//724 
f 615//735 608//724 609//725 
f 616//736 609//725 610//727 
f 476//737 617//738 610//727 
f 610//727 475//739 476//737 
f 507//740 512//731 611//730 
f 618//741 508//742 507//740 
f 618//741 611//730 612//732 
f 619//743 612//732 613//733 
f 620//744 613//733 614//734 
f 621//745 614//734 615//735 
f 622//746 615//735 616//736 
f 623//747 616//736 617//738 
f 474//748 624//749 617//738 
f 617//738 473//750 474//748 
f 536//751 508//742 618//741 
f 583//752 618//741 619//743 
f 584//753 619//743 620//744 
f 585//754 620//744 621//745 
f 586//755 621//745 622//746 
f 587//756 622//746 623//747 
f 588//757 623//747 624//749 
f 589//758 624//749 466//759 
f 590//700 520//760 559//761 
f 559//761 520//760 521//762 
f 521//762 535//763 559//761 
f 592//704 590//700 558//764 
f 590//700 557//765 558//764 
f 594//706 592//704 555//766 
f 592//704 554//767 555//766 
f 596//708 594//706 552//768 
f 594//706 551//769 552//768 
f 598//710 596//708 549//770 
f 596//708 548//771 549//770 
f 600//712 598//710 546//772 
f 598//710 545//773 546//772 
f 602//714 600//712 543//774 
f 600//712 542//775 543//774 
f 481//776 602//714 540//777 
f 540//777 485//778 481//776 
f 602//714 539//779 540//777 
f 481//776 479//715 602//714 
f 543//774 539//779 602//714 
f 546//772 542//775 600//712 
f 549//770 545//773 598//710 
f 552//768 548//771 596//708 
f 555//766 551//769 594//706 
f 558//764 554//767 592//704 
f 559//761 557//765 590//700 
f 466//759 472//780 589//758 
f 624//749 589//758 588//757 
f 623//747 588//757 587//756 
f 622//746 587//756 586//755 
f 621//745 586//755 585//754 
f 620//744 585//754 584//753 
f 619//743 584//753 583//752 
f 618//741 583//752 536//751 
f 474//748 466//759 624//749 
f 617//738 624//749 623//747 
f 616//736 623//747 622//746 
f 615//735 622//746 621//745 
f 614//734 621//745 620//744 
f 613//733 620//744 619//743 
f 612//732 619//743 618//741 
f 611//730 618//741 507//740 
f 476//737 473//750 617//738 
f 610//727 617//738 616//736 
f 609//725 616//736 615//735 
f 608//724 615//735 614//734 
f 607//723 614//734 613//733 
f 606//722 613//733 612//732 
f 605//721 612//732 611//730 
f 604//719 611//730 511//729 
f 478//726 475//739 610//727 
f 603//717 610//727 609//725 
f 601//713 609//725 608//724 
f 599//711 608//724 607//723 
f 597//709 607//723 606//722 
f 595//707 606//722 605//721 
f 593//705 605//721 604//719 
f 591//701 604//719 514//718 
f 480//716 477//728 603//717 
f 602//714 603//717 601//713 
f 600//712 601//713 599//711 
f 598//710 599//711 597//709 
f 596//708 597//709 595//707 
f 594//706 595//707 593//705 
f 592//704 593//705 591//701 
f 517//702 520//760 590//700 
o mesh25
f 625//781 589//781 626//780 
f 589//781 627//780 626//780 
f 589//781 472//780 627//780 
f 589//781 625//781 628//782 
f 588//782 628//782 629//783 
f 587//783 629//783 630//784 
f 586//784 630//784 631//785 
f 585//785 631//785 632//786 
f 584//786 632//786 633//787 
f 583//787 633//787 634//788 
f 634//788 536//788 583//787 
f 633//787 583//787 584//786 
f 632//786 584//786 585//785 
f 631//785 585//785 586//784 
f 630//784 586//784 587//783 
f 629//783 587//783 588//782 
f 628//782 588//782 589//781 
f 626//780 635//789 625//781 
o mesh26
f 536//788 636//788 637//788 
f 637//788 509//788 536//788 
f 296//788 305//788 638//788 
f 288//788 639//788 640//788 
f 288//788 641//788 642//788 
f 288//788 643//788 644//788 
f 536//788 645//788 636//788 
f 536//788 646//788 647//788 
f 536//788 648//788 649//788 
f 296//788 650//788 651//788 
f 305//788 652//788 638//788 
f 505//788 653//788 652//788 
f 634//788 654//788 655//788 
f 640//788 634//788 288//788 
f 644//788 641//788 288//788 
f 288//788 656//788 657//788 
f 658//788 296//788 509//788 
f 509//788 659//788 660//788 
f 647//788 645//788 536//788 
f 649//788 661//788 536//788 
f 651//788 509//788 296//788 
f 652//788 305//788 505//788 
f 634//788 662//788 648//788 
f 634//788 663//788 664//788 
f 640//788 654//788 634//788 
f 657//788 643//788 288//788 
f 250//788 665//788 656//788 
f 250//788 666//788 667//788 
f 666//788 250//788 296//788 
f 660//788 668//788 509//788 
f 661//788 646//788 536//788 
f 638//788 650//788 296//788 
f 505//788 509//788 669//788 
f 634//788 670//788 662//788 
f 655//788 663//788 634//788 
f 656//788 288//788 250//788 
f 296//788 658//788 666//788 
f 637//788 659//788 509//788 
f 669//788 653//788 505//788 
f 664//788 670//788 634//788 
f 667//788 665//788 250//788 
f 651//788 669//788 509//788 
f 642//788 639//788 288//788 
f 648//788 536//788 634//788 
f 509//788 668//788 658//788 
o mesh27
f 671//790 650//790 638//790 
f 638//790 672//790 671//790 
o mesh28
f 673//791 651//791 650//791 
f 650//791 671//791 673//791 
o mesh29
f 674//792 669//792 651//792 
f 651//792 673//792 674//792 
o mesh30
f 669//793 674//793 675//793 
f 675//793 653//793 669//793 
o mesh31
f 676//794 652//794 653//794 
f 653//794 675//794 676//794 
o mesh32
f 672//795 638//795 652//795 
f 652//795 676//795 672//795 
o mesh33
f 673//796 677//796 678//796 
f 676//796 675//796 679//796 
f 674//796 680//796 681//796 
f 673//796 682//796 677//796 
f 671//796 672//796 683//796 
f 672//796 684//796 685//796 
f 672//796 676//796 686//796 
f 679//796 687//796 676//796 
f 674//796 678//796 680//796 
f 673//796 688//796 682//796 
f 671//796 689//796 690//796 
f 683//796 691//796 671//796 
f 685//796 692//796 672//796 
f 686//796 693//796 672//796 
f 687//796 694//796 676//796 
f 675//796 695//796 696//796 
f 678//796 674//796 673//796 
f 673//796 690//796 697//796 
f 671//796 698//796 689//796 
f 691//796 699//796 671//796 
f 693//796 684//796 672//796 
f 676//796 700//796 701//796 
f 696//796 679//796 675//796 
f 697//796 688//796 673//796 
f 699//796 698//796 671//796 
f 701//796 686//796 676//796 
f 675//796 702//796 695//796 
f 675//796 674//796 703//796 
f 674//796 704//796 705//796 
f 690//796 673//796 671//796 
f 694//796 700//796 676//796 
f 703//796 706//796 675//796 
f 681//796 704//796 674//796 
f 706//796 702//796 675//796 
f 692//796 683//796 672//796 
f 705//796 703//796 674//796 
o mesh34
f 683//797 707//797 708//798 
f 691//798 708//798 709//799 
f 699//799 709//799 710//800 
f 698//800 710//800 711//801 
f 689//801 711//801 712//802 
f 690//802 712//802 713//803 
f 697//803 713//803 714//804 
f 688//804 714//804 715//805 
f 682//805 715//805 716//806 
f 677//806 716//806 717//807 
f 678//807 717//807 718//808 
f 680//808 718//808 719//809 
f 681//809 719//809 720//810 
f 704//810 720//810 721//811 
f 722//812 706//812 703//813 
f 705//814 721//811 723//813 
f 723//813 703//813 705//814 
f 706//812 722//812 724//815 
f 702//815 724//815 725//816 
f 695//816 725//816 726//817 
f 696//817 726//817 727//818 
f 679//818 727//818 728//819 
f 687//819 728//819 729//820 
f 694//820 729//820 730//821 
f 700//821 730//821 731//822 
f 701//822 731//822 732//823 
f 686//823 732//823 733//824 
f 693//824 733//824 734//825 
f 684//825 734//825 735//826 
f 685//826 735//826 736//827 
f 692//827 736//827 707//797 
f 707//797 683//797 692//827 
f 736//827 692//827 685//826 
f 735//826 685//826 684//825 
f 734//825 684//825 693//824 
f 733//824 693//824 686//823 
f 732//823 686//823 701//822 
f 731//822 701//822 700//821 
f 730//821 700//821 694//820 
f 729//820 694//820 687//819 
f 728//819 687//819 679//818 
f 727//818 679//818 696//817 
f 726//817 696//817 695//816 
f 725//816 695//816 702//815 
f 724//815 702//815 706//812 
f 703//813 723//813 722//812 
f 721//811 705//814 704//810 
f 720//810 704//810 681//809 
f 719//809 681//809 680//808 
f 718//808 680//808 678//807 
f 717//807 678//807 677//806 
f 716//806 677//806 682//805 
f 715//805 682//805 688//804 
f 714//804 688//804 697//803 
f 713//803 697//803 690//802 
f 712//802 690//802 689//801 
f 711//801 689//801 698//800 
f 710//800 698//800 699//799 
f 709//799 699//799 691//798 
f 708//798 691//798 683//797 
o mesh35
f 716//828 737//828 738//828 
f 715//828 739//828 737//828 
f 713//828 740//828 741//828 
f 712//828 742//828 740//828 
f 711//828 743//828 742//828 
f 710//828 744//828 743//828 
f 736//828 745//828 746//828 
f 735//828 747//828 745//828 
f 734//828 748//828 747//828 
f 734//828 733//828 749//828 
f 732//828 731//828 750//828 
f 730//828 751//828 750//828 
f 737//828 716//828 715//828 
f 714//828 741//828 739//828 
f 740//828 713//828 712//828 
f 743//828 711//828 710//828 
f 745//828 736//828 735//828 
f 749//828 748//828 734//828 
f 733//828 732//828 752//828 
f 750//828 731//828 730//828 
f 718//828 753//828 754//828 
f 717//828 738//828 753//828 
f 739//828 715//828 714//828 
f 742//828 712//828 711//828 
f 709//828 755//828 744//828 
f 709//828 708//828 756//828 
f 747//828 735//828 734//828 
f 750//828 752//828 732//828 
f 729//828 757//828 751//828 
f 729//828 728//828 758//828 
f 726//828 759//828 760//828 
f 726//828 725//828 761//828 
f 753//828 718//828 717//828 
f 741//828 714//828 713//828 
f 756//828 755//828 709//828 
f 708//828 707//828 746//828 
f 752//828 749//828 733//828 
f 758//828 757//828 729//828 
f 727//828 760//828 758//828 
f 761//828 759//828 726//828 
f 721//828 762//828 763//828 
f 720//828 764//828 762//828 
f 738//828 717//828 716//828 
f 746//828 756//828 708//828 
f 751//828 730//828 729//828 
f 760//828 727//828 726//828 
f 762//828 721//828 720//828 
f 720//828 719//828 754//828 
f 744//828 710//828 709//828 
f 758//828 728//828 727//828 
f 724//828 722//828 765//828 
f 722//828 723//828 763//828 
f 754//828 764//828 720//828 
f 746//828 707//828 736//828 
f 724//828 766//828 761//828 
f 763//828 765//828 722//828 
f 754//828 719//828 718//828 
f 765//828 766//828 724//828 
f 761//828 725//828 724//828 
f 763//828 723//828 721//828 
o mesh36
f 767//829 768//830 746//830 
f 769//831 767//829 745//832 
f 770//833 769//831 747//834 
f 771//835 770//833 748//836 
f 772//837 771//835 749//838 
f 773//839 772//837 752//840 
f 774//841 773//839 750//842 
f 775//843 774//841 751//844 
f 776//845 775//843 757//846 
f 777//847 776//845 758//848 
f 778//849 777//847 760//850 
f 779//851 778//849 759//852 
f 780//853 779//851 761//854 
f 781//855 780//853 766//856 
f 762//857 782//857 783//858 
f 781//855 765//859 763//858 
f 763//858 783//858 781//855 
f 784//860 782//857 762//857 
f 785//861 784//860 764//860 
f 786//862 785//861 754//861 
f 787//863 786//862 753//862 
f 788//864 787//863 738//863 
f 789//865 788//864 737//864 
f 790//866 789//865 739//865 
f 791//867 790//866 741//866 
f 792//868 791//867 740//867 
f 793//869 792//868 742//868 
f 794//870 793//869 743//869 
f 795//871 794//870 744//870 
f 796//872 795//871 755//871 
f 768//830 796//872 756//872 
f 756//872 746//830 768//830 
f 755//871 756//872 796//872 
f 744//870 755//871 795//871 
f 743//869 744//870 794//870 
f 742//868 743//869 793//869 
f 740//867 742//868 792//868 
f 741//866 740//867 791//867 
f 739//865 741//866 790//866 
f 737//864 739//865 789//865 
f 738//863 737//864 788//864 
f 753//862 738//863 787//863 
f 754//861 753//862 786//862 
f 764//860 754//861 785//861 
f 762//857 764//860 784//860 
f 783//858 763//858 762//857 
f 766//856 765//859 781//855 
f 761//854 766//856 780//853 
f 759//852 761//854 779//851 
f 760//850 759//852 778//849 
f 758//848 760//850 777//847 
f 757//846 758//848 776//845 
f 751//844 757//846 775//843 
f 750//842 751//844 774//841 
f 752//840 750//842 773//839 
f 749//838 752//840 772//837 
f 748//836 749//838 771//835 
f 747//834 748//836 770//833 
f 745//832 747//834 769//831 
f 746//830 745//832 767//829 
o mesh37
f 649//873 648//874 797//874 
f 661//875 649//873 798//876 
f 646//877 661//875 799//878 
f 647//879 646//877 800//880 
f 645//881 647//879 801//882 
f 636//883 645//881 802//884 
f 637//885 636//883 803//886 
f 659//887 637//885 804//888 
f 660//889 659//887 805//890 
f 668//891 660//889 806//892 
f 658//893 668//891 807//894 
f 666//895 658//893 808//896 
f 667//897 666//895 809//898 
f 665//899 667//897 810//900 
f 656//901 665//899 811//902 
f 665//899 812//903 811//902 
f 657//904 656//901 813//905 
f 643//906 657//904 814//907 
f 644//908 643//906 815//909 
f 641//910 644//908 816//911 
f 642//912 641//910 817//913 
f 639//914 642//912 818//915 
f 640//916 639//914 819//917 
f 654//918 640//916 820//919 
f 655//920 654//918 821//921 
f 663//922 655//920 822//923 
f 664//924 663//922 823//925 
f 670//926 664//924 824//927 
f 662//928 670//926 825//929 
f 648//874 662//928 826//928 
f 826//928 797//874 648//874 
f 825//929 826//928 662//928 
f 824//927 825//929 670//926 
f 823//925 824//927 664//924 
f 822//923 823//925 663//922 
f 821//921 822//923 655//920 
f 820//919 821//921 654//918 
f 819//917 820//919 640//916 
f 818//915 819//917 639//914 
f 817//913 818//915 642//912 
f 816//911 817//913 641//910 
f 815//909 816//911 644//908 
f 814//907 815//909 643//906 
f 813//905 814//907 657//904 
f 811//902 813//905 656//901 
f 810//900 812//903 665//899 
f 809//898 810//900 667//897 
f 808//896 809//898 666//895 
f 807//894 808//896 658//893 
f 806//892 807//894 668//891 
f 805//890 806//892 660//889 
f 804//888 805//890 659//887 
f 803//886 804//888 637//885 
f 802//884 803//886 636//883 
f 801//882 802//884 645//881 
f 800//880 801//882 647//879 
f 799//878 800//880 646//877 
f 798//876 799//878 661//875 
f 797//874 798//876 649//873 
o mesh38
f 827//930 824//930 823//930 
f 828//930 829//930 813//930 
f 827//930 825//930 824//930 
f 829//930 814//930 813//930 
f 829//930 817//930 816//930 
f 829//930 827//930 820//930 
f 827//930 826//930 825//930 
f 827//930 798//930 797//930 
f 830//930 799//930 798//930 
f 830//930 802//930 801//930 
f 830//930 804//930 803//930 
f 829//930 815//930 814//930 
f 829//930 818//930 817//930 
f 827//930 821//930 820//930 
f 797//930 826//930 827//930 
f 830//930 800//930 799//930 
f 803//930 802//930 830//930 
f 831//930 805//930 804//930 
f 831//930 809//930 808//930 
f 816//930 815//930 829//930 
f 827//930 822//930 821//930 
f 798//930 827//930 830//930 
f 804//930 830//930 831//930 
f 808//930 807//930 831//930 
f 828//930 810//930 831//930 
f 829//930 819//930 818//930 
f 823//930 822//930 827//930 
f 831//930 806//930 805//930 
f 831//930 810//930 809//930 
f 828//930 812//930 810//930 
f 820//930 819//930 829//930 
f 807//930 806//930 831//930 
f 828//930 811//930 812//930 
f 801//930 800//930 830//930 
f 813//930 811//930 828//930 
f 832//930 833//930 830//930 
f 830//930 827//930 832//930 
f 831//930 834//930 828//930 
o mesh39
f 835//931 836//931 837//931 
f 838//931 839//931 840//931 
f 835//931 841//931 836//931 
f 838//931 833//931 839//931 
f 840//931 835//931 838//931 
f 837//931 838//931 835//931 
f 838//931 842//931 833//931 
f 843//931 830//931 833//931 
f 833//931 844//931 843//931 
f 842//931 844//931 833//931 
o mesh40
f 845//932 846//932 847//932 
f 846//932 845//932 848//932 
f 847//932 849//932 845//932 
f 848//932 850//932 846//932 
f 850//932 851//932 846//932 
f 834//932 852//932 845//932 
f 853//932 854//932 834//932 
f 834//932 854//932 852//932 
f 849//932 834//932 845//932 
f 834//932 831//932 853//932 
o mesh41
f 843//931 844//931 855//933 
f 856//933 855//933 857//934 
f 858//934 857//934 859//935 
f 860//935 859//935 861//936 
f 862//936 861//936 863//937 
f 864//937 863//937 865//938 
f 866//938 865//938 867//939 
f 868//939 867//939 869//940 
f 870//940 869//940 871//941 
f 872//941 871//941 873//942 
f 874//942 873//942 875//943 
f 876//943 875//943 877//944 
f 878//944 877//944 879//945 
f 880//945 879//945 881//946 
f 882//946 881//946 854//947 
f 854//947 853//947 882//946 
f 881//946 882//946 880//945 
f 879//945 880//945 878//944 
f 877//944 878//944 876//943 
f 875//943 876//943 874//942 
f 873//942 874//942 872//941 
f 871//941 872//941 870//940 
f 869//940 870//940 868//939 
f 867//939 868//939 866//938 
f 865//938 866//938 864//937 
f 863//937 864//937 862//936 
f 861//936 862//936 860//935 
f 859//935 860//935 858//934 
f 857//934 858//934 856//933 
f 855//933 856//933 843//931 
o mesh42
f 883//948 828//949 834//949 
f 884//950 883//948 849//951 
f 885//952 884//950 847//953 
f 886//954 885//952 846//955 
f 887//956 886//954 851//957 
f 888//958 887//956 850//959 
f 889//960 888//958 848//961 
f 890//962 889//960 845//963 
f 845//963 852//962 890//962 
f 848//961 845//963 889//960 
f 850//959 848//961 888//958 
f 851//957 850//959 887//956 
f 846//955 851//957 886//954 
f 847//953 846//955 885//952 
f 849//951 847//953 884//950 
f 834//949 849//951 883//948 
o mesh43
f 890//962 891//962 914//964 
f 891//962 892//965 915//966 
f 892//965 893//965 916//967 
f 893//965 894//968 917//969 
f 894//968 895//968 918//970 
f 895//968 896//971 919//972 
f 896//971 897//971 920//973 
f 897//971 898//974 899//975 
f 889//976 914//964 921//977 
f 914//964 915//966 922//978 
f 915//966 916//967 923//979 
f 916//967 917//969 924//980 
f 917//969 918//970 925//981 
f 918//970 919//972 926//982 
f 919//972 920//973 927//983 
f 920//973 899//975 900//984 
f 888//985 921//977 928//986 
f 921//977 922//978 929//987 
f 922//978 923//979 930//988 
f 923//979 924//980 931//989 
f 924//980 925//981 932//990 
f 925//981 926//982 933//991 
f 926//982 927//983 934//992 
f 927//983 900//984 901//993 
f 887//994 928//986 935//995 
f 928//986 929//987 936//996 
f 929//987 930//988 937//997 
f 930//988 931//989 938//998 
f 931//989 932//990 939//999 
f 932//990 933//991 940//1000 
f 933//991 934//992 941//1001 
f 934//992 901//993 902//1002 
f 886//1003 935//995 942//1004 
f 935//995 936//996 943//1005 
f 936//996 937//997 944//1006 
f 937//997 938//998 945//1007 
f 938//998 939//999 946//1008 
f 939//999 940//1000 947//1009 
f 940//1000 941//1001 948//1010 
f 941//1001 902//1002 903//1011 
f 885//1012 942//1004 949//1013 
f 942//1004 943//1005 950//1014 
f 943//1005 944//1006 951//1015 
f 944//1006 945//1007 952//1016 
f 945//1007 946//1008 953//1017 
f 946//1008 947//1009 954//1018 
f 947//1009 948//1010 955//1019 
f 948//1010 903//1011 904//1020 
f 884//1021 949//1013 956//1022 
f 949//1013 950//1014 957//1023 
f 950//1014 951//1015 958//1024 
f 951//1015 952//1016 959//1025 
f 952//1016 953//1017 960//1026 
f 953//1017 954//1018 961//1027 
f 954//1018 955//1019 962//1028 
f 955//1019 904//1020 905//1029 
f 883//1030 956//1022 906//1031 
f 956//1022 957//1023 907//1032 
f 957//1023 958//1024 908//1033 
f 958//1024 959//1025 909//1034 
f 959//1025 960//1026 910//1035 
f 960//1026 961//1027 911//1036 
f 961//1027 962//1028 912//1037 
f 962//1028 905//1029 913//1038 
f 913//1038 912//1037 962//1028 
f 912//1037 911//1036 961//1027 
f 911//1036 910//1035 960//1026 
f 910//1035 909//1034 959//1025 
f 909//1034 908//1033 958//1024 
f 908//1033 907//1032 957//1023 
f 907//1032 906//1031 956//1022 
f 906//1031 828//1039 883//1030 
f 905//1029 962//1028 955//1019 
f 962//1028 961//1027 954//1018 
f 961//1027 960//1026 953//1017 
f 960//1026 959//1025 952//1016 
f 959//1025 958//1024 951//1015 
f 958//1024 957//1023 950//1014 
f 957//1023 956//1022 949//1013 
f 956//1022 883//1030 884//1021 
f 904//1020 955//1019 948//1010 
f 955//1019 954//1018 947//1009 
f 954//1018 953//1017 946//1008 
f 953//1017 952//1016 945//1007 
f 952//1016 951//1015 944//1006 
f 951//1015 950//1014 943//1005 
f 950//1014 949//1013 942//1004 
f 949//1013 884//1021 885//1012 
f 903//1011 948//1010 941//1001 
f 948//1010 947//1009 940//1000 
f 947//1009 946//1008 939//999 
f 946//1008 945//1007 938//998 
f 945//1007 944//1006 937//997 
f 944//1006 943//1005 936//996 
f 943//1005 942//1004 935//995 
f 942//1004 885//1012 886//1003 
f 902//1002 941//1001 934//992 
f 941//1001 940//1000 933//991 
f 940//1000 939//999 932//990 
f 939//999 938//998 931//989 
f 938//998 937//997 930//988 
f 937//997 936//996 929//987 
f 936//996 935//995 928//986 
f 935//995 886//1003 887//994 
f 901//993 934//992 927//983 
f 934//992 933//991 926//982 
f 933//991 932//990 925//981 
f 932//990 931//989 924//980 
f 931//989 930//988 923//979 
f 930//988 929//987 922//978 
f 929//987 928//986 921//977 
f 928//986 887//994 888//985 
f 900//984 927//983 920//973 
f 927//983 926//982 919//972 
f 926//982 925//981 918//970 
f 925//981 924//980 917//969 
f 924//980 923//979 916//967 
f 923//979 922//978 915//966 
f 922//978 921//977 914//964 
f 921//977 888//985 889//976 
f 899//975 920//973 897//971 
f 920//973 919//972 896//971 
f 919//972 918//970 895//968 
f 918//970 917//969 894//968 
f 917//969 916//967 893//965 
f 916//967 915//966 892//965 
f 915//966 914//964 891//962 
f 914//964 889//976 890//962 
o mesh44
f 963//1040 829//1039 828//1039 
f 964//1041 963//1040 906//1040 
f 965//1042 964//1041 907//1041 
f 966//1043 965//1042 908//1042 
f 967//1044 966//1043 909//1043 
f 968//1045 967//1044 910//1044 
f 969//1046 968//1045 911//1045 
f 970//1047 969//1046 912//1046 
f 912//1046 913//1047 970//1047 
f 911//1045 912//1046 969//1046 
f 910//1044 911//1045 968//1045 
f 909//1043 910//1044 967//1044 
f 908//1042 909//1043 966//1043 
f 907//1041 908//1042 965//1042 
f 906//1040 907//1041 964//1041 
f 828//1039 906//1040 963//1040 
o mesh45
f 971//1048 972//1047 913//1047 
f 973//1049 971//1048 905//1048 
f 974//1050 973//1049 904//1049 
f 975//1051 974//1050 903//1050 
f 976//1052 975//1051 902//1051 
f 977//1053 976//1052 901//1052 
f 978//1054 977//1053 900//1053 
f 979//1055 978//1054 899//1054 
f 899//1054 898//1055 979//1055 
f 900//1053 899//1054 978//1054 
f 901//1052 900//1053 977//1053 
f 902//1051 901//1052 976//1052 
f 903//1050 902//1051 975//1051 
f 904//1049 903//1050 974//1050 
f 905//1048 904//1049 973//1049 
f 913//1047 905//1048 971//1048 
o mesh46
f 980//1056 970//1056 913//1056 
f 913//1056 972//1056 980//1056 
o mesh47
f 979//1055 981//1055 1004//1057 
f 981//1055 982//1058 1005//1059 
f 982//1058 983//1058 1006//1060 
f 983//1058 984//1061 1007//1062 
f 984//1061 985//1061 1008//1063 
f 985//1061 986//1064 1009//1065 
f 986//1064 987//1064 1010//1066 
f 987//1064 988//1067 989//1068 
f 978//1069 1004//1057 1011//1070 
f 1004//1057 1005//1059 1012//1071 
f 1005//1059 1006//1060 1013//1072 
f 1006//1060 1007//1062 1014//1073 
f 1007//1062 1008//1063 1015//1074 
f 1008//1063 1009//1065 1016//1075 
f 1009//1065 1010//1066 1017//1076 
f 1010//1066 989//1068 990//1077 
f 977//1078 1011//1070 1018//1079 
f 1011//1070 1012//1071 1019//1080 
f 1012//1071 1013//1072 1020//1081 
f 1013//1072 1014//1073 1021//1082 
f 1014//1073 1015//1074 1022//1083 
f 1015//1074 1016//1075 1023//1084 
f 1016//1075 1017//1076 1024//1085 
f 1017//1076 990//1077 991//1086 
f 976//1087 1018//1079 1025//1088 
f 1018//1079 1019//1080 1026//1089 
f 1019//1080 1020//1081 1027//1090 
f 1020//1081 1021//1082 1028//1091 
f 1021//1082 1022//1083 1029//1092 
f 1022//1083 1023//1084 1030//1093 
f 1023//1084 1024//1085 1031//1094 
f 1024//1085 991//1086 992//1095 
f 975//1096 1025//1088 1032//1097 
f 1025//1088 1026//1089 1033//1098 
f 1026//1089 1027//1090 1034//1099 
f 1027//1090 1028//1091 1035//1100 
f 1028//1091 1029//1092 1036//1101 
f 1029//1092 1030//1093 1037//1102 
f 1030//1093 1031//1094 1038//1103 
f 1031//1094 992//1095 993//1104 
f 974//1105 1032//1097 1039//1106 
f 1032//1097 1033//1098 1040//1107 
f 1033//1098 1034//1099 1041//1108 
f 1034//1099 1035//1100 1042//1109 
f 1035//1100 1036//1101 1043//1110 
f 1036//1101 1037//1102 1044//1111 
f 1037//1102 1038//1103 1045//1112 
f 1038//1103 993//1104 994//1113 
f 973//1114 1039//1106 1046//1115 
f 1039//1106 1040//1107 1047//1116 
f 1040//1107 1041//1108 1048//1117 
f 1041//1108 1042//1109 1049//1118 
f 1042//1109 1043//1110 1050//1119 
f 1043//1110 1044//1111 1051//1120 
f 1044//1111 1045//1112 1052//1121 
f 1045//1112 994//1113 995//1122 
f 971//1123 1046//1115 996//1124 
f 1046//1115 1047//1116 997//1125 
f 1047//1116 1048//1117 998//1126 
f 1048//1117 1049//1118 999//1127 
f 1049//1118 1050//1119 1000//1128 
f 1050//1119 1051//1120 1001//1129 
f 1051//1120 1052//1121 1002//1130 
f 1052//1121 995//1122 1003//1131 
f 1003//1131 1002//1130 1052//1121 
f 1002//1130 1001//1129 1051//1120 
f 1001//1129 1000//1128 1050//1119 
f 1000//1128 999//1127 1049//1118 
f 999//1127 998//1126 1048//1117 
f 998//1126 997//1125 1047//1116 
f 997//1125 996//1124 1046//1115 
f 996//1124 972//1132 971//1123 
f 995//1122 1052//1121 1045//1112 
f 1052//1121 1051//1120 1044//1111 
f 1051//1120 1050//1119 1043//1110 
f 1050//1119 1049//1118 1042//1109 
f 1049//1118 1048//1117 1041//1108 
f 1048//1117 1047//1116 1040//1107 
f 1047//1116 1046//1115 1039//1106 
f 1046//1115 971//1123 973//1114 
f 994//1113 1045//1112 1038//1103 
f 1045//1112 1044//1111 1037//1102 
f 1044//1111 1043//1110 1036//1101 
f 1043//1110 1042//1109 1035//1100 
f 1042//1109 1041//1108 1034//1099 
f 1041//1108 1040//1107 1033//1098 
f 1040//1107 1039//1106 1032//1097 
f 1039//1106 973//1114 974//1105 
f 993//1104 1038//1103 1031//1094 
f 1038//1103 1037//1102 1030//1093 
f 1037//1102 1036//1101 1029//1092 
f 1036//1101 1035//1100 1028//1091 
f 1035//1100 1034//1099 1027//1090 
f 1034//1099 1033//1098 1026//1089 
f 1033//1098 1032//1097 1025//1088 
f 1032//1097 974//1105 975//1096 
f 992//1095 1031//1094 1024//1085 
f 1031//1094 1030//1093 1023//1084 
f 1030//1093 1029//1092 1022//1083 
f 1029//1092 1028//1091 1021//1082 
f 1028//1091 1027//1090 1020//1081 
f 1027//1090 1026//1089 1019//1080 
f 1026//1089 1025//1088 1018//1079 
f 1025//1088 975//1096 976//1087 
f 991//1086 1024//1085 1017//1076 
f 1024//1085 1023//1084 1016//1075 
f 1023//1084 1022//1083 1015//1074 
f 1022//1083 1021//1082 1014//1073 
f 1021//1082 1020//1081 1013//1072 
f 1020//1081 1019//1080 1012//1071 
f 1019//1080 1018//1079 1011//1070 
f 1018//1079 976//1087 977//1078 
f 990//1077 1017//1076 1010//1066 
f 1017//1076 1016//1075 1009//1065 
f 1016//1075 1015//1074 1008//1063 
f 1015//1074 1014//1073 1007//1062 
f 1014//1073 1013//1072 1006//1060 
f 1013//1072 1012//1071 1005//1059 
f 1012//1071 1011//1070 1004//1057 
f 1011//1070 977//1078 978//1069 
f 989//1068 1010//1066 987//1064 
f 1010//1066 1009//1065 986//1064 
f 1009//1065 1008//1063 985//1061 
f 1008//1063 1007//1062 984//1061 
f 1007//1062 1006//1060 983//1058 
f 1006//1060 1005//1059 982//1058 
f 1005//1059 1004//1057 981//1055 
f 1004//1057 978//1069 979//1055 
o mesh48
f 1053//1133 980//1132 972//1132 
f 1054//1134 1053//1133 996//1133 
f 1055//1135 1054//1134 997//1134 
f 1056//1136 1055//1135 998//1135 
f 1057//1137 1056//1136 999//1136 
f 1058//1138 1057//1137 1000//1137 
f 1059//1139 1058//1138 1001//1138 
f 1060//1140 1059//1139 1002//1139 
f 1002//1139 1003//1140 1060//1140 
f 1001//1138 1002//1139 1059//1139 
f 1000//1137 1001//1138 1058//1138 
f 999//1136 1000//1137 1057//1137 
f 998//1135 999//1136 1056//1136 
f 997//1134 998//1135 1055//1135 
f 996//1133 997//1134 1054//1134 
f 972//1132 996//1133 1053//1133 
o mesh49
f 1061//1141 1062//1140 1003//1140 
f 1063//1142 1061//1141 995//1141 
f 1064//1143 1063//1142 994//1142 
f 1065//1144 1064//1143 993//1143 
f 1066//1145 1065//1144 992//1144 
f 1067//1146 1066//1145 991//1145 
f 1068//1147 1067//1146 990//1146 
f 1069//1148 1068//1147 989//1147 
f 989//1147 988//1148 1069//1148 
f 990//1146 989//1147 1068//1147 
f 991//1145 990//1146 1067//1146 
f 992//1144 991//1145 1066//1145 
f 993//1143 992//1144 1065//1144 
f 994//1142 993//1143 1064//1143 
f 995//1141 994//1142 1063//1142 
f 1003//1140 995//1141 1061//1141 
o mesh50
f 1070//1149 1060//1149 1003//1149 
f 1003//1149 1062//1149 1070//1149 
o mesh51
f 1069//1148 1071//1148 1094//1150 
f 1071//1148 1072//1151 1095//1152 
f 1072//1151 1073//1151 1096//1153 
f 1073//1151 1074//1154 1097//1155 
f 1074//1154 1075//1154 1098//1156 
f 1075//1154 1076//1157 1099//1158 
f 1076//1157 1077//1157 1100//1159 
f 1077//1157 1078//1160 1079//1161 
f 1068//1162 1094//1150 1101//1163 
f 1094//1150 1095//1152 1102//1164 
f 1095//1152 1096//1153 1103//1165 
f 1096//1153 1097//1155 1104//1166 
f 1097//1155 1098//1156 1105//1167 
f 1098//1156 1099//1158 1106//1168 
f 1099//1158 1100//1159 1107//1169 
f 1100//1159 1079//1161 1080//1170 
f 1067//1171 1101//1163 1108//1172 
f 1101//1163 1102//1164 1109//1173 
f 1102//1164 1103//1165 1110//1174 
f 1103//1165 1104//1166 1111//1175 
f 1104//1166 1105//1167 1112//1176 
f 1105//1167 1106//1168 1113//1177 
f 1106//1168 1107//1169 1114//1178 
f 1107//1169 1080//1170 1081//1179 
f 1066//1180 1108//1172 1115//1181 
f 1108//1172 1109//1173 1116//1182 
f 1109//1173 1110//1174 1117//1183 
f 1110//1174 1111//1175 1118//1184 
f 1111//1175 1112//1176 1119//1185 
f 1112//1176 1113//1177 1120//1186 
f 1113//1177 1114//1178 1121//1187 
f 1114//1178 1081//1179 1082//1188 
f 1065//1189 1115//1181 1122//1190 
f 1115//1181 1116//1182 1123//1191 
f 1116//1182 1117//1183 1124//1192 
f 1117//1183 1118//1184 1125//1193 
f 1118//1184 1119//1185 1126//1194 
f 1119//1185 1120//1186 1127//1195 
f 1120//1186 1121//1187 1128//1196 
f 1121//1187 1082//1188 1083//1197 
f 1064//1198 1122//1190 1129//1199 
f 1122//1190 1123//1191 1130//1200 
f 1123//1191 1124//1192 1131//1201 
f 1124//1192 1125//1193 1132//1202 
f 1125//1193 1126//1194 1133//1203 
f 1126//1194 1127//1195 1134//1204 
f 1127//1195 1128//1196 1135//1205 
f 1128//1196 1083//1197 1084//1206 
f 1063//1207 1129//1199 1136//1208 
f 1129//1199 1130//1200 1137//1209 
f 1130//1200 1131//1201 1138//1210 
f 1131//1201 1132//1202 1139//1211 
f 1132//1202 1133//1203 1140//1212 
f 1133//1203 1134//1204 1141//1213 
f 1134//1204 1135//1205 1142//1214 
f 1135//1205 1084//1206 1085//1215 
f 1061//1216 1136//1208 1086//1217 
f 1136//1208 1137//1209 1087//1218 
f 1137//1209 1138//1210 1088//1219 
f 1138//1210 1139//1211 1089//1220 
f 1139//1211 1140//1212 1090//1221 
f 1140//1212 1141//1213 1091//1222 
f 1141//1213 1142//1214 1092//1223 
f 1142//1214 1085//1215 1093//1224 
f 1093//1224 1092//1223 1142//1214 
f 1092//1223 1091//1222 1141//1213 
f 1091//1222 1090//1221 1140//1212 
f 1090//1221 1089//1220 1139//1211 
f 1089//1220 1088//1219 1138//1210 
f 1088//1219 1087//1218 1137//1209 
f 1087//1218 1086//1217 1136//1208 
f 1086//1217 1062//1225 1061//1216 
f 1085//1215 1142//1214 1135//1205 
f 1142//1214 1141//1213 1134//1204 
f 1141//1213 1140//1212 1133//1203 
f 1140//1212 1139//1211 1132//1202 
f 1139//1211 1138//1210 1131//1201 
f 1138//1210 1137//1209 1130//1200 
f 1137//1209 1136//1208 1129//1199 
f 1136//1208 1061//1216 1063//1207 
f 1084//1206 1135//1205 1128//1196 
f 1135//1205 1134//1204 1127//1195 
f 1134//1204 1133//1203 1126//1194 
f 1133//1203 1132//1202 1125//1193 
f 1132//1202 1131//1201 1124//1192 
f 1131//1201 1130//1200 1123//1191 
f 1130//1200 1129//1199 1122//1190 
f 1129//1199 1063//1207 1064//1198 
f 1083//1197 1128//1196 1121//1187 
f 1128//1196 1127//1195 1120//1186 
f 1127//1195 1126//1194 1119//1185 
f 1126//1194 1125//1193 1118//1184 
f 1125//1193 1124//1192 1117//1183 
f 1124//1192 1123//1191 1116//1182 
f 1123//1191 1122//1190 1115//1181 
f 1122//1190 1064//1198 1065//1189 
f 1082//1188 1121//1187 1114//1178 
f 1121//1187 1120//1186 1113//1177 
f 1120//1186 1119//1185 1112//1176 
f 1119//1185 1118//1184 1111//1175 
f 1118//1184 1117//1183 1110//1174 
f 1117//1183 1116//1182 1109//1173 
f 1116//1182 1115//1181 1108//1172 
f 1115//1181 1065//1189 1066//1180 
f 1081//1179 1114//1178 1107//1169 
f 1114//1178 1113//1177 1106//1168 
f 1113//1177 1112//1176 1105//1167 
f 1112//1176 1111//1175 1104//1166 
f 1111//1175 1110//1174 1103//1165 
f 1110//1174 1109//1173 1102//1164 
f 1109//1173 1108//1172 1101//1163 
f 1108//1172 1066//1180 1067//1171 
f 1080//1170 1107//1169 1100//1159 
f 1107//1169 1106//1168 1099//1158 
f 1106//1168 1105//1167 1098//1156 
f 1105//1167 1104//1166 1097//1155 
f 1104//1166 1103//1165 1096//1153 
f 1103//1165 1102//1164 1095//1152 
f 1102//1164 1101//1163 1094//1150 
f 1101//1163 1067//1171 1068//1162 
f 1079//1161 1100//1159 1077//1157 
f 1100//1159 1099//1158 1076//1157 
f 1099//1158 1098//1156 1075//1154 
f 1098//1156 1097//1155 1074//1154 
f 1097//1155 1096//1153 1073//1151 
f 1096//1153 1095//1152 1072//1151 
f 1095//1152 1094//1150 1071//1148 
f 1094//1150 1068//1162 1069//1148 
o mesh52
f 1143//1226 1070//1225 1062//1225 
f 1144//1227 1143//1226 1086//1226 
f 1145//1228 1144//1227 1087//1227 
f 1146//1229 1145//1228 1088//1228 
f 1147//1230 1146//1229 1089//1229 
f 1148//1231 1147//1230 1090//1230 
f 1149//1232 1148//1231 1091//1231 
f 1149//1232 1092//1232 1150//1233 
f 1092//1232 1151//1233 1150//1233 
f 1092//1232 1093//1233 1151//1233 
f 1150//1233 1152//1233 1149//1232 
f 1091//1231 1092//1232 1149//1232 
f 1090//1230 1091//1231 1148//1231 
f 1089//1229 1090//1230 1147//1230 
f 1088//1228 1089//1229 1146//1229 
f 1087//1227 1088//1228 1145//1228 
f 1086//1226 1087//1227 1144//1227 
f 1062//1225 1086//1226 1143//1226 
o mesh53
f 1085//1234 1153//1233 1154//1233 
f 1085//1234 1155//1233 1153//1233 
f 1085//1234 1156//1234 1157//1233 
f 1157//1233 1155//1233 1085//1234 
f 1156//1234 1158//1233 1157//1233 
f 1156//1234 1159//1233 1158//1233 
f 1160//1235 1156//1234 1085//1234 
f 1161//1236 1160//1235 1084//1235 
f 1162//1237 1161//1236 1083//1236 
f 1163//1238 1162//1237 1082//1237 
f 1164//1239 1163//1238 1081//1238 
f 1165//1240 1164//1239 1080//1239 
f 1166//1241 1165//1240 1079//1240 
f 1079//1240 1078//1241 1166//1241 
f 1080//1239 1079//1240 1165//1240 
f 1081//1238 1080//1239 1164//1239 
f 1082//1237 1081//1238 1163//1238 
f 1083//1236 1082//1237 1162//1237 
f 1084//1235 1083//1236 1161//1236 
f 1085//1234 1084//1235 1160//1235 
f 1154//1233 1093//1242 1085//1234 
o mesh54
f 1166//1241 1167//1241 1189//1243 
f 1167//1241 1168//1244 1190//1245 
f 1168//1244 1169//1244 1191//1246 
f 1169//1244 1170//1247 1192//1248 
f 1170//1247 1171//1247 1193//1249 
f 1171//1247 1172//1250 1194//1251 
f 1172//1250 1173//1250 1195//1252 
f 1173//1250 1174//1253 1175//1254 
f 1165//1255 1189//1243 1196//1256 
f 1189//1243 1190//1245 1197//1257 
f 1190//1245 1191//1246 1198//1258 
f 1191//1246 1192//1248 1199//1259 
f 1192//1248 1193//1249 1200//1260 
f 1193//1249 1194//1251 1201//1261 
f 1194//1251 1195//1252 1202//1262 
f 1195//1252 1175//1254 1176//1263 
f 1164//1264 1196//1256 1203//1265 
f 1196//1256 1197//1257 1204//1266 
f 1197//1257 1198//1258 1205//1267 
f 1198//1258 1199//1259 1206//1268 
f 1199//1259 1200//1260 1207//1269 
f 1200//1260 1201//1261 1208//1270 
f 1201//1261 1202//1262 1209//1271 
f 1202//1262 1176//1263 1177//1272 
f 1163//1273 1203//1265 1210//1274 
f 1203//1265 1204//1266 1211//1275 
f 1204//1266 1205//1267 1212//1276 
f 1205//1267 1206//1268 1213//1277 
f 1206//1268 1207//1269 1214//1278 
f 1207//1269 1208//1270 1215//1279 
f 1208//1270 1209//1271 1216//1280 
f 1209//1271 1177//1272 1178//1281 
f 1162//1282 1210//1274 1217//1283 
f 1210//1274 1211//1275 1218//1284 
f 1211//1275 1212//1276 1219//1285 
f 1212//1276 1213//1277 1220//1286 
f 1213//1277 1214//1278 1221//1287 
f 1214//1278 1215//1279 1222//1288 
f 1215//1279 1216//1280 1223//1289 
f 1216//1280 1178//1281 1179//1290 
f 1161//1291 1217//1283 1224//1292 
f 1217//1283 1218//1284 1225//1293 
f 1218//1284 1219//1285 1226//1294 
f 1219//1285 1220//1286 1227//1295 
f 1220//1286 1221//1287 1228//1296 
f 1221//1287 1222//1288 1229//1297 
f 1222//1288 1223//1289 1230//1298 
f 1223//1289 1179//1290 1180//1299 
f 1160//1300 1224//1292 1231//1301 
f 1224//1292 1225//1293 1232//1302 
f 1225//1293 1226//1294 1233//1303 
f 1226//1294 1227//1295 1234//1304 
f 1227//1295 1228//1296 1235//1305 
f 1228//1296 1229//1297 1236//1306 
f 1229//1297 1230//1298 1237//1307 
f 1230//1298 1180//1299 1181//1308 
f 1156//1309 1231//1301 1182//1310 
f 1231//1301 1232//1302 1183//1311 
f 1232//1302 1233//1303 1184//1312 
f 1233//1303 1234//1304 1185//1313 
f 1234//1304 1235//1305 1186//1314 
f 1235//1305 1236//1306 1187//1315 
f 1236//1306 1237//1307 1188//1316 
f 1237//1307 1181//1308 832//1317 
f 832//1317 1188//1316 1237//1307 
f 1188//1316 1187//1315 1236//1306 
f 1187//1315 1186//1314 1235//1305 
f 1186//1314 1185//1313 1234//1304 
f 1185//1313 1184//1312 1233//1303 
f 1184//1312 1183//1311 1232//1302 
f 1183//1311 1182//1310 1231//1301 
f 1182//1310 1159//1318 1156//1309 
f 1181//1308 1237//1307 1230//1298 
f 1237//1307 1236//1306 1229//1297 
f 1236//1306 1235//1305 1228//1296 
f 1235//1305 1234//1304 1227//1295 
f 1234//1304 1233//1303 1226//1294 
f 1233//1303 1232//1302 1225//1293 
f 1232//1302 1231//1301 1224//1292 
f 1231//1301 1156//1309 1160//1300 
f 1180//1299 1230//1298 1223//1289 
f 1230//1298 1229//1297 1222//1288 
f 1229//1297 1228//1296 1221//1287 
f 1228//1296 1227//1295 1220//1286 
f 1227//1295 1226//1294 1219//1285 
f 1226//1294 1225//1293 1218//1284 
f 1225//1293 1224//1292 1217//1283 
f 1224//1292 1160//1300 1161//1291 
f 1179//1290 1223//1289 1216//1280 
f 1223//1289 1222//1288 1215//1279 
f 1222//1288 1221//1287 1214//1278 
f 1221//1287 1220//1286 1213//1277 
f 1220//1286 1219//1285 1212//1276 
f 1219//1285 1218//1284 1211//1275 
f 1218//1284 1217//1283 1210//1274 
f 1217//1283 1161//1291 1162//1282 
f 1178//1281 1216//1280 1209//1271 
f 1216//1280 1215//1279 1208//1270 
f 1215//1279 1214//1278 1207//1269 
f 1214//1278 1213//1277 1206//1268 
f 1213//1277 1212//1276 1205//1267 
f 1212//1276 1211//1275 1204//1266 
f 1211//1275 1210//1274 1203//1265 
f 1210//1274 1162//1282 1163//1273 
f 1177//1272 1209//1271 1202//1262 
f 1209//1271 1208//1270 1201//1261 
f 1208//1270 1207//1269 1200//1260 
f 1207//1269 1206//1268 1199//1259 
f 1206//1268 1205//1267 1198//1258 
f 1205//1267 1204//1266 1197//1257 
f 1204//1266 1203//1265 1196//1256 
f 1203//1265 1163//1273 1164//1264 
f 1176//1263 1202//1262 1195//1252 
f 1202//1262 1201//1261 1194//1251 
f 1201//1261 1200//1260 1193//1249 
f 1200//1260 1199//1259 1192//1248 
f 1199//1259 1198//1258 1191//1246 
f 1198//1258 1197//1257 1190//1245 
f 1197//1257 1196//1256 1189//1243 
f 1196//1256 1164//1264 1165//1255 
f 1175//1254 1195//1252 1173//1250 
f 1195//1252 1194//1251 1172//1250 
f 1194//1251 1193//1249 1171//1247 
f 1193//1249 1192//1248 1170//1247 
f 1192//1248 1191//1246 1169//1244 
f 1191//1246 1190//1245 1168//1244 
f 1190//1245 1189//1243 1167//1241 
f 1189//1243 1165//1255 1166//1241 
o mesh55
f 1182//1319 1238//1318 1239//1318 
f 1240//1319 1241//1318 1238//1318 
f 1238//1318 1182//1319 1240//1319 
f 1242//1320 1240//1319 1182//1319 
f 1243//1321 1242//1320 1183//1320 
f 1244//1322 1243//1321 1184//1321 
f 1245//1323 1244//1322 1185//1322 
f 1246//1324 1245//1323 1186//1323 
f 1247//1325 1246//1324 1187//1324 
f 827//1326 1247//1325 1188//1325 
f 1188//1325 832//1326 827//1326 
f 1187//1324 1188//1325 1247//1325 
f 1186//1323 1187//1324 1246//1324 
f 1185//1322 1186//1323 1245//1323 
f 1184//1321 1185//1322 1244//1322 
f 1183//1320 1184//1321 1243//1321 
f 1182//1319 1183//1320 1242//1320 
f 1239//1318 1159//1327 1182//1319 
o mesh56
f 839//1328 833//1329 832//1329 
f 840//1330 839//1328 1181//1331 
f 835//1332 840//1330 1180//1333 
f 841//1334 835//1332 1179//1335 
f 836//1336 841//1334 1178//1337 
f 837//1338 836//1336 1177//1339 
f 838//1340 837//1338 1176//1341 
f 842//1342 838//1340 1175//1343 
f 1175//1343 1174//1342 842//1342 
f 1176//1341 1175//1343 838//1340 
f 1177//1339 1176//1341 837//1338 
f 1178//1337 1177//1339 836//1336 
f 1179//1335 1178//1337 841//1334 
f 1180//1333 1179//1335 835//1332 
f 1181//1331 1180//1333 840//1330 
f 832//1329 1181//1331 839//1328 
o mesh57
f 869//1342 1248//1342 1249//1342 
f 1250//1342 871//1342 869//1342 
f 1251//1342 1252//1342 1077//1342 
f 1074//1342 1073//1342 1253//1342 
f 1253//1342 1072//1342 1071//1342 
f 1250//1342 873//1342 871//1342 
f 1250//1342 877//1342 875//1342 
f 1250//1342 881//1342 879//1342 
f 1250//1342 852//1342 854//1342 
f 1166//1342 1078//1342 1254//1342 
f 1077//1342 1076//1342 1251//1342 
f 1251//1342 1075//1342 1074//1342 
f 1253//1342 1073//1342 1072//1342 
f 1255//1342 1071//1342 1069//1342 
f 852//1342 1250//1342 1256//1342 
f 1257//1342 1258//1342 1259//1342 
f 875//1342 873//1342 1250//1342 
f 854//1342 881//1342 1250//1342 
f 1260//1342 857//1342 855//1342 
f 1078//1342 1261//1342 1254//1342 
f 1252//1342 1262//1342 1078//1342 
f 1253//1342 1251//1342 1074//1342 
f 1069//1342 1263//1342 1255//1342 
f 1264//1342 988//1342 1265//1342 
f 1266//1342 1265//1342 1267//1342 
f 984//1342 1268//1342 1269//1342 
f 1268//1342 982//1342 981//1342 
f 852//1342 1270//1342 1271//1342 
f 1250//1342 1272//1342 1256//1342 
f 1273//1342 1274//1342 1172//1342 
f 1259//1342 1169//1342 1257//1342 
f 1257//1342 1275//1342 1276//1342 
f 1257//1342 1277//1342 1278//1342 
f 879//1342 877//1342 1250//1342 
f 1279//1342 865//1342 863//1342 
f 1260//1342 859//1342 857//1342 
f 1166//1342 1280//1342 1281//1342 
f 1078//1342 1282//1342 1261//1342 
f 1078//1342 1077//1342 1252//1342 
f 1071//1342 1255//1342 1253//1342 
f 1069//1342 988//1342 1283//1342 
f 988//1342 1284//1342 1285//1342 
f 988//1342 1286//1342 1265//1342 
f 1267//1342 1287//1342 1288//1342 
f 1267//1342 1289//1342 1290//1342 
f 1269//1342 985//1342 984//1342 
f 1268//1342 983//1342 982//1342 
f 1291//1342 981//1342 979//1342 
f 979//1342 1292//1342 1293//1342 
f 898//1342 1294//1342 1292//1342 
f 852//1342 1295//1342 1270//1342 
f 1250//1342 1296//1342 1272//1342 
f 1297//1342 1298//1342 1299//1342 
f 1298//1342 1297//1342 1300//1342 
f 1301//1342 1302//1342 898//1342 
f 895//1342 1303//1342 1301//1342 
f 1303//1342 893//1342 892//1342 
f 1304//1342 891//1342 890//1342 
f 1274//1342 1305//1342 1174//1342 
f 1172//1342 1171//1342 1273//1342 
f 1169//1342 1306//1342 1273//1342 
f 1169//1342 1307//1342 1308//1342 
f 1276//1342 1258//1342 1257//1342 
f 1278//1342 1309//1342 1257//1342 
f 1249//1342 1250//1342 869//1342 
f 1279//1342 867//1342 865//1342 
f 855//1342 1310//1342 1260//1342 
f 1260//1342 863//1342 861//1342 
f 1311//1342 1312//1342 1313//1342 
f 1254//1342 1280//1342 1166//1342 
f 1076//1342 1075//1342 1251//1342 
f 988//1342 1314//1342 1283//1342 
f 988//1342 1264//1342 1284//1342 
f 1267//1342 1288//1342 1266//1342 
f 1290//1342 1315//1342 1267//1342 
f 1269//1342 1316//1342 987//1342 
f 981//1342 1291//1342 1268//1342 
f 979//1342 1317//1342 1318//1342 
f 1292//1342 979//1342 898//1342 
f 898//1342 1319//1342 1320//1342 
f 890//1342 852//1342 1321//1342 
f 1271//1342 1322//1342 852//1342 
f 1256//1342 1323//1342 852//1342 
f 1250//1342 1324//1342 1325//1342 
f 1300//1342 1250//1342 1298//1342 
f 898//1342 897//1342 1301//1342 
f 1301//1342 896//1342 895//1342 
f 1303//1342 894//1342 893//1342 
f 1304//1342 892//1342 891//1342 
f 1174//1342 1173//1342 1274//1342 
f 1273//1342 1170//1342 1169//1342 
f 1169//1342 1326//1342 1327//1342 
f 1259//1342 1307//1342 1169//1342 
f 1257//1342 1309//1342 1328//1342 
f 1250//1342 1329//1342 1278//1342 
f 1249//1342 1330//1342 1250//1342 
f 1279//1342 869//1342 867//1342 
f 861//1342 859//1342 1260//1342 
f 1313//1342 1331//1342 1311//1342 
f 1262//1342 1282//1342 1078//1342 
f 1069//1342 1332//1342 1333//1342 
f 1285//1342 1314//1342 988//1342 
f 1315//1342 1287//1342 1267//1342 
f 1316//1342 1286//1342 988//1342 
f 987//1342 986//1342 1269//1342 
f 979//1342 1318//1342 1291//1342 
f 1320//1342 1294//1342 898//1342 
f 1322//1342 1321//1342 852//1342 
f 852//1342 1334//1342 1335//1342 
f 1325//1342 1296//1342 1250//1342 
f 1299//1342 1319//1342 1297//1342 
f 1319//1342 1336//1342 1337//1342 
f 898//1342 1338//1342 1336//1342 
f 898//1342 1302//1342 1339//1342 
f 895//1342 894//1342 1303//1342 
f 890//1342 1340//1342 1304//1342 
f 890//1342 1341//1342 1342//1342 
f 1171//1342 1170//1342 1273//1342 
f 1169//1342 1343//1342 1326//1342 
f 1328//1342 1275//1342 1257//1342 
f 1330//1342 1329//1342 1250//1342 
f 855//1342 844//1342 1310//1342 
f 1174//1342 1344//1342 1345//1342 
f 1312//1342 1346//1342 1347//1342 
f 1313//1342 1289//1342 1331//1342 
f 1348//1342 1167//1342 1166//1342 
f 1348//1342 1169//1342 1168//1342 
f 1333//1342 1263//1342 1069//1342 
f 1265//1342 1266//1342 1264//1342 
f 986//1342 985//1342 1269//1342 
f 1293//1342 1317//1342 979//1342 
f 1335//1342 1295//1342 852//1342 
f 1300//1342 1324//1342 1250//1342 
f 1336//1342 1319//1342 898//1342 
f 897//1342 896//1342 1301//1342 
f 1342//1342 1340//1342 890//1342 
f 1327//1342 1306//1342 1169//1342 
f 1277//1342 1250//1342 1278//1342 
f 863//1342 1260//1342 1279//1342 
f 1349//1342 1310//1342 844//1342 
f 842//1342 1345//1342 1350//1342 
f 1174//1342 1351//1342 1344//1342 
f 1311//1342 1346//1342 1312//1342 
f 1289//1342 1352//1342 1353//1342 
f 1289//1342 1354//1342 1355//1342 
f 1168//1342 1167//1342 1348//1342 
f 1283//1342 1332//1342 1069//1342 
f 984//1342 983//1342 1268//1342 
f 1323//1342 1334//1342 852//1342 
f 1319//1342 1356//1342 1357//1342 
f 898//1342 1358//1342 1338//1342 
f 892//1342 1304//1342 1303//1342 
f 1173//1342 1172//1342 1274//1342 
f 1279//1342 1248//1342 869//1342 
f 842//1342 1359//1342 1349//1342 
f 1345//1342 842//1342 1174//1342 
f 1169//1342 1347//1342 1360//1342 
f 1169//1342 1348//1342 1312//1342 
f 1355//1342 1352//1342 1289//1342 
f 1289//1342 1267//1342 1361//1342 
f 1166//1342 1362//1342 1363//1342 
f 988//1342 987//1342 1316//1342 
f 1357//1342 1297//1342 1319//1342 
f 1339//1342 1358//1342 898//1342 
f 1308//1342 1343//1342 1169//1342 
f 1350//1342 1359//1342 842//1342 
f 1347//1342 1169//1342 1312//1342 
f 1361//1342 1354//1342 1289//1342 
f 1281//1342 1362//1342 1166//1342 
f 1337//1342 1356//1342 1319//1342 
f 844//1342 842//1342 1349//1342 
f 1353//1342 1331//1342 1289//1342 
f 1321//1342 1341//1342 890//1342 
f 1360//1342 1257//1342 1169//1342 
f 1305//1342 1351//1342 1174//1342 
f 1166//1342 1363//1342 1348//1342 
o mesh58
f 1333//1344 1364//1344 1365//1345 
f 1263//1345 1365//1345 1366//1346 
f 1255//1346 1366//1346 1367//1347 
f 1253//1347 1367//1347 1368//1348 
f 1251//1348 1368//1348 1369//1349 
f 1252//1349 1369//1349 1370//1350 
f 1262//1350 1370//1350 1371//1351 
f 1282//1351 1371//1351 1372//1352 
f 1261//1352 1372//1352 1373//1353 
f 1254//1353 1373//1353 1374//1354 
f 1280//1354 1374//1354 1375//1355 
f 1281//1355 1375//1355 1376//1356 
f 1362//1356 1376//1356 1377//1357 
f 1363//1357 1377//1357 1378//1358 
f 1312//1359 1348//1358 1379//1360 
f 1348//1358 1378//1358 1379//1360 
f 1312//1359 1380//1359 1381//1361 
f 1313//1361 1381//1361 1382//1362 
f 1289//1362 1382//1362 1383//1363 
f 1290//1363 1383//1363 1384//1364 
f 1315//1364 1384//1364 1385//1365 
f 1287//1365 1385//1365 1386//1366 
f 1288//1366 1386//1366 1387//1367 
f 1266//1367 1387//1367 1388//1368 
f 1264//1368 1388//1368 1389//1369 
f 1284//1369 1389//1369 1390//1370 
f 1285//1370 1390//1370 1391//1371 
f 1314//1371 1391//1371 1392//1372 
f 1283//1372 1392//1372 1393//1373 
f 1332//1373 1393//1373 1364//1344 
f 1364//1344 1333//1344 1332//1373 
f 1393//1373 1332//1373 1283//1372 
f 1392//1372 1283//1372 1314//1371 
f 1391//1371 1314//1371 1285//1370 
f 1390//1370 1285//1370 1284//1369 
f 1389//1369 1284//1369 1264//1368 
f 1388//1368 1264//1368 1266//1367 
f 1387//1367 1266//1367 1288//1366 
f 1386//1366 1288//1366 1287//1365 
f 1385//1365 1287//1365 1315//1364 
f 1384//1364 1315//1364 1290//1363 
f 1383//1363 1290//1363 1289//1362 
f 1382//1362 1289//1362 1313//1361 
f 1381//1361 1313//1361 1312//1359 
f 1379//1360 1380//1359 1312//1359 
f 1378//1358 1348//1358 1363//1357 
f 1377//1357 1363//1357 1362//1356 
f 1376//1356 1362//1356 1281//1355 
f 1375//1355 1281//1355 1280//1354 
f 1374//1354 1280//1354 1254//1353 
f 1373//1353 1254//1353 1261//1352 
f 1372//1352 1261//1352 1282//1351 
f 1371//1351 1282//1351 1262//1350 
f 1370//1350 1262//1350 1252//1349 
f 1369//1349 1252//1349 1251//1348 
f 1368//1348 1251//1348 1253//1347 
f 1367//1347 1253//1347 1255//1346 
f 1366//1346 1255//1346 1263//1345 
f 1365//1345 1263//1345 1333//1344 
o mesh59
f 1265//1374 1394//1374 1395//1375 
f 1267//1375 1395//1375 1396//1376 
f 1361//1376 1396//1376 1397//1377 
f 1354//1377 1397//1377 1398//1378 
f 1355//1378 1398//1378 1399//1379 
f 1352//1379 1399//1379 1400//1380 
f 1353//1380 1400//1380 1401//1381 
f 1331//1381 1401//1381 1402//1382 
f 1311//1382 1402//1382 1403//1383 
f 1346//1383 1403//1383 1404//1384 
f 1347//1384 1404//1384 1405//1385 
f 1360//1385 1405//1385 1406//1386 
f 1257//1386 1406//1386 1407//1387 
f 1277//1387 1407//1387 1408//1388 
f 1298//1389 1250//1388 1409//1390 
f 1250//1388 1408//1388 1409//1390 
f 1298//1389 1410//1389 1411//1391 
f 1299//1391 1411//1391 1412//1392 
f 1319//1392 1412//1392 1413//1393 
f 1320//1393 1413//1393 1414//1394 
f 1294//1394 1414//1394 1415//1395 
f 1292//1395 1415//1395 1416//1396 
f 1293//1396 1416//1396 1417//1397 
f 1317//1397 1417//1397 1418//1398 
f 1318//1398 1418//1398 1419//1399 
f 1291//1399 1419//1399 1420//1400 
f 1268//1400 1420//1400 1421//1401 
f 1269//1401 1421//1401 1422//1402 
f 1316//1402 1422//1402 1423//1403 
f 1286//1403 1423//1403 1394//1374 
f 1394//1374 1265//1374 1286//1403 
f 1423//1403 1286//1403 1316//1402 
f 1422//1402 1316//1402 1269//1401 
f 1421//1401 1269//1401 1268//1400 
f 1420//1400 1268//1400 1291//1399 
f 1419//1399 1291//1399 1318//1398 
f 1418//1398 1318//1398 1317//1397 
f 1417//1397 1317//1397 1293//1396 
f 1416//1396 1293//1396 1292//1395 
f 1415//1395 1292//1395 1294//1394 
f 1414//1394 1294//1394 1320//1393 
f 1413//1393 1320//1393 1319//1392 
f 1412//1392 1319//1392 1299//1391 
f 1411//1391 1299//1391 1298//1389 
f 1409//1390 1410//1389 1298//1389 
f 1408//1388 1250//1388 1277//1387 
f 1407//1387 1277//1387 1257//1386 
f 1406//1386 1257//1386 1360//1385 
f 1405//1385 1360//1385 1347//1384 
f 1404//1384 1347//1384 1346//1383 
f 1403//1383 1346//1383 1311//1382 
f 1402//1382 1311//1382 1331//1381 
f 1401//1381 1331//1381 1353//1380 
f 1400//1380 1353//1380 1352//1379 
f 1399//1379 1352//1379 1355//1378 
f 1398//1378 1355//1378 1354//1377 
f 1397//1377 1354//1377 1361//1376 
f 1396//1376 1361//1376 1267//1375 
f 1395//1375 1267//1375 1265//1374 
o mesh60
f 1300//1404 1424//1404 1425//1405 
f 1324//1405 1425//1405 1426//1406 
f 1325//1406 1426//1406 1427//1407 
f 1296//1407 1427//1407 1428//1408 
f 1272//1408 1428//1408 1429//1409 
f 1256//1409 1429//1409 1430//1410 
f 1323//1410 1430//1410 1431//1411 
f 1334//1411 1431//1411 1432//1412 
f 1335//1412 1432//1412 1433//1413 
f 1295//1413 1433//1413 1434//1414 
f 1270//1414 1434//1414 1435//1415 
f 1271//1415 1435//1415 1436//1416 
f 1322//1416 1436//1416 1437//1417 
f 1321//1417 1437//1417 1438//1418 
f 1342//1419 1341//1418 1439//1420 
f 1341//1418 1438//1418 1439//1420 
f 1342//1419 1440//1419 1441//1421 
f 1340//1421 1441//1421 1442//1422 
f 1304//1422 1442//1422 1443//1423 
f 1303//1423 1443//1423 1444//1424 
f 1301//1424 1444//1424 1445//1425 
f 1302//1425 1445//1425 1446//1426 
f 1339//1426 1446//1426 1447//1427 
f 1358//1427 1447//1427 1448//1428 
f 1338//1428 1448//1428 1449//1429 
f 1336//1429 1449//1429 1450//1430 
f 1337//1430 1450//1430 1451//1431 
f 1356//1431 1451//1431 1452//1432 
f 1357//1432 1452//1432 1453//1433 
f 1297//1433 1453//1433 1424//1404 
f 1424//1404 1300//1404 1297//1433 
f 1453//1433 1297//1433 1357//1432 
f 1452//1432 1357//1432 1356//1431 
f 1451//1431 1356//1431 1337//1430 
f 1450//1430 1337//1430 1336//1429 
f 1449//1429 1336//1429 1338//1428 
f 1448//1428 1338//1428 1358//1427 
f 1447//1427 1358//1427 1339//1426 
f 1446//1426 1339//1426 1302//1425 
f 1445//1425 1302//1425 1301//1424 
f 1444//1424 1301//1424 1303//1423 
f 1443//1423 1303//1423 1304//1422 
f 1442//1422 1304//1422 1340//1421 
f 1441//1421 1340//1421 1342//1419 
f 1439//1420 1440//1419 1342//1419 
f 1438//1418 1341//1418 1321//1417 
f 1437//1417 1321//1417 1322//1416 
f 1436//1416 1322//1416 1271//1415 
f 1435//1415 1271//1415 1270//1414 
f 1434//1414 1270//1414 1295//1413 
f 1433//1413 1295//1413 1335//1412 
f 1432//1412 1335//1412 1334//1411 
f 1431//1411 1334//1411 1323//1410 
f 1430//1410 1323//1410 1256//1409 
f 1429//1409 1256//1409 1272//1408 
f 1428//1408 1272//1408 1296//1407 
f 1427//1407 1296//1407 1325//1406 
f 1426//1406 1325//1406 1324//1405 
f 1425//1405 1324//1405 1300//1404 
o mesh61
f 1328//1434 1454//1434 1455//1435 
f 1275//1435 1455//1435 1456//1436 
f 1276//1436 1456//1436 1457//1437 
f 1258//1437 1457//1437 1458//1438 
f 1259//1438 1458//1438 1459//1439 
f 1307//1439 1459//1439 1460//1440 
f 1308//1440 1460//1440 1461//1441 
f 1343//1441 1461//1441 1462//1442 
f 1326//1442 1462//1442 1463//1443 
f 1327//1443 1463//1443 1464//1444 
f 1306//1444 1464//1444 1465//1445 
f 1273//1445 1465//1445 1466//1446 
f 1274//1446 1466//1446 1467//1447 
f 1305//1447 1467//1447 1468//1448 
f 1344//1449 1351//1448 1469//1450 
f 1351//1448 1468//1448 1469//1450 
f 1344//1449 1470//1449 1471//1451 
f 1345//1451 1471//1451 1472//1452 
f 1350//1452 1472//1452 1473//1453 
f 1359//1453 1473//1453 1474//1454 
f 1349//1454 1474//1454 1475//1455 
f 1310//1455 1475//1455 1476//1456 
f 1260//1456 1476//1456 1477//1457 
f 1279//1457 1477//1457 1478//1458 
f 1248//1458 1478//1458 1479//1459 
f 1249//1459 1479//1459 1480//1460 
f 1330//1460 1480//1460 1481//1461 
f 1329//1461 1481//1461 1482//1462 
f 1278//1462 1482//1462 1483//1463 
f 1309//1463 1483//1463 1454//1434 
f 1454//1434 1328//1434 1309//1463 
f 1483//1463 1309//1463 1278//1462 
f 1482//1462 1278//1462 1329//1461 
f 1481//1461 1329//1461 1330//1460 
f 1480//1460 1330//1460 1249//1459 
f 1479//1459 1249//1459 1248//1458 
f 1478//1458 1248//1458 1279//1457 
f 1477//1457 1279//1457 1260//1456 
f 1476//1456 1260//1456 1310//1455 
f 1475//1455 1310//1455 1349//1454 
f 1474//1454 1349//1454 1359//1453 
f 1473//1453 1359//1453 1350//1452 
f 1472//1452 1350//1452 1345//1451 
f 1471//1451 1345//1451 1344//1449 
f 1469//1450 1470//1449 1344//1449 
f 1468//1448 1351//1448 1305//1447 
f 1467//1447 1305//1447 1274//1446 
f 1466//1446 1274//1446 1273//1445 
f 1465//1445 1273//1445 1306//1444 
f 1464//1444 1306//1444 1327//1443 
f 1463//1443 1327//1443 1326//1442 
f 1462//1442 1326//1442 1343//1441 
f 1461//1441 1343//1441 1308//1440 
f 1460//1440 1308//1440 1307//1439 
f 1459//1439 1307//1439 1259//1438 
f 1458//1438 1259//1438 1258//1437 
f 1457//1437 1258//1437 1276//1436 
f 1456//1436 1276//1436 1275//1435 
f 1455//1435 1275//1435 1328//1434 
o mesh62
f 1484//1464 862//1464 864//1464 
f 1485//1464 1486//1464 874//1464 
f 864//1464 1486//1464 1484//1464 
f 1484//1464 858//1464 860//1464 
f 1485//1464 876//1464 878//1464 
f 1486//1464 872//1464 874//1464 
f 1484//1464 1487//1464 843//1464 
f 860//1464 862//1464 1484//1464 
f 874//1464 876//1464 1485//1464 
f 1486//1464 868//1464 870//1464 
f 843//1464 856//1464 1484//1464 
f 864//1464 866//1464 1486//1464 
f 870//1464 872//1464 1486//1464 
f 1485//1464 882//1464 853//1464 
f 1487//1464 830//1464 843//1464 
f 878//1464 880//1464 1485//1464 
f 1485//1464 880//1464 882//1464 
f 866//1464 868//1464 1486//1464 
f 853//1464 1488//1464 1485//1464 
f 853//1464 831//1464 1488//1464 
f 830//1464 1487//1464 1489//1464 
f 831//1464 1489//1464 1488//1464 
f 856//1464 858//1464 1484//1464 
f 1489//1464 831//1464 830//1464 
o mesh63
f 1490//1465 1488//1465 1489//1465 
f 1489//1465 1491//1465 1490//1465 
o mesh64
f 1492//1466 1485//1466 1488//1466 
f 1488//1466 1490//1466 1492//1466 
o mesh65
f 1493//1467 1486//1467 1485//1467 
f 1485//1467 1492//1467 1493//1467 
o mesh66
f 1494//1468 1484//1468 1486//1468 
f 1486//1468 1493//1468 1494//1468 
o mesh67
f 1495//1469 1487//1469 1484//1469 
f 1484//1469 1494//1469 1495//1469 
o mesh68
f 1491//1470 1489//1470 1487//1470 
f 1487//1470 1495//1470 1491//1470 
o mesh69
f 1492//1471 1496//1471 1497//1471 
f 1492//1471 1498//1471 1499//1471 
f 1494//1471 1500//1471 1501//1471 
f 1494//1471 1493//1471 1502//1471 
f 1492//1471 1503//1471 1496//1471 
f 1492//1471 1504//1471 1498//1471 
f 1495//1471 1494//1471 1505//1471 
f 1494//1471 1506//1471 1500//1471 
f 1493//1471 1507//1471 1502//1471 
f 1499//1471 1503//1471 1492//1471 
f 1490//1471 1508//1471 1504//1471 
f 1490//1471 1509//1471 1510//1471 
f 1495//1471 1511//1471 1512//1471 
f 1501//1471 1505//1471 1494//1471 
f 1502//1471 1513//1471 1494//1471 
f 1504//1471 1492//1471 1490//1471 
f 1510//1471 1514//1471 1490//1471 
f 1495//1471 1515//1471 1511//1471 
f 1513//1471 1506//1471 1494//1471 
f 1497//1471 1493//1471 1492//1471 
f 1514//1471 1516//1471 1490//1471 
f 1505//1471 1515//1471 1495//1471 
f 1493//1471 1517//1471 1518//1471 
f 1516//1471 1508//1471 1490//1471 
f 1491//1471 1495//1471 1519//1471 
f 1518//1471 1507//1471 1493//1471 
f 1490//1471 1520//1471 1509//1471 
f 1495//1471 1521//1471 1519//1471 
f 1497//1471 1517//1471 1493//1471 
f 1491//1471 1522//1471 1520//1471 
f 1512//1471 1521//1471 1495//1471 
f 1491//1471 1523//1471 1522//1471 
f 1491//1471 1524//1471 1525//1471 
f 1520//1471 1490//1471 1491//1471 
f 1519//1471 1524//1471 1491//1471 
f 1525//1471 1523//1471 1491//1471 
o mesh70
f 1518//1472 1526//1472 1527//1473 
f 1507//1473 1527//1473 1528//1474 
f 1502//1474 1528//1474 1529//1475 
f 1513//1475 1529//1475 1530//1476 
f 1506//1476 1530//1476 1531//1477 
f 1500//1477 1531//1477 1532//1478 
f 1501//1478 1532//1478 1533//1479 
f 1505//1479 1533//1479 1534//1480 
f 1515//1480 1534//1480 1535//1481 
f 1511//1481 1535//1481 1536//1482 
f 1512//1482 1536//1482 1537//1483 
f 1521//1483 1537//1483 1538//1484 
f 1519//1484 1538//1484 1539//1485 
f 1524//1485 1539//1485 1540//1486 
f 1541//1487 1522//1487 1523//1488 
f 1525//1489 1540//1486 1542//1488 
f 1542//1488 1523//1488 1525//1489 
f 1522//1487 1541//1487 1543//1490 
f 1520//1490 1543//1490 1544//1491 
f 1509//1491 1544//1491 1545//1492 
f 1510//1492 1545//1492 1546//1493 
f 1514//1493 1546//1493 1547//1494 
f 1516//1494 1547//1494 1548//1495 
f 1508//1495 1548//1495 1549//1496 
f 1504//1496 1549//1496 1550//1497 
f 1498//1497 1550//1497 1551//1498 
f 1499//1498 1551//1498 1552//1499 
f 1503//1499 1552//1499 1553//1500 
f 1496//1500 1553//1500 1554//1501 
f 1497//1501 1554//1501 1555//1502 
f 1517//1502 1555//1502 1526//1472 
f 1526//1472 1518//1472 1517//1502 
f 1555//1502 1517//1502 1497//1501 
f 1554//1501 1497//1501 1496//1500 
f 1553//1500 1496//1500 1503//1499 
f 1552//1499 1503//1499 1499//1498 
f 1551//1498 1499//1498 1498//1497 
f 1550//1497 1498//1497 1504//1496 
f 1549//1496 1504//1496 1508//1495 
f 1548//1495 1508//1495 1516//1494 
f 1547//1494 1516//1494 1514//1493 
f 1546//1493 1514//1493 1510//1492 
f 1545//1492 1510//1492 1509//1491 
f 1544//1491 1509//1491 1520//1490 
f 1543//1490 1520//1490 1522//1487 
f 1523//1488 1542//1488 1541//1487 
f 1540//1486 1525//1489 1524//1485 
f 1539//1485 1524//1485 1519//1484 
f 1538//1484 1519//1484 1521//1483 
f 1537//1483 1521//1483 1512//1482 
f 1536//1482 1512//1482 1511//1481 
f 1535//1481 1511//1481 1515//1480 
f 1534//1480 1515//1480 1505//1479 
f 1533//1479 1505//1479 1501//1478 
f 1532//1478 1501//1478 1500//1477 
f 1531//1477 1500//1477 1506//1476 
f 1530//1476 1506//1476 1513//1475 
f 1529//1475 1513//1475 1502//1474 
f 1528//1474 1502//1474 1507//1473 
f 1527//1473 1507//1473 1518//1472 
o mesh71
f 1542//1503 1540//1503 1556//1503 
f 1539//1503 1557//1503 1556//1503 
f 1534//1503 1558//1503 1559//1503 
f 1534//1503 1533//1503 1560//1503 
f 1533//1503 1532//1503 1561//1503 
f 1531//1503 1562//1503 1561//1503 
f 1556//1503 1540//1503 1539//1503 
f 1538//1503 1563//1503 1557//1503 
f 1535//1503 1559//1503 1564//1503 
f 1560//1503 1558//1503 1534//1503 
f 1561//1503 1532//1503 1531//1503 
f 1531//1503 1530//1503 1565//1503 
f 1553//1503 1566//1503 1567//1503 
f 1552//1503 1568//1503 1566//1503 
f 1557//1503 1539//1503 1538//1503 
f 1537//1503 1569//1503 1563//1503 
f 1559//1503 1535//1503 1534//1503 
f 1565//1503 1562//1503 1531//1503 
f 1530//1503 1529//1503 1570//1503 
f 1529//1503 1528//1503 1571//1503 
f 1566//1503 1553//1503 1552//1503 
f 1551//1503 1572//1503 1568//1503 
f 1551//1503 1550//1503 1573//1503 
f 1550//1503 1549//1503 1574//1503 
f 1548//1503 1547//1503 1575//1503 
f 1547//1503 1546//1503 1576//1503 
f 1543//1503 1541//1503 1577//1503 
f 1542//1503 1578//1503 1577//1503 
f 1563//1503 1538//1503 1537//1503 
f 1536//1503 1564//1503 1569//1503 
f 1561//1503 1560//1503 1533//1503 
f 1571//1503 1570//1503 1529//1503 
f 1527//1503 1579//1503 1571//1503 
f 1527//1503 1526//1503 1580//1503 
f 1555//1503 1581//1503 1580//1503 
f 1555//1503 1554//1503 1567//1503 
f 1568//1503 1552//1503 1551//1503 
f 1574//1503 1573//1503 1550//1503 
f 1548//1503 1582//1503 1574//1503 
f 1576//1503 1575//1503 1547//1503 
f 1545//1503 1583//1503 1576//1503 
f 1544//1503 1584//1503 1583//1503 
f 1544//1503 1543//1503 1585//1503 
f 1577//1503 1541//1503 1542//1503 
f 1569//1503 1537//1503 1536//1503 
f 1570//1503 1565//1503 1530//1503 
f 1580//1503 1579//1503 1527//1503 
f 1567//1503 1581//1503 1555//1503 
f 1573//1503 1572//1503 1551//1503 
f 1575//1503 1582//1503 1548//1503 
f 1583//1503 1545//1503 1544//1503 
f 1577//1503 1585//1503 1543//1503 
f 1564//1503 1536//1503 1535//1503 
f 1580//1503 1526//1503 1555//1503 
f 1574//1503 1549//1503 1548//1503 
f 1585//1503 1584//1503 1544//1503 
f 1571//1503 1528//1503 1527//1503 
f 1576//1503 1546//1503 1545//1503 
f 1567//1503 1554//1503 1553//1503 
f 1556//1503 1578//1503 1542//1503 
o mesh72
f 1586//1504 1587//1505 1580//1505 
f 1588//1506 1586//1504 1581//1507 
f 1589//1508 1588//1506 1567//1509 
f 1590//1510 1589//1508 1566//1511 
f 1591//1512 1590//1510 1568//1513 
f 1592//1514 1591//1512 1572//1515 
f 1593//1516 1592//1514 1573//1517 
f 1594//1518 1593//1516 1574//1519 
f 1595//1520 1594//1518 1582//1521 
f 1596//1522 1595//1520 1575//1523 
f 1597//1524 1596//1522 1576//1525 
f 1598//1526 1597//1524 1583//1527 
f 1599//1528 1598//1526 1584//1529 
f 1600//1530 1599//1528 1585//1531 
f 1556//1532 1601//1532 1602//1533 
f 1600//1530 1577//1534 1578//1533 
f 1578//1533 1602//1533 1600//1530 
f 1603//1535 1601//1532 1556//1532 
f 1604//1536 1603//1535 1557//1535 
f 1605//1537 1604//1536 1563//1536 
f 1606//1538 1605//1537 1569//1537 
f 1607//1539 1606//1538 1564//1538 
f 1608//1540 1607//1539 1559//1539 
f 1609//1541 1608//1540 1558//1540 
f 1610//1542 1609//1541 1560//1541 
f 1611//1543 1610//1542 1561//1542 
f 1612//1544 1611//1543 1562//1543 
f 1613//1545 1612//1544 1565//1544 
f 1614//1546 1613//1545 1570//1545 
f 1615//1547 1614//1546 1571//1546 
f 1587//1505 1615//1547 1579//1547 
f 1579//1547 1580//1505 1587//1505 
f 1571//1546 1579//1547 1615//1547 
f 1570//1545 1571//1546 1614//1546 
f 1565//1544 1570//1545 1613//1545 
f 1562//1543 1565//1544 1612//1544 
f 1561//1542 1562//1543 1611//1543 
f 1560//1541 1561//1542 1610//1542 
f 1558//1540 1560//1541 1609//1541 
f 1559//1539 1558//1540 1608//1540 
f 1564//1538 1559//1539 1607//1539 
f 1569//1537 1564//1538 1606//1538 
f 1563//1536 1569//1537 1605//1537 
f 1557//1535 1563//1536 1604//1536 
f 1556//1532 1557//1535 1603//1535 
f 1602//1533 1578//1533 1556//1532 
f 1585//1531 1577//1534 1600//1530 
f 1584//1529 1585//1531 1599//1528 
f 1583//1527 1584//1529 1598//1526 
f 1576//1525 1583//1527 1597//1524 
f 1575//1523 1576//1525 1596//1522 
f 1582//1521 1575//1523 1595//1520 
f 1574//1519 1582//1521 1594//1518 
f 1573//1517 1574//1519 1593//1516 
f 1572//1515 1573//1517 1592//1514 
f 1568//1513 1572//1515 1591//1512 
f 1566//1511 1568//1513 1590//1510 
f 1567//1509 1566//1511 1589//1508 
f 1581//1507 1567//1509 1588//1506 
f 1580//1505 1581//1507 1586//1504 
o mesh73
f 1616//1548 1617//1548 1470//1548 
f 1470//1548 1469//1548 1616//1548 
f 1618//1548 1439//1548 1438//1548 
f 1469//1548 1468//1548 1616//1548 
f 1617//1548 1474//1548 1473//1548 
f 1619//1548 1620//1548 1433//1548 
f 1618//1548 1440//1548 1439//1548 
f 1618//1548 1445//1548 1444//1548 
f 1617//1548 1471//1548 1470//1548 
f 1473//1548 1472//1548 1617//1548 
f 1620//1548 1434//1548 1433//1548 
f 1620//1548 1437//1548 1436//1548 
f 1438//1548 1620//1548 1618//1548 
f 1444//1548 1443//1548 1618//1548 
f 1391//1548 1396//1548 1395//1548 
f 1400//1548 1390//1548 1389//1548 
f 1387//1548 1454//1548 1404//1548 
f 1454//1548 1410//1548 1409//1548 
f 1379//1548 1455//1548 1454//1548 
f 1472//1548 1471//1548 1617//1548 
f 1621//1548 1476//1548 1475//1548 
f 1619//1548 1427//1548 1426//1548 
f 1619//1548 1430//1548 1429//1548 
f 1433//1548 1432//1548 1619//1548 
f 1436//1548 1435//1548 1620//1548 
f 1618//1548 1441//1548 1440//1548 
f 1443//1548 1442//1548 1618//1548 
f 1391//1548 1397//1548 1396//1548 
f 1391//1548 1399//1548 1398//1548 
f 1389//1548 1401//1548 1400//1548 
f 1401//1548 1388//1548 1387//1548 
f 1404//1548 1403//1548 1387//1548 
f 1409//1548 1408//1548 1454//1548 
f 1455//1548 1376//1548 1375//1548 
f 1454//1548 1380//1548 1379//1548 
f 1617//1548 1475//1548 1474//1548 
f 1621//1548 1477//1548 1476//1548 
f 1619//1548 1428//1548 1427//1548 
f 1619//1548 1431//1548 1430//1548 
f 1435//1548 1434//1548 1620//1548 
f 1442//1548 1441//1548 1618//1548 
f 1622//1548 1420//1548 1419//1548 
f 1398//1548 1397//1548 1391//1548 
f 1399//1548 1391//1548 1390//1548 
f 1403//1548 1402//1548 1387//1548 
f 1454//1548 1406//1548 1405//1548 
f 1454//1548 1411//1548 1410//1548 
f 1454//1548 1415//1548 1414//1548 
f 1623//1548 1370//1548 1369//1548 
f 1623//1548 1455//1548 1373//1548 
f 1375//1548 1374//1548 1455//1548 
f 1379//1548 1378//1548 1455//1548 
f 1616//1548 1463//1548 1462//1548 
f 1616//1548 1465//1548 1464//1548 
f 1616//1548 1467//1548 1466//1548 
f 1475//1548 1617//1548 1621//1548 
f 1429//1548 1428//1548 1619//1548 
f 1438//1548 1437//1548 1620//1548 
f 1618//1548 1447//1548 1446//1548 
f 1618//1548 1622//1548 1448//1548 
f 1622//1548 1450//1548 1449//1548 
f 1622//1548 1421//1548 1420//1548 
f 1622//1548 1423//1548 1422//1548 
f 1400//1548 1399//1548 1390//1548 
f 1622//1548 1393//1548 1392//1548 
f 1623//1548 1364//1548 1393//1548 
f 1401//1548 1389//1548 1388//1548 
f 1454//1548 1407//1548 1406//1548 
f 1454//1548 1412//1548 1411//1548 
f 1414//1548 1413//1548 1454//1548 
f 1619//1548 1416//1548 1415//1548 
f 1369//1548 1368//1548 1623//1548 
f 1373//1548 1372//1548 1623//1548 
f 1455//1548 1377//1548 1376//1548 
f 1454//1548 1381//1548 1380//1548 
f 1454//1548 1383//1548 1382//1548 
f 1454//1548 1387//1548 1386//1548 
f 1623//1548 1457//1548 1456//1548 
f 1616//1548 1461//1548 1460//1548 
f 1464//1548 1463//1548 1616//1548 
f 1468//1548 1467//1548 1616//1548 
f 1432//1548 1431//1548 1619//1548 
f 1448//1548 1447//1548 1618//1548 
f 1622//1548 1451//1548 1450//1548 
f 1622//1548 1453//1548 1452//1548 
f 1453//1548 1622//1548 1417//1548 
f 1422//1548 1421//1548 1622//1548 
f 1395//1548 1622//1548 1391//1548 
f 1393//1548 1622//1548 1623//1548 
f 1405//1548 1404//1548 1454//1548 
f 1413//1548 1412//1548 1454//1548 
f 1415//1548 1621//1548 1619//1548 
f 1424//1548 1417//1548 1416//1548 
f 1623//1548 1367//1548 1366//1548 
f 1623//1548 1371//1548 1370//1548 
f 1374//1548 1373//1548 1455//1548 
f 1382//1548 1381//1548 1454//1548 
f 1386//1548 1385//1548 1454//1548 
f 1623//1548 1458//1548 1457//1548 
f 1623//1548 1460//1548 1459//1548 
f 1462//1548 1461//1548 1616//1548 
f 1621//1548 1478//1548 1477//1548 
f 1621//1548 1480//1548 1479//1548 
f 1446//1548 1445//1548 1618//1548 
f 1452//1548 1451//1548 1622//1548 
f 1622//1548 1418//1548 1417//1548 
f 1622//1548 1394//1548 1423//1548 
f 1392//1548 1391//1548 1622//1548 
f 1408//1548 1407//1548 1454//1548 
f 1415//1548 1483//1548 1621//1548 
f 1416//1548 1425//1548 1424//1548 
f 1368//1548 1367//1548 1623//1548 
f 1378//1548 1377//1548 1455//1548 
f 1385//1548 1384//1548 1454//1548 
f 1459//1548 1458//1548 1623//1548 
f 1466//1548 1465//1548 1616//1548 
f 1621//1548 1481//1548 1480//1548 
f 1621//1548 1483//1548 1482//1548 
f 1449//1548 1448//1548 1622//1548 
f 1419//1548 1418//1548 1622//1548 
f 1387//1548 1402//1548 1401//1548 
f 1416//1548 1619//1548 1425//1548 
f 1366//1548 1365//1548 1623//1548 
f 1384//1548 1383//1548 1454//1548 
f 1460//1548 1623//1548 1616//1548 
f 1482//1548 1481//1548 1621//1548 
f 1417//1548 1424//1548 1453//1548 
f 1415//1548 1454//1548 1483//1548 
f 1372//1548 1371//1548 1623//1548 
f 1479//1548 1478//1548 1621//1548 
f 1395//1548 1394//1548 1622//1548 
f 1456//1548 1455//1548 1623//1548 
f 1365//1548 1364//1548 1623//1548 
f 1426//1548 1425//1548 1619//1548 
o mesh74
f 1624//1549 1617//1549 1616//1549 
f 1616//1549 1625//1549 1624//1549 
o mesh75
f 1625//1550 1626//1550 1627//1550 
f 1626//1550 1628//1550 1629//1550 
f 1629//1550 1627//1550 1626//1550 
f 1630//1550 1631//1550 1629//1550 
f 1629//1550 1628//1550 1630//1550 
f 1627//1550 1624//1550 1625//1550 
o mesh76
f 1627//1551 1621//1551 1617//1551 
f 1617//1551 1624//1551 1627//1551 
o mesh77
f 1629//1552 1619//1552 1621//1552 
f 1621//1552 1627//1552 1629//1552 
o mesh78
f 1631//1553 1620//1553 1619//1553 
f 1619//1553 1629//1553 1631//1553 
o mesh79
f 1630//1552 1618//1552 1620//1552 
f 1620//1552 1631//1552 1630//1552 
o mesh80
f 1628//1554 1622//1554 1618//1554 
f 1618//1554 1630//1554 1628//1554 
o mesh81
f 1626//1555 1623//1555 1622//1555 
f 1622//1555 1628//1555 1626//1555 
o mesh82
f 1625//1556 1616//1556 1623//1556 
f 1623//1556 1626//1556 1625//1556 
o mesh83
f 1151//1557 1093//1557 1154//1557 
f 1937//1557 1154//1557 1153//1557 
f 1938//1557 1153//1557 1155//1557 
f 1939//1557 1155//1557 1157//1557 
f 1940//1557 1157//1557 1158//1557 
f 1941//1557 1158//1557 1159//1557 
f 1150//1557 1151//1557 1937//1557 
f 1937//1557 1632//1557 1633//1557 
f 1937//1557 1634//1557 1635//1557 
f 1942//1557 1636//1557 1637//1557 
f 1633//1557 1943//1557 1937//1557 
f 1937//1557 1638//1557 1634//1557 
f 1637//1557 1639//1557 1942//1557 
f 1942//1557 1943//1557 1640//1557 
f 1943//1557 1641//1557 1642//1557 
f 1943//1557 1643//1557 1644//1557 
f 1943//1557 1645//1557 1646//1557 
f 1635//1557 1632//1557 1937//1557 
f 1937//1557 1647//1557 1648//1557 
f 1942//1557 1649//1557 1650//1557 
f 1942//1557 1651//1557 1636//1557 
f 1640//1557 1652//1557 1942//1557 
f 1644//1557 1641//1557 1943//1557 
f 1633//1557 1645//1557 1943//1557 
f 1937//1557 1653//1557 1647//1557 
f 1937//1557 1938//1557 1654//1557 
f 1639//1557 1649//1557 1942//1557 
f 1642//1557 1640//1557 1943//1557 
f 1648//1557 1638//1557 1937//1557 
f 1938//1557 1655//1557 1654//1557 
f 1938//1557 1656//1557 1657//1557 
f 1938//1557 1658//1557 1659//1557 
f 1938//1557 1942//1557 1660//1557 
f 1652//1557 1651//1557 1942//1557 
f 1654//1557 1653//1557 1937//1557 
f 1659//1557 1656//1557 1938//1557 
f 1660//1557 1661//1557 1938//1557 
f 1646//1557 1643//1557 1943//1557 
f 1661//1557 1658//1557 1938//1557 
f 1657//1557 1655//1557 1938//1557 
f 1938//1557 1662//1557 1663//1557 
f 1942//1557 1664//1557 1665//1557 
f 1938//1557 1666//1557 1662//1557 
f 1942//1557 1667//1557 1668//1557 
f 1942//1557 1663//1557 1664//1557 
f 1938//1557 1669//1557 1666//1557 
f 1938//1557 1670//1557 1671//1557 
f 1942//1557 1672//1557 1673//1557 
f 1665//1557 1667//1557 1942//1557 
f 1671//1557 1669//1557 1938//1557 
f 1938//1557 1674//1557 1675//1557 
f 1939//1557 1676//1557 1674//1557 
f 1939//1557 1677//1557 1678//1557 
f 1668//1557 1672//1557 1942//1557 
f 1675//1557 1670//1557 1938//1557 
f 1939//1557 1679//1557 1676//1557 
f 1939//1557 1680//1557 1677//1557 
f 1939//1557 1944//1557 1681//1557 
f 1663//1557 1942//1557 1938//1557 
f 1678//1557 1679//1557 1939//1557 
f 1681//1557 1682//1557 1939//1557 
f 1944//1557 1683//1557 1684//1557 
f 1944//1557 1685//1557 1686//1557 
f 1944//1557 1942//1557 1687//1557 
f 1674//1557 1938//1557 1939//1557 
f 1682//1557 1688//1557 1939//1557 
f 1944//1557 1689//1557 1690//1557 
f 1686//1557 1683//1557 1944//1557 
f 1687//1557 1691//1557 1944//1557 
f 1688//1557 1680//1557 1939//1557 
f 1684//1557 1689//1557 1944//1557 
f 1673//1557 1687//1557 1942//1557 
f 1691//1557 1685//1557 1944//1557 
f 1944//1557 1692//1557 1693//1557 
f 1693//1557 1694//1557 1944//1557 
f 1694//1557 1695//1557 1944//1557 
f 1939//1557 1696//1557 1697//1557 
f 1939//1557 1698//1557 1699//1557 
f 1944//1557 1700//1557 1692//1557 
f 1697//1557 1944//1557 1939//1557 
f 1939//1557 1701//1557 1698//1557 
f 1945//1557 1944//1557 1702//1557 
f 1695//1557 1703//1557 1944//1557 
f 1699//1557 1696//1557 1939//1557 
f 1940//1557 1704//1557 1705//1557 
f 1702//1557 1706//1557 1945//1557 
f 1697//1557 1700//1557 1944//1557 
f 1939//1557 1707//1557 1708//1557 
f 1940//1557 1709//1557 1710//1557 
f 1940//1557 1711//1557 1704//1557 
f 1703//1557 1702//1557 1944//1557 
f 1939//1557 1710//1557 1707//1557 
f 1940//1557 1712//1557 1709//1557 
f 1705//1557 1713//1557 1940//1557 
f 1945//1557 1714//1557 1715//1557 
f 1945//1557 1716//1557 1717//1557 
f 1708//1557 1701//1557 1939//1557 
f 1713//1557 1712//1557 1940//1557 
f 1940//1557 1945//1557 1718//1557 
f 1945//1557 1719//1557 1714//1557 
f 1717//1557 1720//1557 1945//1557 
f 1710//1557 1939//1557 1940//1557 
f 1718//1557 1721//1557 1940//1557 
f 1720//1557 1719//1557 1945//1557 
f 1721//1557 1711//1557 1940//1557 
f 1706//1557 1716//1557 1945//1557 
f 1946//1557 1945//1557 1722//1557 
f 1945//1557 1723//1557 1724//1557 
f 1946//1557 1725//1557 1726//1557 
f 1722//1557 1727//1557 1946//1557 
f 1945//1557 1728//1557 1729//1557 
f 1724//1557 1730//1557 1945//1557 
f 1727//1557 1725//1557 1946//1557 
f 1730//1557 1728//1557 1945//1557 
f 1940//1557 1731//1557 1732//1557 
f 1941//1557 1733//1557 1734//1557 
f 1729//1557 1722//1557 1945//1557 
f 1945//1557 1735//1557 1736//1557 
f 1940//1557 1737//1557 1735//1557 
f 1940//1557 1738//1557 1731//1557 
f 1940//1557 1739//1557 1740//1557 
f 1941//1557 1741//1557 1739//1557 
f 1734//1557 1742//1557 1941//1557 
f 1941//1557 1946//1557 1743//1557 
f 1946//1557 1744//1557 1745//1557 
f 1946//1557 1746//1557 1747//1557 
f 1736//1557 1723//1557 1945//1557 
f 1940//1557 1748//1557 1737//1557 
f 1740//1557 1738//1557 1940//1557 
f 1742//1557 1741//1557 1941//1557 
f 1941//1557 1749//1557 1750//1557 
f 1743//1557 1751//1557 1941//1557 
f 1747//1557 1744//1557 1946//1557 
f 1735//1557 1945//1557 1940//1557 
f 1739//1557 1940//1557 1941//1557 
f 1751//1557 1749//1557 1941//1557 
f 1726//1557 1746//1557 1946//1557 
f 1750//1557 1733//1557 1941//1557 
f 1732//1557 1748//1557 1940//1557 
f 1941//1557 1752//1557 1753//1557 
f 1941//1557 1754//1557 1752//1557 
f 1239//1557 1755//1557 1756//1557 
f 1239//1557 1757//1557 1758//1557 
f 1238//1557 1759//1557 1760//1557 
f 1238//1557 1946//1557 1761//1557 
f 1941//1557 1762//1557 1763//1557 
f 1941//1557 1756//1557 1754//1557 
f 1239//1557 1764//1557 1755//1557 
f 1758//1557 1765//1557 1239//1557 
f 1238//1557 1766//1557 1759//1557 
f 1761//1557 1767//1557 1238//1557 
f 1946//1557 1768//1557 1769//1557 
f 1946//1557 1770//1557 1771//1557 
f 1946//1557 1763//1557 1772//1557 
f 1941//1557 1773//1557 1762//1557 
f 1756//1557 1941//1557 1239//1557 
f 1239//1557 1774//1557 1757//1557 
f 1239//1557 1238//1557 1775//1557 
f 1238//1557 1776//1557 1777//1557 
f 1767//1557 1766//1557 1238//1557 
f 1771//1557 1768//1557 1946//1557 
f 1772//1557 1778//1557 1946//1557 
f 1941//1557 1779//1557 1773//1557 
f 1765//1557 1764//1557 1239//1557 
f 1775//1557 1780//1557 1239//1557 
f 1238//1557 1781//1557 1776//1557 
f 1769//1557 1761//1557 1946//1557 
f 1763//1557 1946//1557 1941//1557 
f 1780//1557 1774//1557 1239//1557 
f 1760//1557 1781//1557 1238//1557 
f 1753//1557 1779//1557 1941//1557 
f 1778//1557 1770//1557 1946//1557 
f 1152//1557 1150//1557 1943//1557 
f 1782//1557 1783//1557 1784//1557 
f 1785//1557 1943//1557 1786//1557 
f 1784//1557 1942//1557 1782//1557 
f 1785//1557 1787//1557 1788//1557 
f 1943//1557 1789//1557 1786//1557 
f 1943//1557 1790//1557 1791//1557 
f 1782//1557 1792//1557 1783//1557 
f 1782//1557 1793//1557 1794//1557 
f 1782//1557 1785//1557 1795//1557 
f 1785//1557 1796//1557 1797//1557 
f 1785//1557 1798//1557 1799//1557 
f 1786//1557 1787//1557 1785//1557 
f 1943//1557 1800//1557 1790//1557 
f 1943//1557 1801//1557 1802//1557 
f 1794//1557 1792//1557 1782//1557 
f 1795//1557 1803//1557 1782//1557 
f 1799//1557 1796//1557 1785//1557 
f 1791//1557 1789//1557 1943//1557 
f 1943//1557 1804//1557 1801//1557 
f 1942//1557 1805//1557 1804//1557 
f 1782//1557 1806//1557 1793//1557 
f 1797//1557 1795//1557 1785//1557 
f 1802//1557 1800//1557 1943//1557 
f 1942//1557 1807//1557 1805//1557 
f 1942//1557 1808//1557 1809//1557 
f 1942//1557 1810//1557 1811//1557 
f 1803//1557 1806//1557 1782//1557 
f 1804//1557 1943//1557 1942//1557 
f 1811//1557 1808//1557 1942//1557 
f 1942//1557 1812//1557 1813//1557 
f 1788//1557 1798//1557 1785//1557 
f 1813//1557 1810//1557 1942//1557 
f 1809//1557 1807//1557 1942//1557 
f 1942//1557 1814//1557 1815//1557 
f 1815//1557 1782//1557 1942//1557 
f 1942//1557 1816//1557 1817//1557 
f 1782//1557 1818//1557 1819//1557 
f 1815//1557 1820//1557 1782//1557 
f 1942//1557 1821//1557 1816//1557 
f 1942//1557 1822//1557 1823//1557 
f 1782//1557 1824//1557 1825//1557 
f 1820//1557 1818//1557 1782//1557 
f 1823//1557 1821//1557 1942//1557 
f 1942//1557 1826//1557 1827//1557 
f 1828//1557 1782//1557 1829//1557 
f 1819//1557 1824//1557 1782//1557 
f 1827//1557 1822//1557 1942//1557 
f 1828//1557 1830//1557 1831//1557 
f 1828//1557 1832//1557 1833//1557 
f 1828//1557 1834//1557 1835//1557 
f 1829//1557 1836//1557 1828//1557 
f 1817//1557 1814//1557 1942//1557 
f 1944//1557 1837//1557 1826//1557 
f 1831//1557 1944//1557 1828//1557 
f 1835//1557 1832//1557 1828//1557 
f 1825//1557 1829//1557 1782//1557 
f 1944//1557 1838//1557 1837//1557 
f 1944//1557 1839//1557 1840//1557 
f 1944//1557 1841//1557 1842//1557 
f 1833//1557 1830//1557 1828//1557 
f 1826//1557 1942//1557 1944//1557 
f 1944//1557 1843//1557 1839//1557 
f 1842//1557 1844//1557 1944//1557 
f 1836//1557 1834//1557 1828//1557 
f 1844//1557 1843//1557 1944//1557 
f 1840//1557 1838//1557 1944//1557 
f 1944//1557 1845//1557 1846//1557 
f 1828//1557 1847//1557 1848//1557 
f 1944//1557 1849//1557 1845//1557 
f 1944//1557 1850//1557 1851//1557 
f 1848//1557 1852//1557 1828//1557 
f 1846//1557 1828//1557 1944//1557 
f 1944//1557 1853//1557 1850//1557 
f 1852//1557 1854//1557 1828//1557 
f 1851//1557 1849//1557 1944//1557 
f 1855//1557 1828//1557 1856//1557 
f 1846//1557 1847//1557 1828//1557 
f 1855//1557 1857//1557 1858//1557 
f 1856//1557 1859//1557 1855//1557 
f 1854//1557 1860//1557 1828//1557 
f 1944//1557 1861//1557 1862//1557 
f 1858//1557 1945//1557 1855//1557 
f 1855//1557 1863//1557 1864//1557 
f 1860//1557 1856//1557 1828//1557 
f 1944//1557 1865//1557 1861//1557 
f 1855//1557 1866//1557 1857//1557 
f 1864//1557 1867//1557 1855//1557 
f 1862//1557 1853//1557 1944//1557 
f 1944//1557 1868//1557 1869//1557 
f 1945//1557 1870//1557 1871//1557 
f 1867//1557 1866//1557 1855//1557 
f 1869//1557 1865//1557 1944//1557 
f 1945//1557 1872//1557 1868//1557 
f 1871//1557 1873//1557 1945//1557 
f 1859//1557 1863//1557 1855//1557 
f 1873//1557 1872//1557 1945//1557 
f 1868//1557 1944//1557 1945//1557 
f 1945//1557 1874//1557 1875//1557 
f 1875//1557 1870//1557 1945//1557 
f 1876//1557 1855//1557 1877//1557 
f 1855//1557 1878//1557 1879//1557 
f 1876//1557 1880//1557 1881//1557 
f 1877//1557 1882//1557 1876//1557 
f 1855//1557 1883//1557 1884//1557 
f 1879//1557 1885//1557 1855//1557 
f 1945//1557 1886//1557 1887//1557 
f 1882//1557 1880//1557 1876//1557 
f 1885//1557 1883//1557 1855//1557 
f 1945//1557 1888//1557 1889//1557 
f 1945//1557 1890//1557 1886//1557 
f 1945//1557 1891//1557 1892//1557 
f 1946//1557 1893//1557 1891//1557 
f 1876//1557 1894//1557 1895//1557 
f 1884//1557 1877//1557 1855//1557 
f 1889//1557 1855//1557 1945//1557 
f 1892//1557 1890//1557 1945//1557 
f 1946//1557 1896//1557 1893//1557 
f 1895//1557 1946//1557 1876//1557 
f 1876//1557 1897//1557 1898//1557 
f 1889//1557 1878//1557 1855//1557 
f 1945//1557 1899//1557 1900//1557 
f 1891//1557 1945//1557 1946//1557 
f 1946//1557 1901//1557 1902//1557 
f 1946//1557 1903//1557 1904//1557 
f 1946//1557 1905//1557 1906//1557 
f 1898//1557 1894//1557 1876//1557 
f 1900//1557 1888//1557 1945//1557 
f 1902//1557 1896//1557 1946//1557 
f 1906//1557 1903//1557 1946//1557 
f 1881//1557 1897//1557 1876//1557 
f 1904//1557 1901//1557 1946//1557 
f 1887//1557 1899//1557 1945//1557 
f 1946//1557 1907//1557 1908//1557 
f 1946//1557 1909//1557 1910//1557 
f 1238//1557 1911//1557 1909//1557 
f 1238//1557 1912//1557 1913//1557 
f 1241//1557 1914//1557 1915//1557 
f 1241//1557 1876//1557 1916//1557 
f 1946//1557 1917//1557 1918//1557 
f 1910//1557 1907//1557 1946//1557 
f 1238//1557 1919//1557 1911//1557 
f 1913//1557 1920//1557 1238//1557 
f 1241//1557 1921//1557 1922//1557 
f 1241//1557 1923//1557 1914//1557 
f 1916//1557 1924//1557 1241//1557 
f 1876//1557 1925//1557 1926//1557 
f 1876//1557 1927//1557 1928//1557 
f 1918//1557 1876//1557 1946//1557 
f 1946//1557 1929//1557 1930//1557 
f 1909//1557 1946//1557 1238//1557 
f 1238//1557 1931//1557 1912//1557 
f 1922//1557 1238//1557 1241//1557 
f 1924//1557 1923//1557 1241//1557 
f 1928//1557 1925//1557 1876//1557 
f 1918//1557 1932//1557 1876//1557 
f 1946//1557 1933//1557 1929//1557 
f 1920//1557 1919//1557 1238//1557 
f 1238//1557 1934//1557 1935//1557 
f 1241//1557 1936//1557 1921//1557 
f 1926//1557 1916//1557 1876//1557 
f 1930//1557 1917//1557 1946//1557 
f 1935//1557 1931//1557 1238//1557 
f 1915//1557 1936//1557 1241//1557 
f 1908//1557 1933//1557 1946//1557 
f 1932//1557 1927//1557 1876//1557 
f 1922//1557 1934//1557 1238//1557 
f 1895//1557 1905//1557 1946//1557 
f 1858//1557 1874//1557 1945//1557 
f 1831//1557 1841//1557 1944//1557 
f 1784//1557 1812//1557 1942//1557 
f 1943//1557 1785//1557 1152//1557 
f 1777//1557 1775//1557 1238//1557 
f 1745//1557 1743//1557 1946//1557 
f 1715//1557 1718//1557 1945//1557 
f 1690//1557 1681//1557 1944//1557 
f 1650//1557 1660//1557 1942//1557 
f 1937//1557 1943//1557 1150//1557 
f 1159//1557 1239//1557 1941//1557 
f 1158//1557 1941//1557 1940//1557 
f 1157//1557 1940//1557 1939//1557 
f 1155//1557 1939//1557 1938//1557 
f 1153//1557 1938//1557 1937//1557 
f 1154//1557 1937//1557 1151//1557 
o mesh84
f 355//1556 1947//1556 2242//1556 
f 1948//1556 2243//1556 1949//1556 
f 2242//1556 1950//1556 1951//1556 
f 1947//1556 1952//1556 1953//1556 
f 1947//1556 1954//1556 1955//1556 
f 1948//1556 1956//1556 1954//1556 
f 1948//1556 1957//1556 1958//1556 
f 1949//1556 1959//1556 1948//1556 
f 2242//1556 1960//1556 1961//1556 
f 2242//1556 1962//1556 1950//1556 
f 1955//1556 1952//1556 1947//1556 
f 1948//1556 1963//1556 1956//1556 
f 1959//1556 1957//1556 1948//1556 
f 2243//1556 1964//1556 1965//1556 
f 2243//1556 1966//1556 1967//1556 
f 2243//1556 2242//1556 1968//1556 
f 2242//1556 1969//1556 1960//1556 
f 2242//1556 1970//1556 1962//1556 
f 2242//1556 1947//1556 1971//1556 
f 1947//1556 1972//1556 1973//1556 
f 1954//1556 1947//1556 1948//1556 
f 1958//1556 1974//1556 1948//1556 
f 2243//1556 1975//1556 1976//1556 
f 1967//1556 1964//1556 2243//1556 
f 1968//1556 1977//1556 2243//1556 
f 1951//1556 1969//1556 2242//1556 
f 1973//1556 1971//1556 1947//1556 
f 1974//1556 1963//1556 1948//1556 
f 1965//1556 1975//1556 2243//1556 
f 1961//1556 1968//1556 2242//1556 
f 1953//1556 1972//1556 1947//1556 
f 1977//1556 1966//1556 2243//1556 
f 1976//1556 1949//1556 2243//1556 
f 1948//1556 1978//1556 1979//1556 
f 1948//1556 1980//1556 1981//1556 
f 1982//1556 1983//1556 1984//1556 
f 1982//1556 1985//1556 1986//1556 
f 1982//1556 2244//1556 1987//1556 
f 2244//1556 1988//1556 1989//1556 
f 1948//1556 1990//1556 1991//1556 
f 1981//1556 1978//1556 1948//1556 
f 1982//1556 1992//1556 1980//1556 
f 1986//1556 1983//1556 1982//1556 
f 2244//1556 1993//1556 1987//1556 
f 2244//1556 1994//1556 1995//1556 
f 1989//1556 1996//1556 2244//1556 
f 1979//1556 1990//1556 1948//1556 
f 1982//1556 1997//1556 1992//1556 
f 1987//1556 1985//1556 1982//1556 
f 1996//1556 1994//1556 2244//1556 
f 2244//1556 2243//1556 1998//1556 
f 2243//1556 1999//1556 2000//1556 
f 2243//1556 2001//1556 2002//1556 
f 1980//1556 1948//1556 1982//1556 
f 1995//1556 1993//1556 2244//1556 
f 1998//1556 2003//1556 2244//1556 
f 2002//1556 1999//1556 2243//1556 
f 1984//1556 1997//1556 1982//1556 
f 2000//1556 1998//1556 2243//1556 
f 2243//1556 1948//1556 2004//1556 
f 2003//1556 1988//1556 2244//1556 
f 2243//1556 2005//1556 2006//1556 
f 1991//1556 2004//1556 1948//1556 
f 2243//1556 2007//1556 2005//1556 
f 2006//1556 2001//1556 2243//1556 
f 2008//1556 2245//1556 2009//1556 
f 2244//1556 1982//1556 2010//1556 
f 1982//1556 2011//1556 2012//1556 
f 2245//1556 2013//1556 2009//1556 
f 1982//1556 2014//1556 2010//1556 
f 1982//1556 2015//1556 2011//1556 
f 2008//1556 2016//1556 2017//1556 
f 2245//1556 2018//1556 2013//1556 
f 2245//1556 2019//1556 2020//1556 
f 2244//1556 2021//1556 2022//1556 
f 2012//1556 2014//1556 1982//1556 
f 1982//1556 2023//1556 2024//1556 
f 2008//1556 2025//1556 2023//1556 
f 2017//1556 2026//1556 2008//1556 
f 2009//1556 2027//1556 2008//1556 
f 2245//1556 2028//1556 2019//1556 
f 2245//1556 2244//1556 2029//1556 
f 2244//1556 2030//1556 2031//1556 
f 2022//1556 2032//1556 2244//1556 
f 2024//1556 2015//1556 1982//1556 
f 2008//1556 2033//1556 2025//1556 
f 2027//1556 2016//1556 2008//1556 
f 2020//1556 2034//1556 2245//1556 
f 2029//1556 2035//1556 2245//1556 
f 2032//1556 2030//1556 2244//1556 
f 2023//1556 1982//1556 2008//1556 
f 2034//1556 2018//1556 2245//1556 
f 2031//1556 2029//1556 2244//1556 
f 2244//1556 2036//1556 2037//1556 
f 2026//1556 2033//1556 2008//1556 
f 2037//1556 2021//1556 2244//1556 
f 2035//1556 2028//1556 2245//1556 
f 2008//1556 2038//1556 2039//1556 
f 2008//1556 2040//1556 2038//1556 
f 2008//1556 2041//1556 2042//1556 
f 2043//1556 2044//1556 2041//1556 
f 2043//1556 2246//1556 2045//1556 
f 2246//1556 2046//1556 2047//1556 
f 2042//1556 2040//1556 2008//1556 
f 2043//1556 2048//1556 2044//1556 
f 2043//1556 2049//1556 2050//1556 
f 2246//1556 2051//1556 2045//1556 
f 2246//1556 2052//1556 2046//1556 
f 2246//1556 2245//1556 2053//1556 
f 2245//1556 2054//1556 2055//1556 
f 2041//1556 2008//1556 2043//1556 
f 2050//1556 2056//1556 2043//1556 
f 2246//1556 2057//1556 2051//1556 
f 2047//1556 2058//1556 2246//1556 
f 2053//1556 2059//1556 2246//1556 
f 2245//1556 2060//1556 2061//1556 
f 2055//1556 2062//1556 2245//1556 
f 2056//1556 2048//1556 2043//1556 
f 2045//1556 2063//1556 2043//1556 
f 2059//1556 2052//1556 2246//1556 
f 2062//1556 2060//1556 2245//1556 
f 2245//1556 2008//1556 2064//1556 
f 2063//1556 2049//1556 2043//1556 
f 2061//1556 2053//1556 2245//1556 
f 2008//1556 2065//1556 2064//1556 
f 2058//1556 2057//1556 2246//1556 
f 2039//1556 2065//1556 2008//1556 
f 2245//1556 2066//1556 2067//1556 
f 2067//1556 2054//1556 2245//1556 
f 2043//1556 2068//1556 2069//1556 
f 2043//1556 2070//1556 2068//1556 
f 635//1556 626//1556 2071//1556 
f 2043//1556 2072//1556 2070//1556 
f 2043//1556 2073//1556 2074//1556 
f 2043//1556 635//1556 2075//1556 
f 2071//1556 2076//1556 635//1556 
f 626//1556 2077//1556 2078//1556 
f 626//1556 2079//1556 2080//1556 
f 2246//1556 2081//1556 2082//1556 
f 2246//1556 2083//1556 2084//1556 
f 2074//1556 2072//1556 2043//1556 
f 635//1556 2085//1556 2075//1556 
f 635//1556 2086//1556 2087//1556 
f 2076//1556 2088//1556 635//1556 
f 2080//1556 2077//1556 626//1556 
f 626//1556 2089//1556 2090//1556 
f 2082//1556 626//1556 2246//1556 
f 2084//1556 2091//1556 2246//1556 
f 2246//1556 2092//1556 2093//1556 
f 2075//1556 2073//1556 2043//1556 
f 2088//1556 2086//1556 635//1556 
f 2090//1556 2079//1556 626//1556 
f 2091//1556 2081//1556 2246//1556 
f 2246//1556 2094//1556 2092//1556 
f 2246//1556 2043//1556 2095//1556 
f 2087//1556 2085//1556 635//1556 
f 2082//1556 2089//1556 626//1556 
f 2246//1556 2096//1556 2094//1556 
f 2069//1556 2095//1556 2043//1556 
f 2093//1556 2083//1556 2246//1556 
f 2078//1556 2071//1556 626//1556 
f 353//1556 2242//1556 2247//1556 
f 2243//1556 2097//1556 2098//1556 
f 2243//1556 2248//1556 2099//1556 
f 2243//1556 2100//1556 2097//1556 
f 2099//1556 2101//1556 2243//1556 
f 2242//1556 2102//1556 2103//1556 
f 2242//1556 2104//1556 2105//1556 
f 2243//1556 2106//1556 2104//1556 
f 2098//1556 2107//1556 2243//1556 
f 2248//1556 2108//1556 2099//1556 
f 2248//1556 2109//1556 2110//1556 
f 2248//1556 2111//1556 2112//1556 
f 2248//1556 2247//1556 2113//1556 
f 2105//1556 2102//1556 2242//1556 
f 2243//1556 2114//1556 2106//1556 
f 2101//1556 2100//1556 2243//1556 
f 2112//1556 2109//1556 2248//1556 
f 2113//1556 2115//1556 2248//1556 
f 2247//1556 2116//1556 2117//1556 
f 2242//1556 2118//1556 2119//1556 
f 2104//1556 2242//1556 2243//1556 
f 2110//1556 2108//1556 2248//1556 
f 2247//1556 2120//1556 2113//1556 
f 2247//1556 2121//1556 2116//1556 
f 2247//1556 2122//1556 2123//1556 
f 2247//1556 2242//1556 2124//1556 
f 2119//1556 2125//1556 2242//1556 
f 2107//1556 2114//1556 2243//1556 
f 2117//1556 2120//1556 2247//1556 
f 2124//1556 2122//1556 2247//1556 
f 2103//1556 2118//1556 2242//1556 
f 2123//1556 2121//1556 2247//1556 
f 2115//1556 2111//1556 2248//1556 
f 2244//1556 2126//1556 2127//1556 
f 2244//1556 2128//1556 2129//1556 
f 2244//1556 2249//1556 2130//1556 
f 2243//1556 2131//1556 2132//1556 
f 2243//1556 2133//1556 2134//1556 
f 2129//1556 2126//1556 2244//1556 
f 2130//1556 2135//1556 2244//1556 
f 2243//1556 2136//1556 2137//1556 
f 2134//1556 2131//1556 2243//1556 
f 2244//1556 2138//1556 2133//1556 
f 2135//1556 2128//1556 2244//1556 
f 2249//1556 2139//1556 2140//1556 
f 2249//1556 2141//1556 2142//1556 
f 2132//1556 2136//1556 2243//1556 
f 2244//1556 2143//1556 2138//1556 
f 2140//1556 2130//1556 2249//1556 
f 2142//1556 2144//1556 2249//1556 
f 2133//1556 2243//1556 2244//1556 
f 2144//1556 2139//1556 2249//1556 
f 2249//1556 2248//1556 2145//1556 
f 2127//1556 2143//1556 2244//1556 
f 2145//1556 2146//1556 2249//1556 
f 2146//1556 2141//1556 2249//1556 
f 2248//1556 2147//1556 2148//1556 
f 2248//1556 2149//1556 2150//1556 
f 2137//1556 2151//1556 2243//1556 
f 2150//1556 2147//1556 2248//1556 
f 2248//1556 2152//1556 2153//1556 
f 2248//1556 2243//1556 2154//1556 
f 2148//1556 2145//1556 2248//1556 
f 2154//1556 2152//1556 2248//1556 
f 2153//1556 2149//1556 2248//1556 
f 2245//1556 2250//1556 2155//1556 
f 2155//1556 2156//1556 2245//1556 
f 2244//1556 2157//1556 2158//1556 
f 2250//1556 2159//1556 2155//1556 
f 2244//1556 2160//1556 2161//1556 
f 2244//1556 2162//1556 2157//1556 
f 2245//1556 2163//1556 2164//1556 
f 2156//1556 2165//1556 2245//1556 
f 2158//1556 2160//1556 2244//1556 
f 2244//1556 2166//1556 2167//1556 
f 2245//1556 2168//1556 2166//1556 
f 2164//1556 2169//1556 2245//1556 
f 2250//1556 2170//1556 2159//1556 
f 2250//1556 2171//1556 2172//1556 
f 2167//1556 2162//1556 2244//1556 
f 2245//1556 2173//1556 2168//1556 
f 2165//1556 2163//1556 2245//1556 
f 2250//1556 2174//1556 2171//1556 
f 2249//1556 2175//1556 2176//1556 
f 2249//1556 2244//1556 2177//1556 
f 2166//1556 2244//1556 2245//1556 
f 2172//1556 2170//1556 2250//1556 
f 2250//1556 2249//1556 2178//1556 
f 2249//1556 2179//1556 2175//1556 
f 2177//1556 2180//1556 2249//1556 
f 2169//1556 2173//1556 2245//1556 
f 2178//1556 2181//1556 2250//1556 
f 2249//1556 2182//1556 2183//1556 
f 2180//1556 2179//1556 2249//1556 
f 2181//1556 2174//1556 2250//1556 
f 2176//1556 2182//1556 2249//1556 
f 2183//1556 2178//1556 2249//1556 
f 2245//1556 2184//1556 2185//1556 
f 2246//1556 2251//1556 2186//1556 
f 2245//1556 2187//1556 2184//1556 
f 2245//1556 2188//1556 2189//1556 
f 2246//1556 2190//1556 2188//1556 
f 2186//1556 2191//1556 2246//1556 
f 2189//1556 2187//1556 2245//1556 
f 2246//1556 2192//1556 2190//1556 
f 2246//1556 2193//1556 2194//1556 
f 2251//1556 2195//1556 2186//1556 
f 2188//1556 2245//1556 2246//1556 
f 2194//1556 2196//1556 2246//1556 
f 2191//1556 2197//1556 2246//1556 
f 2251//1556 2198//1556 2199//1556 
f 2251//1556 2250//1556 2200//1556 
f 2196//1556 2192//1556 2246//1556 
f 2251//1556 2201//1556 2195//1556 
f 2251//1556 2202//1556 2198//1556 
f 2200//1556 2203//1556 2251//1556 
f 2250//1556 2204//1556 2205//1556 
f 2197//1556 2193//1556 2246//1556 
f 2203//1556 2202//1556 2251//1556 
f 2250//1556 2206//1556 2207//1556 
f 2250//1556 2208//1556 2204//1556 
f 2250//1556 2245//1556 2209//1556 
f 2245//1556 2210//1556 2211//1556 
f 2199//1556 2201//1556 2251//1556 
f 2205//1556 2206//1556 2250//1556 
f 2209//1556 2212//1556 2250//1556 
f 2185//1556 2210//1556 2245//1556 
f 2212//1556 2208//1556 2250//1556 
f 2207//1556 2200//1556 2250//1556 
f 2246//1556 2213//1556 2214//1556 
f 626//1556 627//1556 2215//1556 
f 2246//1556 2216//1556 2213//1556 
f 626//1556 2217//1556 2218//1556 
f 626//1556 2219//1556 2220//1556 
f 2215//1556 2221//1556 626//1556 
f 2246//1556 2222//1556 2216//1556 
f 2246//1556 2223//1556 2224//1556 
f 2246//1556 626//1556 2225//1556 
f 2220//1556 2217//1556 626//1556 
f 627//1556 2226//1556 2215//1556 
f 2251//1556 2227//1556 2228//1556 
f 2224//1556 2222//1556 2246//1556 
f 626//1556 2229//1556 2225//1556 
f 2221//1556 2219//1556 626//1556 
f 627//1556 2230//1556 2231//1556 
f 2228//1556 627//1556 2251//1556 
f 2225//1556 2223//1556 2246//1556 
f 2231//1556 2226//1556 627//1556 
f 2251//1556 2232//1556 2227//1556 
f 2251//1556 2233//1556 2234//1556 
f 2251//1556 2235//1556 2236//1556 
f 2218//1556 2229//1556 626//1556 
f 627//1556 2237//1556 2238//1556 
f 2234//1556 2232//1556 2251//1556 
f 2251//1556 2239//1556 2235//1556 
f 2238//1556 2230//1556 627//1556 
f 2236//1556 2233//1556 2251//1556 
f 2228//1556 2237//1556 627//1556 
f 2214//1556 2240//1556 2246//1556 
f 2251//1556 2246//1556 2241//1556 
f 2241//1556 2239//1556 2251//1556 
f 354//1556 2247//1556 471//1556 
f 2247//1556 2248//1556 470//1556 
f 2248//1556 2249//1556 469//1556 
f 2249//1556 2250//1556 467//1556 
f 2250//1556 2251//1556 468//1556 
f 2251//1556 627//1556 472//1556 
f 472//1556 468//1556 2251//1556 
f 468//1556 467//1556 2250//1556 
f 467//1556 469//1556 2249//1556 
f 469//1556 470//1556 2248//1556 
f 470//1556 471//1556 2247//1556 
f 471//1556 356//1556 354//1556 
f 2240//1556 2241//1556 2246//1556 
f 2211//1556 2209//1556 2245//1556 
f 2161//1556 2177//1556 2244//1556 
f 2151//1556 2154//1556 2243//1556 
f 2125//1556 2124//1556 2242//1556 
f 2247//1556 354//1556 353//1556 
f 2095//1556 2096//1556 2246//1556 
f 2064//1556 2066//1556 2245//1556 
f 2010//1556 2036//1556 2244//1556 
f 2004//1556 2007//1556 2243//1556 
f 1971//1556 1970//1556 2242//1556 
f 2242//1556 353//1556 355//1556 
o mesh85
f 2239//1558 2241//1559 1763//1559 
f 2235//1560 2239//1558 1762//1561 
f 2236//1562 2235//1560 1773//1563 
f 2233//1564 2236//1562 1779//1565 
f 2234//1566 2233//1564 1753//1567 
f 2232//1568 2234//1566 1752//1569 
f 2227//1570 2232//1568 1754//1571 
f 2228//1572 2227//1570 1756//1573 
f 2237//1574 2228//1572 1755//1575 
f 2238//1576 2237//1574 1764//1577 
f 2230//1578 2238//1576 1765//1579 
f 2231//1580 2230//1578 1758//1581 
f 2226//1582 2231//1580 1757//1583 
f 2215//1584 2226//1582 1774//1585 
f 2221//1586 2215//1584 1775//1587 
f 2215//1584 1780//1588 1775//1587 
f 2219//1589 2221//1586 1777//1590 
f 2220//1591 2219//1589 1776//1592 
f 2217//1593 2220//1591 1781//1594 
f 2218//1595 2217//1593 1760//1596 
f 2229//1597 2218//1595 1759//1598 
f 2225//1599 2229//1597 1766//1600 
f 2223//1601 2225//1599 1767//1602 
f 2224//1603 2223//1601 1761//1604 
f 2222//1605 2224//1603 1769//1606 
f 2216//1607 2222//1605 1768//1608 
f 2213//1609 2216//1607 1771//1610 
f 2214//1611 2213//1609 1770//1612 
f 2240//1613 2214//1611 1778//1614 
f 2241//1559 2240//1613 1772//1613 
f 1772//1613 1763//1559 2241//1559 
f 1778//1614 1772//1613 2240//1613 
f 1770//1612 1778//1614 2214//1611 
f 1771//1610 1770//1612 2213//1609 
f 1768//1608 1771//1610 2216//1607 
f 1769//1606 1768//1608 2222//1605 
f 1761//1604 1769//1606 2224//1603 
f 1767//1602 1761//1604 2223//1601 
f 1766//1600 1767//1602 2225//1599 
f 1759//1598 1766//1600 2229//1597 
f 1760//1596 1759//1598 2218//1595 
f 1781//1594 1760//1596 2217//1593 
f 1776//1592 1781//1594 2220//1591 
f 1777//1590 1776//1592 2219//1589 
f 1775//1587 1777//1590 2221//1586 
f 1774//1585 1780//1588 2215//1584 
f 1757//1583 1774//1585 2226//1582 
f 1758//1581 1757//1583 2231//1580 
f 1765//1579 1758//1581 2230//1578 
f 1764//1577 1765//1579 2238//1576 
f 1755//1575 1764//1577 2237//1574 
f 1756//1573 1755//1575 2228//1572 
f 1754//1571 1756//1573 2227//1570 
f 1752//1569 1754//1571 2232//1568 
f 1753//1567 1752//1569 2234//1566 
f 1779//1565 1753//1567 2233//1564 
f 1773//1563 1779//1565 2236//1562 
f 1762//1561 1773//1563 2235//1560 
f 1763//1559 1762//1561 2239//1558 
o mesh86
f 1962//1615 1970//1616 1786//1616 
f 1950//1617 1962//1615 1789//1618 
f 1951//1619 1950//1617 1791//1620 
f 1969//1621 1951//1619 1790//1622 
f 1960//1623 1969//1621 1800//1624 
f 1961//1625 1960//1623 1802//1626 
f 1968//1627 1961//1625 1801//1628 
f 1977//1629 1968//1627 1804//1630 
f 1966//1631 1977//1629 1805//1632 
f 1967//1633 1966//1631 1807//1634 
f 1964//1635 1967//1633 1809//1636 
f 1965//1637 1964//1635 1808//1638 
f 1975//1639 1965//1637 1811//1640 
f 1976//1641 1975//1639 1810//1642 
f 1976//1641 1813//1641 1812//1643 
f 1812//1643 1949//1644 1976//1641 
f 1959//1645 1949//1644 1784//1644 
f 1957//1646 1959//1645 1783//1645 
f 1958//1647 1957//1646 1792//1646 
f 1974//1648 1958//1647 1794//1647 
f 1963//1649 1974//1648 1793//1648 
f 1956//1650 1963//1649 1806//1649 
f 1954//1651 1956//1650 1803//1650 
f 1955//1652 1954//1651 1795//1651 
f 1952//1653 1955//1652 1797//1652 
f 1953//1654 1952//1653 1796//1653 
f 1972//1655 1953//1654 1799//1654 
f 1973//1656 1972//1655 1798//1655 
f 1971//1657 1973//1656 1788//1656 
f 1970//1616 1971//1657 1787//1657 
f 1787//1657 1786//1616 1970//1616 
f 1788//1656 1787//1657 1971//1657 
f 1798//1655 1788//1656 1973//1656 
f 1799//1654 1798//1655 1972//1655 
f 1796//1653 1799//1654 1953//1654 
f 1797//1652 1796//1653 1952//1653 
f 1795//1651 1797//1652 1955//1652 
f 1803//1650 1795//1651 1954//1651 
f 1806//1649 1803//1650 1956//1650 
f 1793//1648 1806//1649 1963//1649 
f 1794//1647 1793//1648 1974//1648 
f 1792//1646 1794//1647 1958//1647 
f 1783//1645 1792//1646 1957//1646 
f 1784//1644 1783//1645 1959//1645 
f 1812//1643 1784//1644 1949//1644 
f 1810//1642 1813//1641 1976//1641 
f 1811//1640 1810//1642 1975//1639 
f 1808//1638 1811//1640 1965//1637 
f 1809//1636 1808//1638 1964//1635 
f 1807//1634 1809//1636 1967//1633 
f 1805//1632 1807//1634 1966//1631 
f 1804//1630 1805//1632 1977//1629 
f 1801//1628 1804//1630 1968//1627 
f 1802//1626 1801//1628 1961//1625 
f 1800//1624 1802//1626 1960//1623 
f 1790//1622 1800//1624 1969//1621 
f 1791//1620 1790//1622 1951//1619 
f 1789//1618 1791//1620 1950//1617 
f 1786//1616 1789//1618 1962//1615 
o mesh87
f 2005//1658 2007//1659 1814//1659 
f 2006//1660 2005//1658 1817//1661 
f 2001//1662 2006//1660 1816//1663 
f 2002//1664 2001//1662 1821//1665 
f 1999//1666 2002//1664 1823//1667 
f 2000//1668 1999//1666 1822//1669 
f 1998//1670 2000//1668 1827//1671 
f 2003//1672 1998//1670 1826//1673 
f 1988//1674 2003//1672 1837//1675 
f 1989//1676 1988//1674 1838//1677 
f 1996//1678 1989//1676 1840//1679 
f 1994//1680 1996//1678 1839//1681 
f 1995//1682 1994//1680 1843//1683 
f 1993//1684 1995//1682 1844//1685 
f 1993//1684 1842//1684 1841//1686 
f 1841//1686 1987//1687 1993//1684 
f 1985//1688 1987//1687 1831//1687 
f 1986//1689 1985//1688 1830//1688 
f 1983//1690 1986//1689 1833//1689 
f 1984//1691 1983//1690 1832//1690 
f 1997//1692 1984//1691 1835//1691 
f 1992//1693 1997//1692 1834//1692 
f 1980//1694 1992//1693 1836//1693 
f 1981//1695 1980//1694 1829//1694 
f 1978//1696 1981//1695 1825//1695 
f 1979//1697 1978//1696 1824//1696 
f 1990//1698 1979//1697 1819//1697 
f 1991//1699 1990//1698 1818//1698 
f 2004//1700 1991//1699 1820//1699 
f 2007//1659 2004//1700 1815//1700 
f 1815//1700 1814//1659 2007//1659 
f 1820//1699 1815//1700 2004//1700 
f 1818//1698 1820//1699 1991//1699 
f 1819//1697 1818//1698 1990//1698 
f 1824//1696 1819//1697 1979//1697 
f 1825//1695 1824//1696 1978//1696 
f 1829//1694 1825//1695 1981//1695 
f 1836//1693 1829//1694 1980//1694 
f 1834//1692 1836//1693 1992//1693 
f 1835//1691 1834//1692 1997//1692 
f 1832//1690 1835//1691 1984//1691 
f 1833//1689 1832//1690 1983//1690 
f 1830//1688 1833//1689 1986//1689 
f 1831//1687 1830//1688 1985//1688 
f 1841//1686 1831//1687 1987//1687 
f 1844//1685 1842//1684 1993//1684 
f 1843//1683 1844//1685 1995//1682 
f 1839//1681 1843//1683 1994//1680 
f 1840//1679 1839//1681 1996//1678 
f 1838//1677 1840//1679 1989//1676 
f 1837//1675 1838//1677 1988//1674 
f 1826//1673 1837//1675 2003//1672 
f 1827//1671 1826//1673 1998//1670 
f 1822//1669 1827//1671 2000//1668 
f 1823//1667 1822//1669 1999//1666 
f 1821//1665 1823//1667 2002//1664 
f 1816//1663 1821//1665 2001//1662 
f 1817//1661 1816//1663 2006//1660 
f 1814//1659 1817//1661 2005//1658 
o mesh88
f 2037//1701 2036//1702 1845//1702 
f 2021//1703 2037//1701 1849//1704 
f 2022//1705 2021//1703 1851//1706 
f 2032//1707 2022//1705 1850//1708 
f 2030//1709 2032//1707 1853//1710 
f 2031//1711 2030//1709 1862//1712 
f 2029//1713 2031//1711 1861//1714 
f 2035//1715 2029//1713 1865//1716 
f 2028//1717 2035//1715 1869//1718 
f 2019//1719 2028//1717 1868//1720 
f 2020//1721 2019//1719 1872//1722 
f 2034//1723 2020//1721 1873//1724 
f 2018//1725 2034//1723 1871//1726 
f 2013//1727 2018//1725 1870//1728 
f 2013//1727 1875//1727 1874//1729 
f 1874//1729 2009//1730 2013//1727 
f 2027//1731 2009//1730 1858//1730 
f 2016//1732 2027//1731 1857//1731 
f 2017//1733 2016//1732 1866//1732 
f 2026//1734 2017//1733 1867//1733 
f 2033//1735 2026//1734 1864//1734 
f 2025//1736 2033//1735 1863//1735 
f 2023//1737 2025//1736 1859//1736 
f 2024//1738 2023//1737 1856//1737 
f 2015//1739 2024//1738 1860//1738 
f 2011//1740 2015//1739 1854//1739 
f 2012//1741 2011//1740 1852//1740 
f 2014//1742 2012//1741 1848//1741 
f 2010//1743 2014//1742 1847//1742 
f 2036//1702 2010//1743 1846//1743 
f 1846//1743 1845//1702 2036//1702 
f 1847//1742 1846//1743 2010//1743 
f 1848//1741 1847//1742 2014//1742 
f 1852//1740 1848//1741 2012//1741 
f 1854//1739 1852//1740 2011//1740 
f 1860//1738 1854//1739 2015//1739 
f 1856//1737 1860//1738 2024//1738 
f 1859//1736 1856//1737 2023//1737 
f 1863//1735 1859//1736 2025//1736 
f 1864//1734 1863//1735 2033//1735 
f 1867//1733 1864//1734 2026//1734 
f 1866//1732 1867//1733 2017//1733 
f 1857//1731 1866//1732 2016//1732 
f 1858//1730 1857//1731 2027//1731 
f 1874//1729 1858//1730 2009//1730 
f 1870//1728 1875//1727 2013//1727 
f 1871//1726 1870//1728 2018//1725 
f 1873//1724 1871//1726 2034//1723 
f 1872//1722 1873//1724 2020//1721 
f 1868//1720 1872//1722 2019//1719 
f 1869//1718 1868//1720 2028//1717 
f 1865//1716 1869//1718 2035//1715 
f 1861//1714 1865//1716 2029//1713 
f 1862//1712 1861//1714 2031//1711 
f 1853//1710 1862//1712 2030//1709 
f 1850//1708 1853//1710 2032//1707 
f 1851//1706 1850//1708 2022//1705 
f 1849//1704 1851//1706 2021//1703 
f 1845//1702 1849//1704 2037//1701 
o mesh89
f 2067//1744 2066//1745 1888//1745 
f 2054//1746 2067//1744 1900//1747 
f 2055//1748 2054//1746 1899//1749 
f 2062//1750 2055//1748 1887//1751 
f 2060//1752 2062//1750 1886//1753 
f 2061//1754 2060//1752 1890//1755 
f 2053//1756 2061//1754 1892//1757 
f 2059//1758 2053//1756 1891//1759 
f 2052//1760 2059//1758 1893//1761 
f 2046//1762 2052//1760 1896//1763 
f 2047//1764 2046//1762 1902//1765 
f 2058//1766 2047//1764 1901//1767 
f 2057//1768 2058//1766 1904//1769 
f 2051//1770 2057//1768 1903//1771 
f 2051//1770 1906//1770 1905//1772 
f 1905//1772 2045//1773 2051//1770 
f 2063//1774 2045//1773 1895//1773 
f 2049//1775 2063//1774 1894//1774 
f 2050//1776 2049//1775 1898//1775 
f 2056//1777 2050//1776 1897//1776 
f 2048//1778 2056//1777 1881//1777 
f 2044//1779 2048//1778 1880//1778 
f 2041//1780 2044//1779 1882//1779 
f 2042//1781 2041//1780 1877//1780 
f 2040//1782 2042//1781 1884//1781 
f 2038//1783 2040//1782 1883//1782 
f 2039//1784 2038//1783 1885//1783 
f 2065//1785 2039//1784 1879//1784 
f 2064//1786 2065//1785 1878//1785 
f 2066//1745 2064//1786 1889//1786 
f 1889//1786 1888//1745 2066//1745 
f 1878//1785 1889//1786 2064//1786 
f 1879//1784 1878//1785 2065//1785 
f 1885//1783 1879//1784 2039//1784 
f 1883//1782 1885//1783 2038//1783 
f 1884//1781 1883//1782 2040//1782 
f 1877//1780 1884//1781 2042//1781 
f 1882//1779 1877//1780 2041//1780 
f 1880//1778 1882//1779 2044//1779 
f 1881//1777 1880//1778 2048//1778 
f 1897//1776 1881//1777 2056//1777 
f 1898//1775 1897//1776 2050//1776 
f 1894//1774 1898//1775 2049//1775 
f 1895//1773 1894//1774 2063//1774 
f 1905//1772 1895//1773 2045//1773 
f 1903//1771 1906//1770 2051//1770 
f 1904//1769 1903//1771 2057//1768 
f 1901//1767 1904//1769 2058//1766 
f 1902//1765 1901//1767 2047//1764 
f 1896//1763 1902//1765 2046//1762 
f 1893//1761 1896//1763 2052//1760 
f 1891//1759 1893//1761 2059//1758 
f 1892//1757 1891//1759 2053//1756 
f 1890//1755 1892//1757 2061//1754 
f 1886//1753 1890//1755 2060//1752 
f 1887//1751 1886//1753 2062//1750 
f 1899//1749 1887//1751 2055//1748 
f 1900//1747 1899//1749 2054//1746 
f 1888//1745 1900//1747 2067//1744 
o mesh90
f 2094//1787 2096//1788 1917//1788 
f 2092//1789 2094//1787 1930//1790 
f 2093//1791 2092//1789 1929//1792 
f 2083//1793 2093//1791 1933//1794 
f 2084//1795 2083//1793 1908//1796 
f 2091//1797 2084//1795 1907//1798 
f 2081//1799 2091//1797 1910//1800 
f 2082//1801 2081//1799 1909//1802 
f 2089//1803 2082//1801 1911//1804 
f 2090//1805 2089//1803 1919//1806 
f 2079//1807 2090//1805 1920//1808 
f 2080//1809 2079//1807 1913//1810 
f 2077//1811 2080//1809 1912//1812 
f 2078//1813 2077//1811 1931//1814 
f 2078//1813 1935//1813 1934//1815 
f 1934//1815 2071//1816 2078//1813 
f 2076//1817 2071//1816 1922//1816 
f 2088//1818 2076//1817 1921//1817 
f 2086//1819 2088//1818 1936//1818 
f 2087//1820 2086//1819 1915//1819 
f 2085//1821 2087//1820 1914//1820 
f 2075//1822 2085//1821 1923//1821 
f 2073//1823 2075//1822 1924//1822 
f 2074//1824 2073//1823 1916//1823 
f 2072//1825 2074//1824 1926//1824 
f 2070//1826 2072//1825 1925//1825 
f 2068//1827 2070//1826 1928//1826 
f 2069//1828 2068//1827 1927//1827 
f 2095//1829 2069//1828 1932//1828 
f 2096//1788 2095//1829 1918//1829 
f 1918//1829 1917//1788 2096//1788 
f 1932//1828 1918//1829 2095//1829 
f 1927//1827 1932//1828 2069//1828 
f 1928//1826 1927//1827 2068//1827 
f 1925//1825 1928//1826 2070//1826 
f 1926//1824 1925//1825 2072//1825 
f 1916//1823 1926//1824 2074//1824 
f 1924//1822 1916//1823 2073//1823 
f 1923//1821 1924//1822 2075//1822 
f 1914//1820 1923//1821 2085//1821 
f 1915//1819 1914//1820 2087//1820 
f 1936//1818 1915//1819 2086//1819 
f 1921//1817 1936//1818 2088//1818 
f 1922//1816 1921//1817 2076//1817 
f 1934//1815 1922//1816 2071//1816 
f 1931//1814 1935//1813 2078//1813 
f 1912//1812 1931//1814 2077//1811 
f 1913//1810 1912//1812 2080//1809 
f 1920//1808 1913//1810 2079//1807 
f 1919//1806 1920//1808 2090//1805 
f 1911//1804 1919//1806 2089//1803 
f 1909//1802 1911//1804 2082//1801 
f 1910//1800 1909//1802 2081//1799 
f 1907//1798 1910//1800 2091//1797 
f 1908//1796 1907//1798 2084//1795 
f 1933//1794 1908//1796 2083//1793 
f 1929//1792 1933//1794 2093//1791 
f 1930//1790 1929//1792 2092//1789 
f 1917//1788 1930//1790 2094//1787 
o mesh91
f 2122//1830 2124//1831 1633//1831 
f 2123//1832 2122//1830 1632//1833 
f 2121//1834 2123//1832 1635//1835 
f 2116//1836 2121//1834 1634//1837 
f 2117//1838 2116//1836 1638//1839 
f 2120//1840 2117//1838 1648//1841 
f 2113//1842 2120//1840 1647//1843 
f 2115//1844 2113//1842 1653//1845 
f 2111//1846 2115//1844 1654//1847 
f 2112//1848 2111//1846 1655//1849 
f 2109//1850 2112//1848 1657//1851 
f 2110//1852 2109//1850 1656//1853 
f 2108//1854 2110//1852 1659//1855 
f 2099//1856 2108//1854 1658//1857 
f 2101//1858 2099//1856 1660//1859 
f 2099//1856 1661//1860 1660//1859 
f 2100//1861 2101//1858 1650//1862 
f 2097//1863 2100//1861 1649//1864 
f 2098//1865 2097//1863 1639//1866 
f 2107//1867 2098//1865 1637//1868 
f 2114//1869 2107//1867 1636//1870 
f 2106//1871 2114//1869 1651//1872 
f 2104//1873 2106//1871 1652//1874 
f 2105//1875 2104//1873 1640//1876 
f 2102//1877 2105//1875 1642//1878 
f 2103//1879 2102//1877 1641//1880 
f 2118//1881 2103//1879 1644//1882 
f 2119//1883 2118//1881 1643//1884 
f 2125//1885 2119//1883 1646//1886 
f 2124//1831 2125//1885 1645//1885 
f 1645//1885 1633//1831 2124//1831 
f 1646//1886 1645//1885 2125//1885 
f 1643//1884 1646//1886 2119//1883 
f 1644//1882 1643//1884 2118//1881 
f 1641//1880 1644//1882 2103//1879 
f 1642//1878 1641//1880 2102//1877 
f 1640//1876 1642//1878 2105//1875 
f 1652//1874 1640//1876 2104//1873 
f 1651//1872 1652//1874 2106//1871 
f 1636//1870 1651//1872 2114//1869 
f 1637//1868 1636//1870 2107//1867 
f 1639//1866 1637//1868 2098//1865 
f 1649//1864 1639//1866 2097//1863 
f 1650//1862 1649//1864 2100//1861 
f 1660//1859 1650//1862 2101//1858 
f 1658//1857 1661//1860 2099//1856 
f 1659//1855 1658//1857 2108//1854 
f 1656//1853 1659//1855 2110//1852 
f 1657//1851 1656//1853 2109//1850 
f 1655//1849 1657//1851 2112//1848 
f 1654//1847 1655//1849 2111//1846 
f 1653//1845 1654//1847 2115//1844 
f 1647//1843 1653//1845 2113//1842 
f 1648//1841 1647//1843 2120//1840 
f 1638//1839 1648//1841 2117//1838 
f 1634//1837 1638//1839 2116//1836 
f 1635//1835 1634//1837 2121//1834 
f 1632//1833 1635//1835 2123//1832 
f 1633//1831 1632//1833 2122//1830 
o mesh92
f 2152//1887 2154//1888 1663//1888 
f 2153//1889 2152//1887 1662//1890 
f 2149//1891 2153//1889 1666//1892 
f 2150//1893 2149//1891 1669//1894 
f 2147//1895 2150//1893 1671//1896 
f 2148//1897 2147//1895 1670//1898 
f 2145//1899 2148//1897 1675//1900 
f 2146//1901 2145//1899 1674//1902 
f 2141//1903 2146//1901 1676//1904 
f 2142//1905 2141//1903 1679//1906 
f 2144//1907 2142//1905 1678//1908 
f 2139//1909 2144//1907 1677//1910 
f 2140//1911 2139//1909 1680//1912 
f 2130//1913 2140//1911 1688//1914 
f 2135//1915 2130//1913 1681//1916 
f 2130//1913 1682//1917 1681//1916 
f 2128//1918 2135//1915 1690//1919 
f 2129//1920 2128//1918 1689//1921 
f 2126//1922 2129//1920 1684//1923 
f 2127//1924 2126//1922 1683//1925 
f 2143//1926 2127//1924 1686//1927 
f 2138//1928 2143//1926 1685//1929 
f 2133//1930 2138//1928 1691//1931 
f 2134//1932 2133//1930 1687//1933 
f 2131//1934 2134//1932 1673//1935 
f 2132//1936 2131//1934 1672//1937 
f 2136//1938 2132//1936 1668//1939 
f 2137//1940 2136//1938 1667//1941 
f 2151//1942 2137//1940 1665//1943 
f 2154//1888 2151//1942 1664//1942 
f 1664//1942 1663//1888 2154//1888 
f 1665//1943 1664//1942 2151//1942 
f 1667//1941 1665//1943 2137//1940 
f 1668//1939 1667//1941 2136//1938 
f 1672//1937 1668//1939 2132//1936 
f 1673//1935 1672//1937 2131//1934 
f 1687//1933 1673//1935 2134//1932 
f 1691//1931 1687//1933 2133//1930 
f 1685//1929 1691//1931 2138//1928 
f 1686//1927 1685//1929 2143//1926 
f 1683//1925 1686//1927 2127//1924 
f 1684//1923 1683//1925 2126//1922 
f 1689//1921 1684//1923 2129//1920 
f 1690//1919 1689//1921 2128//1918 
f 1681//1916 1690//1919 2135//1915 
f 1688//1914 1682//1917 2130//1913 
f 1680//1912 1688//1914 2140//1911 
f 1677//1910 1680//1912 2139//1909 
f 1678//1908 1677//1910 2144//1907 
f 1679//1906 1678//1908 2142//1905 
f 1676//1904 1679//1906 2141//1903 
f 1674//1902 1676//1904 2146//1901 
f 1675//1900 1674//1902 2145//1899 
f 1670//1898 1675//1900 2148//1897 
f 1671//1896 1670//1898 2147//1895 
f 1669//1894 1671//1896 2150//1893 
f 1666//1892 1669//1894 2149//1891 
f 1662//1890 1666//1892 2153//1889 
f 1663//1888 1662//1890 2152//1887 
o mesh93
f 2180//1944 2177//1945 1697//1945 
f 2179//1946 2180//1944 1696//1947 
f 2175//1948 2179//1946 1699//1949 
f 2176//1950 2175//1948 1698//1951 
f 2182//1952 2176//1950 1701//1953 
f 2183//1954 2182//1952 1708//1955 
f 2178//1956 2183//1954 1707//1957 
f 2181//1958 2178//1956 1710//1959 
f 2174//1960 2181//1958 1709//1961 
f 2171//1962 2174//1960 1712//1963 
f 2172//1964 2171//1962 1713//1965 
f 2170//1966 2172//1964 1705//1967 
f 2159//1968 2170//1966 1704//1969 
f 2155//1970 2159//1968 1711//1971 
f 2156//1972 2155//1970 1718//1973 
f 2155//1970 1721//1974 1718//1973 
f 2165//1975 2156//1972 1715//1976 
f 2163//1977 2165//1975 1714//1978 
f 2164//1979 2163//1977 1719//1980 
f 2169//1981 2164//1979 1720//1982 
f 2173//1983 2169//1981 1717//1984 
f 2168//1985 2173//1983 1716//1986 
f 2166//1987 2168//1985 1706//1988 
f 2167//1989 2166//1987 1702//1990 
f 2162//1991 2167//1989 1703//1992 
f 2157//1993 2162//1991 1695//1994 
f 2158//1995 2157//1993 1694//1996 
f 2160//1997 2158//1995 1693//1998 
f 2161//1999 2160//1997 1692//2000 
f 2177//1945 2161//1999 1700//1999 
f 1700//1999 1697//1945 2177//1945 
f 1692//2000 1700//1999 2161//1999 
f 1693//1998 1692//2000 2160//1997 
f 1694//1996 1693//1998 2158//1995 
f 1695//1994 1694//1996 2157//1993 
f 1703//1992 1695//1994 2162//1991 
f 1702//1990 1703//1992 2167//1989 
f 1706//1988 1702//1990 2166//1987 
f 1716//1986 1706//1988 2168//1985 
f 1717//1984 1716//1986 2173//1983 
f 1720//1982 1717//1984 2169//1981 
f 1719//1980 1720//1982 2164//1979 
f 1714//1978 1719//1980 2163//1977 
f 1715//1976 1714//1978 2165//1975 
f 1718//1973 1715//1976 2156//1972 
f 1711//1971 1721//1974 2155//1970 
f 1704//1969 1711//1971 2159//1968 
f 1705//1967 1704//1969 2170//1966 
f 1713//1965 1705//1967 2172//1964 
f 1712//1963 1713//1965 2171//1962 
f 1709//1961 1712//1963 2174//1960 
f 1710//1959 1709//1961 2181//1958 
f 1707//1957 1710//1959 2178//1956 
f 1708//1955 1707//1957 2183//1954 
f 1701//1953 1708//1955 2182//1952 
f 1698//1951 1701//1953 2176//1950 
f 1699//1949 1698//1951 2175//1948 
f 1696//1947 1699//1949 2179//1946 
f 1697//1945 1696//1947 2180//1944 
o mesh94
f 2212//2001 2209//2002 1735//2002 
f 2208//2003 2212//2001 1737//2004 
f 2204//2005 2208//2003 1748//2006 
f 2205//2007 2204//2005 1732//2008 
f 2206//2009 2205//2007 1731//2010 
f 2207//2011 2206//2009 1738//2012 
f 2200//2013 2207//2011 1740//2014 
f 2203//2015 2200//2013 1739//2016 
f 2202//2017 2203//2015 1741//2018 
f 2198//2019 2202//2017 1742//2020 
f 2199//2021 2198//2019 1734//2022 
f 2201//2023 2199//2021 1733//2024 
f 2195//2025 2201//2023 1750//2026 
f 2186//2027 2195//2025 1749//2028 
f 2191//2029 2186//2027 1743//2030 
f 2186//2027 1751//2031 1743//2030 
f 2197//2032 2191//2029 1745//2033 
f 2193//2034 2197//2032 1744//2035 
f 2194//2036 2193//2034 1747//2037 
f 2196//2038 2194//2036 1746//2039 
f 2192//2040 2196//2038 1726//2041 
f 2190//2042 2192//2040 1725//2043 
f 2188//2044 2190//2042 1727//2045 
f 2189//2046 2188//2044 1722//2047 
f 2187//2048 2189//2046 1729//2049 
f 2184//2050 2187//2048 1728//2051 
f 2185//2052 2184//2050 1730//2053 
f 2210//2054 2185//2052 1724//2055 
f 2211//2056 2210//2054 1723//2057 
f 2209//2002 2211//2056 1736//2056 
f 1736//2056 1735//2002 2209//2002 
f 1723//2057 1736//2056 2211//2056 
f 1724//2055 1723//2057 2210//2054 
f 1730//2053 1724//2055 2185//2052 
f 1728//2051 1730//2053 2184//2050 
f 1729//2049 1728//2051 2187//2048 
f 1722//2047 1729//2049 2189//2046 
f 1727//2045 1722//2047 2188//2044 
f 1725//2043 1727//2045 2190//2042 
f 1726//2041 1725//2043 2192//2040 
f 1746//2039 1726//2041 2196//2038 
f 1747//2037 1746//2039 2194//2036 
f 1744//2035 1747//2037 2193//2034 
f 1745//2033 1744//2035 2197//2032 
f 1743//2030 1745//2033 2191//2029 
f 1749//2028 1751//2031 2186//2027 
f 1750//2026 1749//2028 2195//2025 
f 1733//2024 1750//2026 2201//2023 
f 1734//2022 1733//2024 2199//2021 
f 1742//2020 1734//2022 2198//2019 
f 1741//2018 1742//2020 2202//2017 
f 1739//2016 1741//2018 2203//2015 
f 1740//2014 1739//2016 2200//2013 
f 1738//2012 1740//2014 2207//2011 
f 1731//2010 1738//2012 2206//2009 
f 1732//2008 1731//2010 2205//2007 
f 1748//2006 1732//2008 2204//2005 
f 1737//2004 1748//2006 2208//2003 
f 1735//2002 1737//2004 2212//2001 
o mesh95
f 2252//2058 1947//2058 355//2058 
f 355//2058 2253//2058 2252//2058 
f 2254//2058 1948//2058 1947//2058 
f 2254//2058 1982//2058 1948//2058 
f 2255//2058 2008//2058 1982//2058 
f 288//2058 2256//2058 2257//2058 
f 288//2058 634//2058 2258//2058 
f 1982//2058 2254//2058 2255//2058 
f 635//2058 2043//2058 2255//2058 
f 2258//2058 2256//2058 288//2058 
f 634//2058 2259//2058 2260//2058 
f 2255//2058 2043//2058 2008//2058 
f 2255//2058 2261//2058 635//2058 
f 2260//2058 2258//2058 634//2058 
f 2261//2058 2262//2058 635//2058 
f 2257//2058 2263//2058 288//2058 
f 2264//2058 341//2058 339//2058 
f 2264//2058 2265//2058 343//2058 
f 2252//2058 2254//2058 1947//2058 
f 2266//2058 632//2058 631//2058 
f 2266//2058 2259//2058 633//2058 
f 2263//2058 289//2058 288//2058 
f 2267//2058 290//2058 289//2058 
f 343//2058 341//2058 2264//2058 
f 2265//2058 2268//2058 345//2058 
f 2269//2058 349//2058 347//2058 
f 2269//2058 2253//2058 351//2058 
f 2262//2058 625//2058 635//2058 
f 2270//2058 628//2058 625//2058 
f 2270//2058 2271//2058 629//2058 
f 633//2058 632//2058 2266//2058 
f 289//2058 2263//2058 2267//2058 
f 307//2058 2272//2058 2273//2058 
f 345//2058 343//2058 2265//2058 
f 347//2058 2268//2058 2269//2058 
f 355//2058 351//2058 2253//2058 
f 629//2058 628//2058 2270//2058 
f 2274//2058 631//2058 630//2058 
f 634//2058 633//2058 2259//2058 
f 2267//2058 2275//2058 291//2058 
f 307//2058 2276//2058 2272//2058 
f 314//2058 313//2058 2277//2058 
f 313//2058 2278//2058 2279//2058 
f 347//2058 345//2058 2268//2058 
f 625//2058 2262//2058 2270//2058 
f 630//2058 2271//2058 2274//2058 
f 291//2058 290//2058 2267//2058 
f 2280//2058 293//2058 292//2058 
f 307//2058 2281//2058 2276//2058 
f 2282//2058 2283//2058 308//2058 
f 314//2058 2284//2058 2285//2058 
f 2279//2058 2277//2058 313//2058 
f 351//2058 349//2058 2269//2058 
f 631//2058 2274//2058 2266//2058 
f 292//2058 2275//2058 2280//2058 
f 2286//2058 294//2058 293//2058 
f 2286//2058 2287//2058 295//2058 
f 2287//2058 2288//2058 286//2058 
f 308//2058 307//2058 2282//2058 
f 2289//2058 310//2058 309//2058 
f 2290//2058 311//2058 310//2058 
f 2277//2058 2284//2058 314//2058 
f 339//2058 2291//2058 2264//2058 
f 292//2058 291//2058 2275//2058 
f 295//2058 294//2058 2286//2058 
f 286//2058 295//2058 2287//2058 
f 2283//2058 309//2058 308//2058 
f 310//2058 2289//2058 2290//2058 
f 2290//2058 2278//2058 312//2058 
f 2285//2058 2291//2058 314//2058 
f 287//2058 286//2058 2292//2058 
f 2293//2058 2292//2058 2294//2058 
f 630//2058 629//2058 2271//2058 
f 2288//2058 2294//2058 286//2058 
f 309//2058 2283//2058 2289//2058 
f 313//2058 312//2058 2278//2058 
f 2281//2058 306//2058 287//2058 
f 2292//2058 286//2058 2294//2058 
f 293//2058 2280//2058 2286//2058 
f 312//2058 311//2058 2290//2058 
f 2295//2058 2276//2058 2281//2058 
f 2281//2058 307//2058 306//2058 
f 339//2058 314//2058 2291//2058 
f 2281//2058 2296//2058 2295//2058 
f 2294//2058 2297//2058 2293//2058 
f 2292//2058 2281//2058 287//2058 
f 2273//2058 2282//2058 307//2058 
o mesh96
f 2298//2059 1855//2059 1876//2059 
f 2298//2059 2299//2059 1828//2059 
f 1828//2059 1855//2059 2298//2059 
f 2299//2059 1782//2059 1828//2059 
f 2299//2059 1785//2059 1782//2059 
f 966//2059 2300//2059 2301//2059 
f 2302//2059 2298//2059 1241//2059 
f 2299//2059 1152//2059 1785//2059 
f 966//2059 2303//2059 2300//2059 
f 966//2059 2304//2059 2305//2059 
f 1876//2059 1241//2059 2298//2059 
f 2306//2059 1149//2059 1152//2059 
f 2307//2059 1147//2059 1148//2059 
f 2308//2059 1146//2059 1147//2059 
f 2309//2059 2310//2059 1145//2059 
f 2305//2059 2303//2059 966//2059 
f 2311//2059 2312//2059 1242//2059 
f 2312//2059 2302//2059 1240//2059 
f 1152//2059 2299//2059 2306//2059 
f 2313//2059 1148//2059 1149//2059 
f 1147//2059 2307//2059 2308//2059 
f 1146//2059 2308//2059 2309//2059 
f 2310//2059 2314//2059 1144//2059 
f 2314//2059 2315//2059 1143//2059 
f 2315//2059 2316//2059 1070//2059 
f 1060//2059 1070//2059 2316//2059 
f 966//2059 2317//2059 2304//2059 
f 2318//2059 2319//2059 965//2059 
f 970//2059 980//2059 2320//2059 
f 2321//2059 2311//2059 1243//2059 
f 1240//2059 1242//2059 2312//2059 
f 1149//2059 2306//2059 2313//2059 
f 1145//2059 1146//2059 2309//2059 
f 1143//2059 1144//2059 2314//2059 
f 2316//2059 2322//2059 1060//2059 
f 2323//2059 1059//2059 1060//2059 
f 2324//2059 1058//2059 1059//2059 
f 2325//2059 1057//2059 1058//2059 
f 965//2059 966//2059 2318//2059 
f 2319//2059 2326//2059 964//2059 
f 2320//2059 2317//2059 970//2059 
f 2327//2059 1244//2059 1245//2059 
f 1244//2059 2327//2059 2321//2059 
f 1241//2059 1240//2059 2302//2059 
f 1144//2059 1145//2059 2310//2059 
f 1060//2059 2322//2059 2323//2059 
f 1058//2059 2324//2059 2325//2059 
f 1056//2059 2328//2059 2329//2059 
f 1056//2059 2330//2059 2331//2059 
f 2330//2059 1056//2059 1057//2059 
f 964//2059 965//2059 2319//2059 
f 2326//2059 2332//2059 963//2059 
f 2332//2059 2333//2059 829//2059 
f 827//2059 829//2059 2333//2059 
f 2320//2059 1053//2059 1054//2059 
f 2317//2059 969//2059 970//2059 
f 2317//2059 967//2059 968//2059 
f 2334//2059 1247//2059 827//2059 
f 2335//2059 1246//2059 1247//2059 
f 2336//2059 1245//2059 1246//2059 
f 1243//2059 1244//2059 2321//2059 
f 1148//2059 2313//2059 2307//2059 
f 1059//2059 2323//2059 2324//2059 
f 2329//2059 2337//2059 1056//2059 
f 1057//2059 2325//2059 2330//2059 
f 963//2059 964//2059 2326//2059 
f 2333//2059 2338//2059 827//2059 
f 980//2059 1053//2059 2320//2059 
f 2317//2059 966//2059 967//2059 
f 1247//2059 2334//2059 2335//2059 
f 1245//2059 2336//2059 2327//2059 
f 1070//2059 1143//2059 2315//2059 
f 2331//2059 2328//2059 1056//2059 
f 829//2059 963//2059 2332//2059 
f 2339//2059 2304//2059 2317//2059 
f 968//2059 969//2059 2317//2059 
f 2340//2059 2320//2059 2341//2059 
f 1246//2059 2335//2059 2336//2059 
f 2337//2059 2341//2059 1056//2059 
f 2317//2059 2342//2059 2339//2059 
f 1054//2059 1055//2059 2320//2059 
f 2320//2059 1056//2059 2341//2059 
f 1242//2059 1243//2059 2311//2059 
f 1055//2059 1056//2059 2320//2059 
f 827//2059 2338//2059 2334//2059 
f 2341//2059 2343//2059 2340//2059 
f 2301//2059 2318//2059 966//2059 
o mesh97
f 2342//2060 2293//2060 2297//2060 
f 2297//2060 2339//2060 2342//2060 
o mesh98
f 2343//2060 2295//2060 2296//2060 
f 2296//2060 2340//2060 2343//2060 
o mesh99
f 2256//2061 2333//2061 2332//2062 
f 2257//2062 2332//2062 2326//2063 
f 2263//2063 2326//2063 2319//2064 
f 2267//2064 2319//2064 2318//2065 
f 2275//2065 2318//2065 2301//2066 
f 2280//2066 2301//2066 2300//2067 
f 2286//2067 2300//2067 2303//2068 
f 2287//2068 2303//2068 2305//2069 
f 2288//2069 2305//2069 2304//2070 
f 2304//2070 2294//2070 2288//2069 
f 2305//2069 2288//2069 2287//2068 
f 2303//2068 2287//2068 2286//2067 
f 2300//2067 2286//2067 2280//2066 
f 2301//2066 2280//2066 2275//2065 
f 2318//2065 2275//2065 2267//2064 
f 2319//2064 2267//2064 2263//2063 
f 2326//2063 2263//2063 2257//2062 
f 2332//2062 2257//2062 2256//2061 
o mesh100
f 2255//2071 2298//2071 2302//2072 
f 2261//2072 2302//2072 2312//2073 
f 2262//2073 2312//2073 2311//2074 
f 2270//2074 2311//2074 2321//2075 
f 2271//2075 2321//2075 2327//2076 
f 2274//2076 2327//2076 2336//2077 
f 2266//2077 2336//2077 2335//2078 
f 2259//2078 2335//2078 2334//2079 
f 2260//2079 2334//2079 2338//2080 
f 2338//2080 2258//2080 2260//2079 
f 2334//2079 2260//2079 2259//2078 
f 2335//2078 2259//2078 2266//2077 
f 2336//2077 2266//2077 2274//2076 
f 2327//2076 2274//2076 2271//2075 
f 2321//2075 2271//2075 2270//2074 
f 2311//2074 2270//2074 2262//2073 
f 2312//2073 2262//2073 2261//2072 
f 2302//2072 2261//2072 2255//2071 
o mesh101
f 2284//2081 2316//2081 2315//2082 
f 2285//2082 2315//2082 2314//2083 
f 2291//2083 2314//2083 2310//2084 
f 2264//2084 2310//2084 2309//2085 
f 2265//2085 2309//2085 2308//2086 
f 2268//2086 2308//2086 2307//2087 
f 2269//2087 2307//2087 2313//2088 
f 2253//2088 2313//2088 2306//2089 
f 2252//2089 2306//2089 2299//2090 
f 2299//2090 2254//2090 2252//2089 
f 2306//2089 2252//2089 2253//2088 
f 2313//2088 2253//2088 2269//2087 
f 2307//2087 2269//2087 2268//2086 
f 2308//2086 2268//2086 2265//2085 
f 2309//2085 2265//2085 2264//2084 
f 2310//2084 2264//2084 2291//2083 
f 2314//2083 2291//2083 2285//2082 
f 2315//2082 2285//2082 2284//2081 
o mesh102
f 2276//2091 2341//2091 2337//2092 
f 2272//2092 2337//2092 2329//2093 
f 2273//2093 2329//2093 2328//2094 
f 2282//2094 2328//2094 2331//2095 
f 2283//2095 2331//2095 2330//2096 
f 2289//2096 2330//2096 2325//2097 
f 2290//2097 2325//2097 2324//2098 
f 2278//2098 2324//2098 2323//2099 
f 2279//2099 2323//2099 2322//2100 
f 2322//2100 2277//2100 2279//2099 
f 2323//2099 2279//2099 2278//2098 
f 2324//2098 2278//2098 2290//2097 
f 2325//2097 2290//2097 2289//2096 
f 2330//2096 2289//2096 2283//2095 
f 2331//2095 2283//2095 2282//2094 
f 2328//2094 2282//2094 2273//2093 
f 2329//2093 2273//2093 2272//2092 
f 2337//2092 2272//2092 2276//2091 
o mesh103
f 2298//2101 2255//2101 2254//2101 
f 2254//2101 2299//2101 2298//2101 
o mesh104
f 2333//2102 2256//2102 2258//2102 
f 2258//2102 2338//2102 2333//2102 
o mesh105
f 2316//2103 2284//2103 2277//2103 
f 2277//2103 2322//2103 2316//2103 
o mesh106
f 2320//2104 2281//2104 2292//2104 
f 2292//2104 2317//2104 2320//2104 
o mesh107
f 2304//2105 2344//2105 2345//2105 
f 2339//2105 2346//2105 2347//2105 
f 2339//2105 2297//2105 2348//2105 
f 2345//2105 2349//2105 2304//2105 
f 2304//2105 2339//2105 2350//2105 
f 2339//2105 2351//2105 2352//2105 
f 2339//2105 2353//2105 2354//2105 
f 2348//2105 2346//2105 2339//2105 
f 2297//2105 2355//2105 2356//2105 
f 2294//2105 2357//2105 2358//2105 
f 2304//2105 2359//2105 2360//2105 
f 2304//2105 2361//2105 2344//2105 
f 2352//2105 2350//2105 2339//2105 
f 2347//2105 2353//2105 2339//2105 
f 2356//2105 2362//2105 2297//2105 
f 2294//2105 2363//2105 2364//2105 
f 2358//2105 2365//2105 2294//2105 
f 2294//2105 2304//2105 2366//2105 
f 2349//2105 2359//2105 2304//2105 
f 2350//2105 2367//2105 2304//2105 
f 2362//2105 2348//2105 2297//2105 
f 2297//2105 2368//2105 2369//2105 
f 2297//2105 2364//2105 2370//2105 
f 2294//2105 2371//2105 2363//2105 
f 2294//2105 2372//2105 2357//2105 
f 2366//2105 2373//2105 2294//2105 
f 2367//2105 2361//2105 2304//2105 
f 2369//2105 2355//2105 2297//2105 
f 2364//2105 2297//2105 2294//2105 
f 2373//2105 2372//2105 2294//2105 
f 2354//2105 2351//2105 2339//2105 
f 2365//2105 2371//2105 2294//2105 
f 2370//2105 2368//2105 2297//2105 
f 2360//2105 2366//2105 2304//2105 
o mesh108
f 2317//2106 2374//2106 2375//2106 
f 2317//2106 2292//2106 2376//2106 
f 2317//2106 2377//2106 2374//2106 
f 2376//2106 2378//2106 2317//2106 
f 2292//2106 2379//2106 2380//2106 
f 2342//2106 2381//2106 2382//2106 
f 2317//2106 2383//2106 2381//2106 
f 2375//2106 2384//2106 2317//2106 
f 2292//2106 2385//2106 2376//2106 
f 2292//2106 2386//2106 2379//2106 
f 2381//2106 2342//2106 2317//2106 
f 2378//2106 2377//2106 2317//2106 
f 2380//2106 2387//2106 2292//2106 
f 2292//2106 2293//2106 2388//2106 
f 2342//2106 2389//2106 2390//2106 
f 2317//2106 2391//2106 2383//2106 
f 2387//2106 2385//2106 2292//2106 
f 2388//2106 2392//2106 2292//2106 
f 2293//2106 2393//2106 2394//2106 
f 2390//2106 2395//2106 2342//2106 
f 2342//2106 2396//2106 2397//2106 
f 2384//2106 2391//2106 2317//2106 
f 2394//2106 2388//2106 2293//2106 
f 2293//2106 2398//2106 2399//2106 
f 2293//2106 2342//2106 2400//2106 
f 2397//2106 2389//2106 2342//2106 
f 2392//2106 2386//2106 2292//2106 
f 2293//2106 2401//2106 2402//2106 
f 2400//2106 2398//2106 2293//2106 
f 2382//2106 2396//2106 2342//2106 
f 2399//2106 2401//2106 2293//2106 
f 2402//2106 2393//2106 2293//2106 
f 2395//2106 2400//2106 2342//2106 
o mesh109
f 2398//2107 2400//2108 2348//2108 
f 2399//2109 2398//2107 2362//2110 
f 2401//2111 2399//2109 2356//2112 
f 2402//2113 2401//2111 2355//2114 
f 2393//2115 2402//2113 2369//2116 
f 2394//2117 2393//2115 2368//2118 
f 2388//2119 2394//2117 2370//2120 
f 2392//2121 2388//2119 2364//2122 
f 2386//2123 2392//2121 2363//2124 
f 2379//2125 2386//2123 2371//2126 
f 2380//2127 2379//2125 2365//2128 
f 2387//2129 2380//2127 2358//2130 
f 2385//2131 2387//2129 2357//2132 
f 2376//2133 2385//2131 2372//2134 
f 2378//2135 2376//2133 2366//2136 
f 2376//2133 2373//2137 2366//2136 
f 2377//2138 2378//2135 2360//2139 
f 2374//2140 2377//2138 2359//2141 
f 2375//2142 2374//2140 2349//2143 
f 2384//2144 2375//2142 2345//2145 
f 2391//2146 2384//2144 2344//2147 
f 2383//2148 2391//2146 2361//2149 
f 2381//2150 2383//2148 2367//2151 
f 2382//2152 2381//2150 2350//2153 
f 2396//2154 2382//2152 2352//2155 
f 2397//2156 2396//2154 2351//2157 
f 2389//2158 2397//2156 2354//2159 
f 2390//2160 2389//2158 2353//2161 
f 2395//2162 2390//2160 2347//2163 
f 2400//2108 2395//2162 2346//2162 
f 2346//2162 2348//2108 2400//2108 
f 2347//2163 2346//2162 2395//2162 
f 2353//2161 2347//2163 2390//2160 
f 2354//2159 2353//2161 2389//2158 
f 2351//2157 2354//2159 2397//2156 
f 2352//2155 2351//2157 2396//2154 
f 2350//2153 2352//2155 2382//2152 
f 2367//2151 2350//2153 2381//2150 
f 2361//2149 2367//2151 2383//2148 
f 2344//2147 2361//2149 2391//2146 
f 2345//2145 2344//2147 2384//2144 
f 2349//2143 2345//2145 2375//2142 
f 2359//2141 2349//2143 2374//2140 
f 2360//2139 2359//2141 2377//2138 
f 2366//2136 2360//2139 2378//2135 
f 2372//2134 2373//2137 2376//2133 
f 2357//2132 2372//2134 2385//2131 
f 2358//2130 2357//2132 2387//2129 
f 2365//2128 2358//2130 2380//2127 
f 2371//2126 2365//2128 2379//2125 
f 2363//2124 2371//2126 2386//2123 
f 2364//2122 2363//2124 2392//2121 
f 2370//2120 2364//2122 2388//2119 
f 2368//2118 2370//2120 2394//2117 
f 2369//2116 2368//2118 2393//2115 
f 2355//2114 2369//2116 2402//2113 
f 2356//2112 2355//2114 2401//2111 
f 2362//2110 2356//2112 2399//2109 
f 2348//2108 2362//2110 2398//2107 
o mesh110
f 2340//2164 2403//2164 2404//2164 
f 2340//2164 2296//2164 2405//2164 
f 2281//2164 2406//2164 2407//2164 
f 2320//2164 2408//2164 2409//2164 
f 2340//2164 2410//2164 2411//2164 
f 2405//2164 2403//2164 2340//2164 
f 2296//2164 2412//2164 2413//2164 
f 2281//2164 2414//2164 2415//2164 
f 2407//2164 2416//2164 2281//2164 
f 2281//2164 2320//2164 2417//2164 
f 2409//2164 2418//2164 2320//2164 
f 2320//2164 2340//2164 2419//2164 
f 2340//2164 2420//2164 2421//2164 
f 2404//2164 2410//2164 2340//2164 
f 2413//2164 2422//2164 2296//2164 
f 2296//2164 2415//2164 2423//2164 
f 2281//2164 2424//2164 2414//2164 
f 2281//2164 2425//2164 2406//2164 
f 2417//2164 2426//2164 2281//2164 
f 2320//2164 2427//2164 2408//2164 
f 2421//2164 2419//2164 2340//2164 
f 2422//2164 2405//2164 2296//2164 
f 2296//2164 2428//2164 2429//2164 
f 2415//2164 2296//2164 2281//2164 
f 2426//2164 2425//2164 2281//2164 
f 2418//2164 2430//2164 2320//2164 
f 2419//2164 2431//2164 2320//2164 
f 2429//2164 2412//2164 2296//2164 
f 2416//2164 2424//2164 2281//2164 
f 2431//2164 2427//2164 2320//2164 
f 2423//2164 2428//2164 2296//2164 
f 2411//2164 2420//2164 2340//2164 
f 2430//2164 2417//2164 2320//2164 
o mesh111
f 2341//2165 2432//2165 2433//2165 
f 2341//2165 2276//2165 2434//2165 
f 2341//2165 2435//2165 2432//2165 
f 2434//2165 2436//2165 2341//2165 
f 2276//2165 2437//2165 2438//2165 
f 2343//2165 2439//2165 2440//2165 
f 2341//2165 2441//2165 2439//2165 
f 2433//2165 2442//2165 2341//2165 
f 2276//2165 2443//2165 2434//2165 
f 2276//2165 2444//2165 2437//2165 
f 2439//2165 2343//2165 2341//2165 
f 2436//2165 2435//2165 2341//2165 
f 2438//2165 2445//2165 2276//2165 
f 2276//2165 2295//2165 2446//2165 
f 2343//2165 2447//2165 2448//2165 
f 2341//2165 2449//2165 2441//2165 
f 2445//2165 2443//2165 2276//2165 
f 2446//2165 2450//2165 2276//2165 
f 2295//2165 2451//2165 2452//2165 
f 2448//2165 2453//2165 2343//2165 
f 2343//2165 2454//2165 2455//2165 
f 2442//2165 2449//2165 2341//2165 
f 2452//2165 2446//2165 2295//2165 
f 2295//2165 2456//2165 2457//2165 
f 2295//2165 2343//2165 2458//2165 
f 2455//2165 2447//2165 2343//2165 
f 2450//2165 2444//2165 2276//2165 
f 2295//2165 2459//2165 2460//2165 
f 2458//2165 2456//2165 2295//2165 
f 2440//2165 2454//2165 2343//2165 
f 2457//2165 2459//2165 2295//2165 
f 2460//2165 2451//2165 2295//2165 
f 2453//2165 2458//2165 2343//2165 
o mesh112
f 2456//2166 2458//2167 2405//2167 
f 2457//2168 2456//2166 2422//2169 
f 2459//2170 2457//2168 2413//2171 
f 2460//2172 2459//2170 2412//2173 
f 2451//2174 2460//2172 2429//2175 
f 2452//2176 2451//2174 2428//2177 
f 2446//2178 2452//2176 2423//2179 
f 2450//2180 2446//2178 2415//2181 
f 2444//2182 2450//2180 2414//2183 
f 2437//2184 2444//2182 2424//2185 
f 2438//2186 2437//2184 2416//2187 
f 2445//2188 2438//2186 2407//2189 
f 2443//2190 2445//2188 2406//2191 
f 2434//2192 2443//2190 2425//2193 
f 2436//2194 2434//2192 2426//2195 
f 2435//2196 2436//2194 2417//2197 
f 2432//2198 2435//2196 2430//2199 
f 2433//2200 2432//2198 2418//2201 
f 2442//2202 2433//2200 2409//2203 
f 2449//2204 2442//2202 2408//2205 
f 2441//2206 2449//2204 2427//2207 
f 2439//2208 2441//2206 2431//2209 
f 2440//2210 2439//2208 2419//2211 
f 2454//2212 2440//2210 2421//2213 
f 2455//2214 2454//2212 2420//2215 
f 2447//2216 2455//2214 2411//2217 
f 2448//2218 2447//2216 2410//2219 
f 2453//2220 2448//2218 2404//2221 
f 2458//2167 2453//2220 2403//2220 
f 2403//2220 2405//2167 2458//2167 
f 2404//2221 2403//2220 2453//2220 
f 2410//2219 2404//2221 2448//2218 
f 2411//2217 2410//2219 2447//2216 
f 2420//2215 2411//2217 2455//2214 
f 2421//2213 2420//2215 2454//2212 
f 2419//2211 2421//2213 2440//2210 
f 2431//2209 2419//2211 2439//2208 
f 2427//2207 2431//2209 2441//2206 
f 2408//2205 2427//2207 2449//2204 
f 2409//2203 2408//2205 2442//2202 
f 2418//2201 2409//2203 2433//2200 
f 2430//2199 2418//2201 2432//2198 
f 2417//2197 2430//2199 2435//2196 
f 2426//2195 2417//2197 2436//2194 
f 2425//2193 2426//2195 2434//2192 
f 2406//2191 2425//2193 2443//2190 
f 2407//2189 2406//2191 2445//2188 
f 2416//2187 2407//2189 2438//2186 
f 2424//2185 2416//2187 2437//2184 
f 2414//2183 2424//2185 2444//2182 
f 2415//2181 2414//2183 2450//2180 
f 2423//2179 2415//2181 2446//2178 
f 2428//2177 2423//2179 2452//2176 
f 2429//2175 2428//2177 2451//2174 
f 2412//2173 2429//2175 2460//2172 
f 2413//2171 2412//2173 2459//2170 
f 2422//2169 2413//2171 2457//2168 
f 2405//2167 2422//2169 2456//2166 
o mesh113
f 2461//2222 2462//2222 1612//2222 
f 2463//2222 1615//2222 1587//2222 
f 2464//2222 1610//2222 1611//2222 
f 1613//2222 1614//2222 2463//2222 
f 2462//2222 1611//2222 1612//2222 
f 1587//2222 2465//2222 2463//2222 
f 2464//2222 1609//2222 1610//2222 
f 1612//2222 1613//2222 2461//2222 
f 2463//2222 1614//2222 1615//2222 
f 2463//2222 2461//2222 1613//2222 
f 1587//2222 1586//2222 2465//2222 
f 2466//2222 1589//2222 1590//2222 
f 1589//2222 2466//2222 2465//2222 
f 1607//2222 1608//2222 2467//2222 
f 2468//2222 1605//2222 1606//2222 
f 1586//2222 1588//2222 2465//2222 
f 2465//2222 1588//2222 1589//2222 
f 1606//2222 1607//2222 2468//2222 
f 1590//2222 2469//2222 2466//2222 
f 2469//2222 2462//2222 2461//2222 
f 2470//2222 1591//2222 1592//2222 
f 1591//2222 2470//2222 2469//2222 
f 2468//2222 1604//2222 1605//2222 
f 1604//2222 2468//2222 2471//2222 
f 1609//2222 2472//2222 2467//2222 
f 2461//2222 2466//2222 2469//2222 
f 2469//2222 1590//2222 1591//2222 
f 1598//2222 1599//2222 2473//2222 
f 2471//2222 1603//2222 1604//2222 
f 1609//2222 2464//2222 2472//2222 
f 1592//2222 2474//2222 2470//2222 
f 2474//2222 2472//2222 2464//2222 
f 2475//2222 1597//2222 1598//2222 
f 2475//2222 1595//2222 1596//2222 
f 2473//2222 1600//2222 1602//2222 
f 2467//2222 1608//2222 1609//2222 
f 2464//2222 2470//2222 2474//2222 
f 1593//2222 2476//2222 2474//2222 
f 1596//2222 1597//2222 2475//2222 
f 1595//2222 2475//2222 2476//2222 
f 2471//2222 1602//2222 1601//2222 
f 2473//2222 1599//2222 1600//2222 
f 1611//2222 2462//2222 2464//2222 
f 2474//2222 1592//2222 1593//2222 
f 2476//2222 1594//2222 1595//2222 
f 1602//2222 2471//2222 2473//2222 
f 1593//2222 1594//2222 2476//2222 
f 1601//2222 1603//2222 2471//2222 
f 2473//2222 2475//2222 1598//2222 
f 2467//2222 2468//2222 1607//2222 
o mesh114
f 2477//2223 2465//2223 2466//2223 
f 2466//2223 2478//2223 2477//2223 
o mesh115
f 2479//2224 2463//2224 2465//2224 
f 2465//2224 2477//2224 2479//2224 
o mesh116
f 2480//2225 2461//2225 2463//2225 
f 2463//2225 2479//2225 2480//2225 
o mesh117
f 2478//2226 2466//2226 2461//2226 
f 2461//2226 2480//2226 2478//2226 
o mesh118
f 2479//2227 2477//2227 2478//2227 
f 2478//2227 2480//2227 2479//2227 
o mesh119
f 2481//2228 2469//2228 2470//2228 
f 2470//2228 2482//2228 2481//2228 
o mesh120
f 2483//2229 2462//2229 2469//2229 
f 2469//2229 2481//2229 2483//2229 
o mesh121
f 2484//2230 2464//2230 2462//2230 
f 2462//2230 2483//2230 2484//2230 
o mesh122
f 2482//2231 2470//2231 2464//2231 
f 2464//2231 2484//2231 2482//2231 
o mesh123
f 2483//2232 2481//2232 2482//2232 
f 2482//2232 2484//2232 2483//2232 
o mesh124
f 2485//2231 2476//2231 2475//2231 
f 2475//2231 2486//2231 2485//2231 
o mesh125
f 2487//2232 2486//2232 2488//2232 
f 2489//2232 2488//2232 2486//2232 
f 2486//2232 2490//2232 2489//2232 
f 2491//2232 2485//2232 2486//2232 
f 2486//2232 2487//2232 2491//2232 
f 2488//2232 2492//2232 2487//2232 
o mesh126
f 2491//2233 2474//2233 2476//2233 
f 2476//2233 2485//2233 2491//2233 
o mesh127
f 2487//2234 2472//2234 2474//2234 
f 2474//2234 2491//2234 2487//2234 
o mesh128
f 2492//2235 2467//2235 2472//2235 
f 2472//2235 2487//2235 2492//2235 
o mesh129
f 2467//2236 2492//2236 2488//2236 
f 2488//2236 2468//2236 2467//2236 
o mesh130
f 2489//2235 2471//2235 2468//2235 
f 2468//2235 2488//2235 2489//2235 
o mesh131
f 2490//2236 2473//2236 2471//2236 
f 2471//2236 2489//2236 2490//2236 
o mesh132
f 2486//2237 2475//2237 2473//2237 
f 2473//2237 2490//2237 2486//2237 
o mesh133
f 2493//2236 787//2236 788//2236 
f 2493//2236 786//2236 787//2236 
f 2493//2236 784//2236 785//2236 
f 790//2236 2494//2236 2495//2236 
f 792//2236 2496//2236 2494//2236 
f 785//2236 786//2236 2493//2236 
f 784//2236 2493//2236 2497//2236 
f 2495//2236 789//2236 790//2236 
f 2496//2236 793//2236 794//2236 
f 2494//2236 791//2236 792//2236 
f 2497//2236 782//2236 784//2236 
f 2495//2236 788//2236 789//2236 
f 2496//2236 795//2236 796//2236 
f 792//2236 793//2236 2496//2236 
f 790//2236 791//2236 2494//2236 
f 794//2236 795//2236 2496//2236 
f 768//2236 2498//2236 2499//2236 
f 796//2236 2499//2236 2496//2236 
f 768//2236 2500//2236 2498//2236 
f 780//2236 2501//2236 2502//2236 
f 2499//2236 796//2236 768//2236 
f 2503//2236 2498//2236 2500//2236 
f 2497//2236 2503//2236 783//2236 
f 769//2236 770//2236 2504//2236 
f 777//2236 2505//2236 2506//2236 
f 2502//2236 779//2236 780//2236 
f 2500//2236 2501//2236 2503//2236 
f 783//2236 782//2236 2497//2236 
f 2500//2236 767//2236 769//2236 
f 771//2236 772//2236 2507//2236 
f 2504//2236 770//2236 771//2236 
f 778//2236 779//2236 2502//2236 
f 2506//2236 776//2236 777//2236 
f 780//2236 781//2236 2501//2236 
f 2503//2236 2501//2236 783//2236 
f 2500//2236 768//2236 767//2236 
f 771//2236 2508//2236 2504//2236 
f 2506//2236 2507//2236 774//2236 
f 777//2236 778//2236 2505//2236 
f 2504//2236 2508//2236 2505//2236 
f 788//2236 2495//2236 2493//2236 
f 2507//2236 2508//2236 771//2236 
f 2507//2236 773//2236 774//2236 
f 2505//2236 2502//2236 2504//2236 
f 2504//2236 2500//2236 769//2236 
f 2507//2236 772//2236 773//2236 
f 781//2236 783//2236 2501//2236 
f 774//2236 775//2236 2506//2236 
f 775//2236 776//2236 2506//2236 
f 2502//2236 2505//2236 778//2236 
o mesh134
f 2509//2238 2507//2238 2506//2238 
f 2506//2238 2510//2238 2509//2238 
o mesh135
f 2509//2239 2510//2239 2511//2239 
f 2511//2239 2512//2239 2509//2239 
o mesh136
f 2512//2240 2508//2240 2507//2240 
f 2507//2240 2509//2240 2512//2240 
o mesh137
f 2511//2241 2505//2241 2508//2241 
f 2508//2241 2512//2241 2511//2241 
o mesh138
f 2510//2242 2506//2242 2505//2242 
f 2505//2242 2511//2242 2510//2242 
o mesh139
f 2513//2242 2503//2242 2497//2242 
f 2497//2242 2514//2242 2513//2242 
o mesh140
f 2515//2243 2516//2243 2517//2243 
f 2518//2243 2517//2243 2516//2243 
f 2516//2243 2519//2243 2518//2243 
f 2513//2243 2514//2243 2516//2243 
f 2516//2243 2515//2243 2513//2243 
f 2517//2243 2520//2243 2515//2243 
o mesh141
f 2515//2244 2498//2244 2503//2244 
f 2503//2244 2513//2244 2515//2244 
o mesh142
f 2520//2245 2499//2245 2498//2245 
f 2498//2245 2515//2245 2520//2245 
o mesh143
f 2517//2246 2496//2246 2499//2246 
f 2499//2246 2520//2246 2517//2246 
o mesh144
f 2518//2245 2494//2245 2496//2245 
f 2496//2245 2517//2245 2518//2245 
o mesh145
f 2519//2246 2495//2246 2494//2246 
f 2494//2246 2518//2246 2519//2246 
o mesh146
f 2516//2247 2493//2247 2495//2247 
f 2495//2247 2519//2247 2516//2247 
o mesh147
f 2514//2246 2497//2246 2493//2246 
f 2493//2246 2516//2246 2514//2246 
o mesh148
f 2521//2248 2504//2248 2502//2248 
f 2502//2248 2522//2248 2521//2248 
o mesh149
f 2521//2249 2522//2249 2523//2249 
f 2523//2249 2524//2249 2521//2249 
o mesh150
f 2524//2250 2500//2250 2504//2250 
f 2504//2250 2521//2250 2524//2250 
o mesh151
f 2523//2251 2501//2251 2500//2251 
f 2500//2251 2524//2251 2523//2251 
o mesh152
f 2522//2252 2502//2252 2501//2252 
f 2501//2252 2523//2252 2522//2252 
g EJB-1
v 0.375979 0.203898 0.031959 
v 0.375637 0.203868 0.032322 
v 0.375122 0.203823 0.0319294 
v 0.376467 0.20394 0.0325358 
v 0.376055 0.203904 0.0328164 
v 0.37682 0.203971 0.0332045 
v 0.376358 0.203931 0.0333896 
v 0.377022 0.203989 0.0339338 
v 0.37653 0.203946 0.0340147 
v 0.377063 0.203992 0.0346895 
v 0.376565 0.203949 0.0346624 
v 0.376941 0.203982 0.0354363 
v 0.376461 0.20394 0.0353026 
v 0.372117 0.20356 0.0376765 
v 0.372326 0.203578 0.0372227 
v 0.372939 0.203632 0.0374299 
v 0.371471 0.203503 0.0372863 
v 0.371773 0.20353 0.0368883 
v 0.376662 0.203957 0.0361394 
v 0.376222 0.203919 0.0359052 
v 0.375045 0.203816 0.0376765 
v 0.374836 0.203798 0.0372227 
v 0.37539 0.203846 0.0368883 
v 0.374331 0.203753 0.0379182 
v 0.374224 0.203744 0.0374299 
v 0.372832 0.203622 0.0379182 
v 0.373581 0.203688 0.0375 
v 0.370924 0.203455 0.0367659 
v 0.371303 0.203488 0.0364422 
v 0.370501 0.203418 0.0361394 
v 0.370941 0.203457 0.0359052 
v 0.373958 0.203721 0.0310205 
v 0.373904 0.203716 0.0315176 
v 0.373581 0.203688 0.0315 
v 0.374695 0.203785 0.0311832 
v 0.374536 0.203771 0.031657 
v 0.376239 0.20392 0.0367659 
v 0.375859 0.203887 0.0364422 
v 0.375691 0.203872 0.0372863 
v 0.373581 0.203688 0.038 
v 0.371183 0.203478 0.031959 
v 0.371526 0.203508 0.032322 
v 0.371108 0.203471 0.0328164 
v 0.371784 0.20353 0.031501 
v 0.372041 0.203553 0.0319294 
v 0.375379 0.203845 0.031501 
v 0.370222 0.203394 0.0354363 
v 0.370702 0.203436 0.0353026 
v 0.3701 0.203383 0.0346895 
v 0.370597 0.203427 0.0346624 
v 0.370141 0.203387 0.0339338 
v 0.370632 0.20343 0.0340147 
v 0.370342 0.203404 0.0332045 
v 0.370805 0.203445 0.0333896 
v 0.370695 0.203435 0.0325358 
v 0.372468 0.20359 0.0311832 
v 0.373204 0.203655 0.0310205 
v 0.373258 0.203659 0.0315176 
v 0.373581 0.203688 0.031 
v 0.372627 0.203604 0.031657 
v 0.372895 0.20413 0.0374299 
v 0.373538 0.204186 0.0375 
v 0.372283 0.204076 0.0372227 
v 0.371729 0.204028 0.0368883 
v 0.37126 0.203987 0.0364422 
v 0.370897 0.203955 0.0359052 
v 0.370658 0.203934 0.0353026 
v 0.370554 0.203925 0.0346624 
v 0.370588 0.203928 0.0340147 
v 0.370761 0.203943 0.0333896 
v 0.371064 0.203969 0.0328164 
v 0.371482 0.204006 0.032322 
v 0.371997 0.204051 0.0319294 
v 0.372583 0.204102 0.031657 
v 0.373215 0.204158 0.0315176 
v 0.373861 0.204214 0.0315176 
v 0.373538 0.204186 0.0315 
v 0.374492 0.204269 0.031657 
v 0.375078 0.204321 0.0319294 
v 0.375593 0.204366 0.032322 
v 0.376011 0.204402 0.0328164 
v 0.376314 0.204429 0.0333896 
v 0.376487 0.204444 0.0340147 
v 0.376522 0.204447 0.0346624 
v 0.376417 0.204438 0.0353026 
v 0.376178 0.204417 0.0359052 
v 0.375815 0.204385 0.0364422 
v 0.375346 0.204344 0.0368883 
v 0.374793 0.204296 0.0372227 
v 0.37418 0.204242 0.0374299 
v 0.373538 0.204186 0.038 
v 0.374287 0.204251 0.0379182 
v 0.375002 0.204314 0.0376765 
v 0.375648 0.20437 0.0372863 
v 0.376195 0.204418 0.0367659 
v 0.376618 0.204455 0.0361394 
v 0.376897 0.20448 0.0354363 
v 0.377019 0.20449 0.0346895 
v 0.376978 0.204487 0.0339338 
v 0.376777 0.204469 0.0332045 
v 0.376424 0.204438 0.0325358 
v 0.375935 0.204396 0.031959 
v 0.375335 0.204343 0.031501 
v 0.374651 0.204283 0.0311832 
v 0.373161 0.204153 0.0310205 
v 0.373538 0.204186 0.031 
v 0.373915 0.204219 0.0310205 
v 0.372424 0.204088 0.0311832 
v 0.37174 0.204029 0.031501 
v 0.37114 0.203976 0.031959 
v 0.370652 0.203933 0.0325358 
v 0.370299 0.203902 0.0332045 
v 0.370097 0.203885 0.0339338 
v 0.370056 0.203881 0.0346895 
v 0.370178 0.203892 0.0354363 
v 0.370457 0.203916 0.0361394 
v 0.37088 0.203953 0.0367659 
v 0.371428 0.204001 0.0372863 
v 0.372074 0.204058 0.0376765 
v 0.372788 0.20412 0.0379182 
v 0.376413 0.204437 0.0295 
v 0.379289 0.204689 0.0345 
v 0.376413 0.204437 0.0395 
v 0.370662 0.203934 0.0295 
v 0.370662 0.203934 0.0395 
v 0.367786 0.203683 0.0345 
v 0.376152 0.207426 0.0295 
v 0.379028 0.207678 0.0345 
v 0.3704 0.206923 0.0295 
v 0.367525 0.206671 0.0345 
v 0.3704 0.206923 0.0395 
v 0.376152 0.207426 0.0395 
v 0.389709 0.208612 0.03075 
v 0.390344 0.208668 0.0321824 
v 0.383238 0.208046 0.027 
v 0.389709 0.208612 0.03825 
v 0.388791 0.208532 0.0395185 
v 0.388791 0.208532 0.0294815 
v 0.386277 0.208312 0.0276484 
v 0.38763 0.20843 0.0284324 
v 0.384792 0.208182 0.0271639 
v 0.384792 0.208182 0.0418361 
v 0.383238 0.208046 0.042 
v 0.38763 0.20843 0.0405676 
v 0.390669 0.208696 0.035284 
v 0.390344 0.208668 0.0368176 
v 0.390669 0.208696 0.033716 
v 0.386277 0.208312 0.0413516 
v 0.363314 0.206303 0.042 
v 0.363314 0.206303 0.027 
v 0.382541 0.216016 0.042 
v 0.384094 0.216151 0.0418361 
v 0.38558 0.216281 0.0413516 
v 0.386933 0.2164 0.0405676 
v 0.388093 0.216501 0.0395185 
v 0.389011 0.216582 0.03825 
v 0.389647 0.216637 0.0368176 
v 0.389971 0.216666 0.035284 
v 0.389971 0.216666 0.033716 
v 0.389647 0.216637 0.0321824 
v 0.389011 0.216582 0.03075 
v 0.388093 0.216501 0.0294815 
v 0.386933 0.2164 0.0284324 
v 0.38558 0.216281 0.0276484 
v 0.384094 0.216151 0.0271639 
v 0.382541 0.216016 0.027 
v 0.367598 0.214708 0.042 
v 0.364204 0.212941 0.042 
v 0.36365 0.212132 0.042 
v 0.366635 0.214527 0.042 
v 0.363265 0.211231 0.042 
v 0.365725 0.214162 0.042 
v 0.364904 0.213627 0.042 
v 0.363064 0.210272 0.042 
v 0.363053 0.209291 0.042 
v 0.364204 0.212941 0.027 
v 0.365725 0.214162 0.027 
v 0.366635 0.214527 0.027 
v 0.367598 0.214708 0.027 
v 0.363265 0.211231 0.027 
v 0.36365 0.212132 0.027 
v 0.364904 0.213627 0.027 
v 0.363064 0.210272 0.027 
v 0.363053 0.209291 0.027 
v 0.363064 0.210272 0.1 
v 0.363053 0.209291 0.1 
v 0.363265 0.211231 0.1 
v 0.36365 0.212132 0.1 
v 0.364204 0.212941 0.1 
v 0.364904 0.213627 0.1 
v 0.365725 0.214162 0.1 
v 0.366635 0.214527 0.1 
v 0.367598 0.214708 0.1 
v 0.363053 0.209291 -0.1 
v 0.363064 0.210272 -0.1 
v 0.363265 0.211231 -0.1 
v 0.36365 0.212132 -0.1 
v 0.364204 0.212941 -0.1 
v 0.364904 0.213627 -0.1 
v 0.365725 0.214162 -0.1 
v 0.366635 0.214527 -0.1 
v 0.367598 0.214708 -0.1 
v 0.382977 0.211035 0.12 
v 0.37909 0.210695 0.119616 
v 0.375352 0.210368 0.118478 
v 0.371908 0.210066 0.116629 
v 0.368888 0.209802 0.114142 
v 0.366411 0.209585 0.111111 
v 0.364569 0.209424 0.107654 
v 0.363436 0.209325 0.103902 
v 0.382892 0.212006 0.119904 
v 0.38281 0.212941 0.119619 
v 0.382735 0.213802 0.119157 
v 0.382669 0.214557 0.118536 
v 0.382614 0.215176 0.117778 
v 0.382574 0.215636 0.116913 
v 0.382549 0.21592 0.115975 
v 0.379626 0.21576 0.114712 
v 0.376823 0.215515 0.113858 
v 0.374239 0.215289 0.112472 
v 0.371975 0.215091 0.110607 
v 0.370116 0.214929 0.108334 
v 0.368735 0.214808 0.10574 
v 0.367885 0.214733 0.102926 
v 0.382541 0.216016 0.115 
v 0.379023 0.211668 0.119521 
v 0.375304 0.211342 0.118389 
v 0.371876 0.211043 0.11655 
v 0.368871 0.21078 0.114074 
v 0.366405 0.210564 0.111058 
v 0.364573 0.210404 0.107617 
v 0.363445 0.210305 0.103883 
v 0.378997 0.212607 0.119242 
v 0.375331 0.212286 0.118126 
v 0.371951 0.211991 0.116313 
v 0.36899 0.211732 0.113873 
v 0.366559 0.211519 0.1109 
v 0.364753 0.211361 0.107508 
v 0.363641 0.211264 0.103828 
v 0.379011 0.213476 0.118789 
v 0.375431 0.213163 0.117699 
v 0.372132 0.212874 0.115929 
v 0.36924 0.212621 0.113546 
v 0.366866 0.212414 0.110643 
v 0.365103 0.212259 0.107331 
v 0.364017 0.212164 0.103737 
v 0.379066 0.214241 0.118179 
v 0.375602 0.213938 0.117125 
v 0.37241 0.213659 0.115412 
v 0.369612 0.213414 0.113107 
v 0.367315 0.213213 0.110298 
v 0.365609 0.213064 0.107093 
v 0.364558 0.212972 0.103616 
v 0.379159 0.214874 0.117436 
v 0.375837 0.214583 0.116425 
v 0.372775 0.214315 0.114782 
v 0.370091 0.21408 0.112571 
v 0.367889 0.213888 0.109877 
v 0.366252 0.213745 0.106803 
v 0.365244 0.213656 0.103468 
v 0.379287 0.215349 0.116588 
v 0.376126 0.215072 0.115626 
v 0.373213 0.214817 0.114063 
v 0.37066 0.214594 0.11196 
v 0.368565 0.214411 0.109397 
v 0.367008 0.214274 0.106472 
v 0.366049 0.214191 0.1033 
v 0.379445 0.215648 0.115668 
v 0.376459 0.215387 0.114759 
v 0.373708 0.215146 0.113283 
v 0.371296 0.214935 0.111296 
v 0.369317 0.214762 0.108875 
v 0.367846 0.214633 0.106114 
v 0.36694 0.214554 0.103117 
v 0.365667 0.179406 0.1 
v 0.365667 0.179406 -0.1 
v 0.363436 0.209325 -0.103902 
v 0.364569 0.209424 -0.107654 
v 0.366411 0.209585 -0.111111 
v 0.368888 0.209802 -0.114142 
v 0.371908 0.210066 -0.116629 
v 0.375352 0.210368 -0.118478 
v 0.37909 0.210695 -0.119616 
v 0.382977 0.211035 -0.12 
v 0.382892 0.212006 -0.119904 
v 0.38281 0.212941 -0.119619 
v 0.382735 0.213802 -0.119157 
v 0.382669 0.214557 -0.118536 
v 0.382614 0.215176 -0.117778 
v 0.382574 0.215636 -0.116913 
v 0.382549 0.21592 -0.115975 
v 0.367885 0.214733 -0.102926 
v 0.368735 0.214808 -0.10574 
v 0.370116 0.214929 -0.108334 
v 0.371975 0.215091 -0.110607 
v 0.374239 0.215289 -0.112472 
v 0.376823 0.215515 -0.113858 
v 0.379626 0.21576 -0.114712 
v 0.382541 0.216016 -0.115 
v 0.363445 0.210305 -0.103883 
v 0.364573 0.210404 -0.107617 
v 0.366405 0.210564 -0.111058 
v 0.368871 0.21078 -0.114074 
v 0.371876 0.211043 -0.11655 
v 0.375304 0.211342 -0.118389 
v 0.379023 0.211668 -0.119521 
v 0.363641 0.211264 -0.103828 
v 0.364753 0.211361 -0.107508 
v 0.366559 0.211519 -0.1109 
v 0.36899 0.211732 -0.113873 
v 0.371951 0.211991 -0.116313 
v 0.375331 0.212286 -0.118126 
v 0.378997 0.212607 -0.119242 
v 0.364017 0.212164 -0.103737 
v 0.365103 0.212259 -0.107331 
v 0.366866 0.212414 -0.110643 
v 0.36924 0.212621 -0.113546 
v 0.372132 0.212874 -0.115929 
v 0.375431 0.213163 -0.117699 
v 0.379011 0.213476 -0.118789 
v 0.364558 0.212972 -0.103616 
v 0.365609 0.213064 -0.107093 
v 0.367315 0.213213 -0.110298 
v 0.369612 0.213414 -0.113107 
v 0.37241 0.213659 -0.115412 
v 0.375602 0.213938 -0.117125 
v 0.379066 0.214241 -0.118179 
v 0.365244 0.213656 -0.103468 
v 0.366252 0.213745 -0.106803 
v 0.367889 0.213888 -0.109877 
v 0.370091 0.21408 -0.112571 
v 0.372775 0.214315 -0.114782 
v 0.375837 0.214583 -0.116425 
v 0.379159 0.214874 -0.117436 
v 0.366049 0.214191 -0.1033 
v 0.367008 0.214274 -0.106472 
v 0.368565 0.214411 -0.109397 
v 0.37066 0.214594 -0.11196 
v 0.373213 0.214817 -0.114063 
v 0.376126 0.215072 -0.115626 
v 0.379287 0.215349 -0.116588 
v 0.36694 0.214554 -0.103117 
v 0.367846 0.214633 -0.106114 
v 0.369317 0.214762 -0.108875 
v 0.371296 0.214935 -0.111296 
v 0.373708 0.215146 -0.113283 
v 0.376459 0.215387 -0.114759 
v 0.379445 0.215648 -0.115668 
v 0.36605 0.179439 -0.103902 
v 0.367184 0.179538 -0.107654 
v 0.369025 0.179699 -0.111111 
v 0.371503 0.179916 -0.114142 
v 0.374522 0.18018 -0.116629 
v 0.377967 0.180482 -0.118478 
v 0.381704 0.180809 -0.119616 
v 0.385591 0.181149 -0.12 
v 0.482596 0.21975 -0.12 
v 0.482511 0.220722 -0.119904 
v 0.482429 0.221656 -0.119619 
v 0.482354 0.222517 -0.119157 
v 0.482288 0.223272 -0.118536 
v 0.482234 0.223892 -0.117778 
v 0.482194 0.224352 -0.116913 
v 0.482169 0.224635 -0.115975 
v 0.48216 0.224731 -0.115 
v 0.485211 0.189864 -0.12 
v 0.486483 0.22009 -0.119616 
v 0.490221 0.220417 -0.118478 
v 0.493665 0.220719 -0.116629 
v 0.496685 0.220983 -0.114142 
v 0.499162 0.221199 -0.111111 
v 0.501003 0.221361 -0.107654 
v 0.502137 0.22146 -0.103902 
v 0.50252 0.221493 -0.1 
v 0.502339 0.222457 -0.1 
v 0.501974 0.223366 -0.1 
v 0.501439 0.224187 -0.1 
v 0.500753 0.224888 -0.1 
v 0.499944 0.225441 -0.1 
v 0.499043 0.225826 -0.1 
v 0.498083 0.226028 -0.1 
v 0.485076 0.224986 -0.114712 
v 0.487879 0.225231 -0.113858 
v 0.490462 0.225457 -0.112472 
v 0.492727 0.225656 -0.110607 
v 0.494585 0.225818 -0.108334 
v 0.495966 0.225939 -0.10574 
v 0.496816 0.226013 -0.102926 
v 0.497103 0.226038 -0.1 
v 0.486379 0.22106 -0.119521 
v 0.490099 0.221386 -0.118389 
v 0.493527 0.221686 -0.11655 
v 0.496532 0.221949 -0.114074 
v 0.498998 0.222164 -0.111058 
v 0.50083 0.222325 -0.107617 
v 0.501958 0.222423 -0.103883 
v 0.486242 0.22199 -0.119242 
v 0.489909 0.222311 -0.118126 
v 0.493288 0.222606 -0.116313 
v 0.49625 0.222865 -0.113873 
v 0.49868 0.223078 -0.1109 
v 0.500486 0.223236 -0.107508 
v 0.501599 0.223333 -0.103828 
v 0.486077 0.222843 -0.118789 
v 0.489657 0.223156 -0.117699 
v 0.492957 0.223445 -0.115929 
v 0.495849 0.223698 -0.113546 
v 0.498222 0.223906 -0.110643 
v 0.499986 0.22406 -0.107331 
v 0.501072 0.224155 -0.103737 
v 0.48589 0.223587 -0.118179 
v 0.489354 0.22389 -0.117125 
v 0.492547 0.22417 -0.115412 
v 0.495345 0.224415 -0.113107 
v 0.497641 0.224615 -0.110298 
v 0.499347 0.224765 -0.107093 
v 0.500398 0.224857 -0.103616 
v 0.485689 0.224194 -0.117436 
v 0.489011 0.224485 -0.116425 
v 0.492073 0.224752 -0.114782 
v 0.494757 0.224987 -0.112571 
v 0.496959 0.22518 -0.109877 
v 0.498596 0.225323 -0.106803 
v 0.499604 0.225411 -0.103468 
v 0.485481 0.22464 -0.116588 
v 0.488641 0.224916 -0.115626 
v 0.491554 0.225171 -0.114063 
v 0.494108 0.225394 -0.11196 
v 0.496203 0.225578 -0.109397 
v 0.49776 0.225714 -0.106472 
v 0.498719 0.225798 -0.1033 
v 0.485274 0.224907 -0.115668 
v 0.488259 0.225168 -0.114759 
v 0.49101 0.225409 -0.113283 
v 0.493422 0.22562 -0.111296 
v 0.495401 0.225793 -0.108875 
v 0.496872 0.225922 -0.106114 
v 0.497778 0.226001 -0.103117 
v 0.494585 0.225818 0.108334 
v 0.492727 0.225656 0.110607 
v 0.496816 0.226013 0.102926 
v 0.495966 0.225939 0.10574 
v 0.485076 0.224986 0.114712 
v 0.48216 0.224731 0.115 
v 0.490462 0.225457 0.112472 
v 0.497103 0.226038 0.1 
v 0.487879 0.225231 0.113858 
v 0.482511 0.220722 0.119904 
v 0.482596 0.21975 0.12 
v 0.482429 0.221656 0.119619 
v 0.482354 0.222517 0.119157 
v 0.482288 0.223272 0.118536 
v 0.482234 0.223892 0.117778 
v 0.482194 0.224352 0.116913 
v 0.482169 0.224635 0.115975 
v 0.385591 0.181149 0.12 
v 0.381704 0.180809 0.119616 
v 0.377967 0.180482 0.118478 
v 0.374522 0.18018 0.116629 
v 0.371503 0.179916 0.114142 
v 0.369025 0.179699 0.111111 
v 0.367184 0.179538 0.107654 
v 0.36605 0.179439 0.103902 
v 0.50252 0.221493 0.1 
v 0.502137 0.22146 0.103902 
v 0.501003 0.221361 0.107654 
v 0.499162 0.221199 0.111111 
v 0.496685 0.220983 0.114142 
v 0.493665 0.220719 0.116629 
v 0.490221 0.220417 0.118478 
v 0.486483 0.22009 0.119616 
v 0.502339 0.222457 0.1 
v 0.501974 0.223366 0.1 
v 0.501439 0.224187 0.1 
v 0.500753 0.224888 0.1 
v 0.499944 0.225441 0.1 
v 0.499043 0.225826 0.1 
v 0.498083 0.226028 0.1 
v 0.501958 0.222423 0.103883 
v 0.50083 0.222325 0.107617 
v 0.498998 0.222164 0.111058 
v 0.496532 0.221949 0.114074 
v 0.493527 0.221686 0.11655 
v 0.490099 0.221386 0.118389 
v 0.486379 0.22106 0.119521 
v 0.501599 0.223333 0.103828 
v 0.500486 0.223236 0.107508 
v 0.49868 0.223078 0.1109 
v 0.49625 0.222865 0.113873 
v 0.493288 0.222606 0.116313 
v 0.489909 0.222311 0.118126 
v 0.486242 0.22199 0.119242 
v 0.501072 0.224155 0.103737 
v 0.499986 0.22406 0.107331 
v 0.498222 0.223906 0.110643 
v 0.495849 0.223698 0.113546 
v 0.492957 0.223445 0.115929 
v 0.489657 0.223156 0.117699 
v 0.486077 0.222843 0.118789 
v 0.500398 0.224857 0.103616 
v 0.499347 0.224765 0.107093 
v 0.497641 0.224615 0.110298 
v 0.495345 0.224415 0.113107 
v 0.492547 0.22417 0.115412 
v 0.489354 0.22389 0.117125 
v 0.48589 0.223587 0.118179 
v 0.499604 0.225411 0.103468 
v 0.498596 0.225323 0.106803 
v 0.496959 0.22518 0.109877 
v 0.494757 0.224987 0.112571 
v 0.492073 0.224752 0.114782 
v 0.489011 0.224485 0.116425 
v 0.485689 0.224194 0.117436 
v 0.498719 0.225798 0.1033 
v 0.49776 0.225714 0.106472 
v 0.496203 0.225578 0.109397 
v 0.494108 0.225394 0.11196 
v 0.491554 0.225171 0.114063 
v 0.488641 0.224916 0.115626 
v 0.485481 0.22464 0.116588 
v 0.497778 0.226001 0.103117 
v 0.496872 0.225922 0.106114 
v 0.495401 0.225793 0.108875 
v 0.493422 0.22562 0.111296 
v 0.49101 0.225409 0.113283 
v 0.488259 0.225168 0.114759 
v 0.485274 0.224907 0.115668 
v 0.485211 0.189864 0.12 
v 0.505135 0.191607 0.1 
v 0.504752 0.191574 0.103902 
v 0.503618 0.191475 0.107654 
v 0.501777 0.191314 0.111111 
v 0.499299 0.191097 0.114142 
v 0.49628 0.190833 0.116629 
v 0.492835 0.190531 0.118478 
v 0.489098 0.190204 0.119616 
v 0.505135 0.191607 -0.1 
v 0.489098 0.190204 -0.119616 
v 0.492835 0.190531 -0.118478 
v 0.49628 0.190833 -0.116629 
v 0.499299 0.191097 -0.114142 
v 0.501777 0.191314 -0.111111 
v 0.503618 0.191475 -0.107654 
v 0.504752 0.191574 -0.103902 
v 0.518509 0.192777 0.139834 
v 0.511112 0.19213 0.145033 
v 0.333789 0.176617 -0.078 
v 0.333789 0.176617 -0.1 
v 0.533889 0.194123 0.117785 
v 0.530073 0.193789 0.126 
v 0.524894 0.193336 0.133425 
v 0.333789 0.176617 -0.068 
v 0.345909 0.177677 -0.133425 
v 0.536226 0.194328 -0.10903 
v 0.537013 0.194396 -0.1 
v 0.502928 0.191414 0.148864 
v 0.494206 0.190651 0.15121 
v 0.333789 0.176617 0.068 
v 0.333789 0.176617 -0.0541436 
v 0.340729 0.177224 -0.126 
v 0.352294 0.178236 -0.139834 
v 0.35969 0.178883 -0.145033 
v 0.537013 0.194396 0.1 
v 0.536226 0.194328 0.10903 
v 0.485211 0.189864 0.152 
v 0.333789 0.176617 0.1 
v 0.333789 0.176617 0.078 
v 0.333789 0.176617 0.0541436 
v 0.385591 0.181149 0.152 
v 0.376596 0.180362 0.15121 
v 0.334576 0.176685 0.10903 
v 0.336913 0.17689 -0.117785 
v 0.367874 0.179599 -0.148864 
v 0.376596 0.180362 -0.15121 
v 0.385591 0.181149 -0.152 
v 0.530073 0.193789 -0.126 
v 0.533889 0.194123 -0.117785 
v 0.367874 0.179599 0.148864 
v 0.35969 0.178883 0.145033 
v 0.352294 0.178236 0.139834 
v 0.345909 0.177677 0.133425 
v 0.340729 0.177224 0.126 
v 0.336913 0.17689 0.117785 
v 0.334576 0.176685 -0.10903 
v 0.485211 0.189864 -0.152 
v 0.511112 0.19213 -0.145033 
v 0.518509 0.192777 -0.139834 
v 0.524894 0.193336 -0.133425 
v 0.502928 0.191414 -0.148864 
v 0.494206 0.190651 -0.15121 
v 0.309881 0.174525 0.068 
v 0.309881 0.174525 -0.068 
v 0.332569 0.190563 -0.1 
v 0.333356 0.190632 -0.10903 
v 0.335693 0.190837 -0.117785 
v 0.339509 0.191171 -0.126 
v 0.344688 0.191624 -0.133425 
v 0.351073 0.192182 -0.139834 
v 0.35847 0.192829 -0.145033 
v 0.366654 0.193545 -0.148864 
v 0.375376 0.194308 -0.15121 
v 0.384371 0.195095 -0.152 
v 0.483991 0.203811 -0.152 
v 0.492986 0.204598 -0.15121 
v 0.501708 0.205361 -0.148864 
v 0.509892 0.206077 -0.145033 
v 0.517288 0.206724 -0.139834 
v 0.523673 0.207283 -0.133425 
v 0.528853 0.207736 -0.126 
v 0.532669 0.20807 -0.117785 
v 0.535006 0.208274 -0.10903 
v 0.535793 0.208343 -0.1 
v 0.394333 0.195967 -0.152 
v 0.474029 0.202939 -0.152 
v 0.535793 0.208343 0.1 
v 0.535006 0.208274 0.10903 
v 0.532669 0.20807 0.117785 
v 0.528853 0.207736 0.126 
v 0.523673 0.207283 0.133425 
v 0.517288 0.206724 0.139834 
v 0.509892 0.206077 0.145033 
v 0.501708 0.205361 0.148864 
v 0.492986 0.204598 0.15121 
v 0.483991 0.203811 0.152 
v 0.384371 0.195095 0.152 
v 0.375376 0.194308 0.15121 
v 0.366654 0.193545 0.148864 
v 0.35847 0.192829 0.145033 
v 0.351073 0.192182 0.139834 
v 0.344688 0.191624 0.133425 
v 0.339509 0.191171 0.126 
v 0.335693 0.190837 0.117785 
v 0.333356 0.190632 0.10903 
v 0.332569 0.190563 0.1 
v 0.474029 0.202939 0.152 
v 0.394333 0.195967 0.152 
v 0.535793 0.208343 4.67712e-17 
v 0.535793 0.208343 0.09 
v 0.535793 0.208343 -0.09 
v 0.332569 0.190563 -0.078 
v 0.332569 0.190563 -0.09 
v 0.332569 0.190563 3.42798e-17 
v 0.332569 0.190563 0.0541436 
v 0.332569 0.190563 -0.0541436 
v 0.332569 0.190563 0.09 
v 0.332569 0.190563 0.078 
v 0.30866 0.188472 0.068 
v 0.311101 0.160578 0.078 
v 0.30866 0.188472 0.078 
v 0.311101 0.160578 0.068 
v 0.335009 0.16267 0.078 
v 0.335009 0.16267 0.068 
v 0.324393 0.172091 0.078 
v 0.325098 0.171591 0.078 
v 0.318478 0.169114 0.078 
v 0.318682 0.169954 0.078 
v 0.31846 0.168249 0.078 
v 0.326039 0.166842 0.078 
v 0.325578 0.16611 0.078 
v 0.319062 0.170731 0.078 
v 0.3196 0.171409 0.078 
v 0.319484 0.165908 0.078 
v 0.318975 0.166608 0.078 
v 0.323434 0.164722 0.078 
v 0.322577 0.1646 0.078 
v 0.32497 0.165495 0.078 
v 0.326369 0.169375 0.078 
v 0.32568 0.17095 0.078 
v 0.321881 0.172557 0.078 
v 0.320271 0.171955 0.078 
v 0.321043 0.172344 0.078 
v 0.318628 0.1674 0.078 
v 0.321715 0.164665 0.078 
v 0.324244 0.165025 0.078 
v 0.326333 0.167655 0.078 
v 0.326444 0.168513 0.078 
v 0.323596 0.172428 0.078 
v 0.320887 0.164913 0.078 
v 0.320131 0.165335 0.078 
v 0.32611 0.1702 0.078 
v 0.322746 0.172586 0.078 
v 0.32643 0.168946 0.068 
v 0.32568 0.17095 0.068 
v 0.325098 0.171591 0.068 
v 0.326444 0.168513 0.068 
v 0.32611 0.1702 0.068 
v 0.326369 0.169375 0.068 
v 0.32497 0.165495 0.068 
v 0.325578 0.16611 0.068 
v 0.321881 0.172557 0.068 
v 0.321043 0.172344 0.068 
v 0.322746 0.172586 0.068 
v 0.324393 0.172091 0.068 
v 0.326333 0.167655 0.068 
v 0.324244 0.165025 0.068 
v 0.326039 0.166842 0.068 
v 0.322577 0.1646 0.068 
v 0.323596 0.172428 0.068 
v 0.323434 0.164722 0.068 
v 0.320887 0.164913 0.068 
v 0.321715 0.164665 0.068 
v 0.318628 0.1674 0.068 
v 0.318975 0.166608 0.068 
v 0.31846 0.168249 0.068 
v 0.319062 0.170731 0.068 
v 0.318682 0.169954 0.068 
v 0.319484 0.165908 0.068 
v 0.320131 0.165335 0.068 
v 0.318478 0.169114 0.068 
v 0.320271 0.171955 0.068 
v 0.3196 0.171409 0.068 
v 0.30866 0.188472 -0.068 
v 0.311101 0.160578 -0.078 
v 0.311101 0.160578 -0.068 
v 0.30866 0.188472 -0.078 
v 0.335009 0.16267 -0.068 
v 0.335009 0.16267 -0.078 
v 0.324393 0.172091 -0.078 
v 0.32568 0.17095 -0.078 
v 0.325098 0.171591 -0.078 
v 0.326444 0.168513 -0.078 
v 0.32611 0.1702 -0.078 
v 0.326369 0.169375 -0.078 
v 0.32497 0.165495 -0.078 
v 0.325578 0.16611 -0.078 
v 0.321881 0.172557 -0.078 
v 0.321043 0.172344 -0.078 
v 0.322746 0.172586 -0.078 
v 0.326333 0.167655 -0.078 
v 0.324244 0.165025 -0.078 
v 0.326039 0.166842 -0.078 
v 0.322577 0.1646 -0.078 
v 0.318478 0.169114 -0.078 
v 0.319062 0.170731 -0.078 
v 0.318682 0.169954 -0.078 
v 0.323596 0.172428 -0.078 
v 0.323434 0.164722 -0.078 
v 0.320887 0.164913 -0.078 
v 0.321715 0.164665 -0.078 
v 0.320271 0.171955 -0.078 
v 0.3196 0.171409 -0.078 
v 0.318628 0.1674 -0.078 
v 0.318975 0.166608 -0.078 
v 0.319484 0.165908 -0.078 
v 0.320131 0.165335 -0.078 
v 0.31846 0.168249 -0.078 
v 0.324393 0.172091 -0.068 
v 0.325098 0.171591 -0.068 
v 0.318478 0.169114 -0.068 
v 0.318682 0.169954 -0.068 
v 0.31846 0.168249 -0.068 
v 0.32568 0.17095 -0.068 
v 0.321881 0.172557 -0.068 
v 0.320271 0.171955 -0.068 
v 0.321043 0.172344 -0.068 
v 0.319062 0.170731 -0.068 
v 0.3196 0.171409 -0.068 
v 0.319484 0.165908 -0.068 
v 0.318975 0.166608 -0.068 
v 0.326039 0.166842 -0.068 
v 0.325578 0.16611 -0.068 
v 0.32611 0.1702 -0.068 
v 0.326369 0.169375 -0.068 
v 0.323596 0.172428 -0.068 
v 0.318628 0.1674 -0.068 
v 0.323434 0.164722 -0.068 
v 0.322577 0.1646 -0.068 
v 0.32497 0.165495 -0.068 
v 0.32643 0.168946 -0.068 
v 0.322746 0.172586 -0.068 
v 0.320887 0.164913 -0.068 
v 0.320131 0.165335 -0.068 
v 0.321715 0.164665 -0.068 
v 0.324244 0.165025 -0.068 
v 0.326333 0.167655 -0.068 
v 0.326444 0.168513 -0.068 
v 0.336676 0.190923 0.0819098 
v 0.338479 0.19108 0.0808645 
v 0.333057 0.190606 0.00309017 
v 0.332624 0.190568 0.00104528 
v 0.335128 0.190787 0.00669131 
v 0.333904 0.19068 0.005 
v 0.34046 0.191254 0.00978148 
v 0.338479 0.19108 0.00913545 
v 0.350501 0.192132 0.01 
v 0.333057 0.190606 0.0869098 
v 0.333904 0.19068 0.085 
v 0.332624 0.190568 0.0889547 
v 0.336676 0.190923 0.00809017 
v 0.342531 0.191435 0.01 
v 0.335128 0.190787 0.0833087 
v 0.34046 0.191254 0.0802185 
v 0.342531 0.191435 0.08 
v 0.350501 0.192132 0.08 
v 0.341834 0.199404 0.08 
v 0.349803 0.200102 0.08 
v 0.342531 0.191435 0.1 
v 0.341834 0.199404 0.1 
v 0.339763 0.199223 0.0997815 
v 0.34046 0.191254 0.0997815 
v 0.337782 0.19905 0.0991355 
v 0.338479 0.19108 0.0991355 
v 0.335978 0.198892 0.0980902 
v 0.336676 0.190923 0.0980902 
v 0.334431 0.198757 0.0966913 
v 0.335128 0.190787 0.0966913 
v 0.333206 0.19865 0.095 
v 0.333904 0.19068 0.095 
v 0.332359 0.198576 0.0930902 
v 0.333057 0.190606 0.0930902 
v 0.331926 0.198538 0.0910453 
v 0.331926 0.198538 0.0889547 
v 0.332359 0.198576 0.0869098 
v 0.333206 0.19865 0.085 
v 0.334431 0.198757 0.0833087 
v 0.335978 0.198892 0.0819098 
v 0.337782 0.19905 0.0808645 
v 0.339763 0.199223 0.0802185 
v 0.332624 0.190568 0.0910453 
v 0.350501 0.192132 0.1 
v 0.349803 0.200102 0.1 
v 0.341834 0.199404 0.01 
v 0.349803 0.200102 0.01 
v 0.339763 0.199223 0.00978148 
v 0.337782 0.19905 0.00913545 
v 0.335978 0.198892 0.00809017 
v 0.334431 0.198757 0.00669131 
v 0.333206 0.19865 0.005 
v 0.332359 0.198576 0.00309017 
v 0.331926 0.198538 0.00104528 
v 0.331926 0.198538 -0.00104528 
v 0.332624 0.190568 -0.00104528 
v 0.332359 0.198576 -0.00309017 
v 0.333057 0.190606 -0.00309017 
v 0.333206 0.19865 -0.005 
v 0.333904 0.19068 -0.005 
v 0.334431 0.198757 -0.00669131 
v 0.335128 0.190787 -0.00669131 
v 0.335978 0.198892 -0.00809017 
v 0.336676 0.190923 -0.00809017 
v 0.337782 0.19905 -0.00913545 
v 0.338479 0.19108 -0.00913545 
v 0.339763 0.199223 -0.00978148 
v 0.34046 0.191254 -0.00978148 
v 0.341834 0.199404 -0.01 
v 0.342531 0.191435 -0.01 
v 0.349803 0.200102 -0.01 
v 0.350501 0.192132 -0.01 
v 0.333057 0.190606 -0.0869098 
v 0.332624 0.190568 -0.0889547 
v 0.338479 0.19108 -0.0808645 
v 0.333904 0.19068 -0.085 
v 0.34046 0.191254 -0.0802185 
v 0.335128 0.190787 -0.0833087 
v 0.336676 0.190923 -0.0819098 
v 0.350501 0.192132 -0.08 
v 0.342531 0.191435 -0.08 
v 0.341834 0.199404 -0.08 
v 0.349803 0.200102 -0.08 
v 0.339763 0.199223 -0.0802185 
v 0.337782 0.19905 -0.0808645 
v 0.335978 0.198892 -0.0819098 
v 0.334431 0.198757 -0.0833087 
v 0.333206 0.19865 -0.085 
v 0.332359 0.198576 -0.0869098 
v 0.331926 0.198538 -0.0889547 
v 0.331926 0.198538 -0.0910453 
v 0.332624 0.190568 -0.0910453 
v 0.332359 0.198576 -0.0930902 
v 0.333057 0.190606 -0.0930902 
v 0.333206 0.19865 -0.095 
v 0.333904 0.19068 -0.095 
v 0.334431 0.198757 -0.0966913 
v 0.335128 0.190787 -0.0966913 
v 0.335978 0.198892 -0.0980902 
v 0.336676 0.190923 -0.0980902 
v 0.337782 0.19905 -0.0991355 
v 0.338479 0.19108 -0.0991355 
v 0.339763 0.199223 -0.0997815 
v 0.34046 0.191254 -0.0997815 
v 0.341834 0.199404 -0.1 
v 0.342531 0.191435 -0.1 
v 0.349803 0.200102 -0.1 
v 0.350501 0.192132 -0.1 
v 0.350501 0.192132 0.104 
v 0.349629 0.202094 0.104 
v 0.349629 0.202094 -0.104 
v 0.350501 0.192132 -0.104 
v 0.350083 0.202134 -0.109209 
v 0.351075 0.192182 -0.109853 
v 0.350251 0.202149 -0.10984 
v 0.351431 0.202252 -0.114261 
v 0.352776 0.192331 -0.115481 
v 0.351981 0.2023 -0.115444 
v 0.353633 0.202444 -0.119 
v 0.355537 0.192573 -0.120667 
v 0.354753 0.202542 -0.120606 
v 0.356621 0.202706 -0.123284 
v 0.359254 0.192898 -0.125213 
v 0.363783 0.193294 -0.128944 
v 0.360305 0.203028 -0.126981 
v 0.358463 0.202867 -0.125132 
v 0.36895 0.193746 -0.131716 
v 0.364572 0.203401 -0.129981 
v 0.362972 0.203261 -0.128856 
v 0.374556 0.194237 -0.133424 
v 0.369293 0.203815 -0.132191 
v 0.368114 0.203711 -0.131639 
v 0.380386 0.194747 -0.134 
v 0.374325 0.204255 -0.133544 
v 0.373697 0.2042 -0.133375 
v 0.379515 0.204709 -0.134 
v 0.384371 0.195095 -0.142 
v 0.384371 0.195095 -0.134 
v 0.391255 0.195698 -0.151511 
v 0.393292 0.195876 -0.151945 
v 0.386274 0.195262 -0.147878 
v 0.387667 0.195384 -0.149431 
v 0.384589 0.195114 -0.144079 
v 0.385232 0.195171 -0.146067 
v 0.389352 0.195531 -0.15066 
v 0.383674 0.203065 -0.142 
v 0.383674 0.203065 -0.134 
v 0.383892 0.203084 -0.144079 
v 0.384535 0.20314 -0.146067 
v 0.385577 0.203231 -0.147878 
v 0.38697 0.203353 -0.149431 
v 0.388655 0.203501 -0.15066 
v 0.390557 0.203667 -0.151511 
v 0.392595 0.203845 -0.151945 
v 0.394677 0.204028 -0.151945 
v 0.395374 0.196058 -0.151945 
v 0.396714 0.204206 -0.151511 
v 0.397412 0.196236 -0.151511 
v 0.398617 0.204372 -0.15066 
v 0.399314 0.196403 -0.15066 
v 0.400302 0.20452 -0.149431 
v 0.400999 0.19655 -0.149431 
v 0.401695 0.204642 -0.147878 
v 0.402393 0.196672 -0.147878 
v 0.402737 0.204733 -0.146067 
v 0.403434 0.196763 -0.146067 
v 0.40338 0.204789 -0.144079 
v 0.404077 0.19682 -0.144079 
v 0.403598 0.204808 -0.142 
v 0.404295 0.196839 -0.142 
v 0.403598 0.204808 -0.134 
v 0.404295 0.196839 -0.134 
v 0.464067 0.202068 -0.134 
v 0.464067 0.202068 -0.142 
v 0.464284 0.202087 -0.144079 
v 0.464928 0.202143 -0.146067 
v 0.465969 0.202234 -0.147878 
v 0.467363 0.202356 -0.149431 
v 0.469048 0.202504 -0.15066 
v 0.47095 0.20267 -0.151511 
v 0.472987 0.202848 -0.151945 
v 0.46337 0.210037 -0.142 
v 0.46337 0.210037 -0.134 
v 0.463587 0.210057 -0.144079 
v 0.464231 0.210113 -0.146067 
v 0.465272 0.210204 -0.147878 
v 0.466666 0.210326 -0.149431 
v 0.468351 0.210473 -0.15066 
v 0.470253 0.21064 -0.151511 
v 0.47229 0.210818 -0.151945 
v 0.474373 0.211 -0.151945 
v 0.47507 0.203031 -0.151945 
v 0.47641 0.211178 -0.151511 
v 0.477107 0.203209 -0.151511 
v 0.478312 0.211345 -0.15066 
v 0.47901 0.203375 -0.15066 
v 0.479997 0.211492 -0.149431 
v 0.480695 0.203523 -0.149431 
v 0.481391 0.211614 -0.147878 
v 0.482088 0.203645 -0.147878 
v 0.482432 0.211705 -0.146067 
v 0.483129 0.203736 -0.146067 
v 0.483076 0.211762 -0.144079 
v 0.483773 0.203792 -0.144079 
v 0.483293 0.211781 -0.142 
v 0.483991 0.203811 -0.142 
v 0.483293 0.211781 -0.134 
v 0.483991 0.203811 -0.134 
v 0.487104 0.214122 -0.134 
v 0.487975 0.20416 -0.134 
v 0.379175 0.208596 -0.133616 
v 0.378848 0.212333 -0.132478 
v 0.349672 0.206015 -0.104 
v 0.378546 0.215778 -0.130629 
v 0.350479 0.209851 -0.104 
v 0.378282 0.218797 -0.128142 
v 0.352018 0.213457 -0.104 
v 0.378066 0.221275 -0.125111 
v 0.354232 0.216693 -0.104 
v 0.377904 0.223116 -0.121654 
v 0.357034 0.219435 -0.104 
v 0.377805 0.22425 -0.117902 
v 0.360318 0.221577 -0.104 
v 0.377772 0.224633 -0.114 
v 0.376042 0.224481 -0.113848 
v 0.374365 0.224335 -0.113397 
v 0.372791 0.224197 -0.11266 
v 0.371368 0.224072 -0.11166 
v 0.37014 0.223965 -0.110428 
v 0.369144 0.223878 -0.109 
v 0.368411 0.223814 -0.10742 
v 0.367961 0.223774 -0.105736 
v 0.363956 0.223038 -0.104 
v 0.36781 0.223761 -0.104 
v 0.369084 0.207713 -0.13183 
v 0.374052 0.208148 -0.133166 
v 0.364423 0.207305 -0.129648 
v 0.360211 0.206937 -0.126687 
v 0.356574 0.206618 -0.123037 
v 0.353624 0.20636 -0.118808 
v 0.351451 0.20617 -0.114129 
v 0.35012 0.206054 -0.109143 
v 0.373922 0.211902 -0.132045 
v 0.369145 0.211484 -0.13076 
v 0.364663 0.211092 -0.128662 
v 0.360612 0.210738 -0.125815 
v 0.357116 0.210432 -0.122305 
v 0.354279 0.210184 -0.118239 
v 0.352189 0.210001 -0.11374 
v 0.35091 0.209889 -0.108945 
v 0.37394 0.215375 -0.130225 
v 0.369473 0.214984 -0.129023 
v 0.365282 0.214617 -0.127062 
v 0.361495 0.214286 -0.124399 
v 0.358225 0.214 -0.121117 
v 0.355572 0.213768 -0.117315 
v 0.353618 0.213597 -0.113108 
v 0.352421 0.213492 -0.108624 
v 0.374106 0.218432 -0.127775 
v 0.370057 0.218077 -0.126686 
v 0.366257 0.217745 -0.124908 
v 0.362823 0.217445 -0.122494 
v 0.359859 0.217185 -0.119518 
v 0.357454 0.216975 -0.116071 
v 0.355682 0.21682 -0.112257 
v 0.354597 0.216725 -0.108192 
v 0.374414 0.220955 -0.124791 
v 0.370872 0.220646 -0.123838 
v 0.36755 0.220355 -0.122283 
v 0.364547 0.220092 -0.120172 
v 0.361955 0.219865 -0.11757 
v 0.359852 0.219681 -0.114556 
v 0.358303 0.219546 -0.111221 
v 0.357354 0.219463 -0.107666 
v 0.374851 0.222849 -0.121385 
v 0.37189 0.22259 -0.120589 
v 0.369111 0.222347 -0.119289 
v 0.3666 0.222127 -0.117523 
v 0.364432 0.221937 -0.115348 
v 0.362674 0.221784 -0.112827 
v 0.361379 0.22167 -0.110038 
v 0.360585 0.221601 -0.107066 
v 0.3754 0.224039 -0.117691 
v 0.373069 0.223835 -0.117063 
v 0.370881 0.223644 -0.116039 
v 0.368903 0.223471 -0.114649 
v 0.367196 0.223322 -0.112936 
v 0.365812 0.223201 -0.110951 
v 0.364792 0.223111 -0.108755 
v 0.364167 0.223057 -0.106414 
v 0.349672 0.206015 0.104 
v 0.350479 0.209851 0.104 
v 0.352018 0.213457 0.104 
v 0.354232 0.216693 0.104 
v 0.357034 0.219435 0.104 
v 0.360318 0.221577 0.104 
v 0.363956 0.223038 0.104 
v 0.36781 0.223761 0.104 
v 0.350083 0.202134 0.109209 
v 0.350251 0.202149 0.10984 
v 0.351981 0.2023 0.115444 
v 0.351431 0.202252 0.114261 
v 0.354753 0.202542 0.120606 
v 0.353633 0.202444 0.119 
v 0.356621 0.202706 0.123284 
v 0.358463 0.202867 0.125132 
v 0.360305 0.203028 0.126981 
v 0.362972 0.203261 0.128856 
v 0.364572 0.203401 0.129981 
v 0.368114 0.203711 0.131639 
v 0.369293 0.203815 0.132191 
v 0.373697 0.2042 0.133375 
v 0.374325 0.204255 0.133544 
v 0.379515 0.204709 0.134 
v 0.379175 0.208596 0.133616 
v 0.378848 0.212333 0.132478 
v 0.378546 0.215778 0.130629 
v 0.378282 0.218797 0.128142 
v 0.378066 0.221275 0.125111 
v 0.377904 0.223116 0.121654 
v 0.367961 0.223774 0.105736 
v 0.368411 0.223814 0.10742 
v 0.369144 0.223878 0.109 
v 0.37014 0.223965 0.110428 
v 0.371368 0.224072 0.11166 
v 0.372791 0.224197 0.11266 
v 0.374365 0.224335 0.113397 
v 0.376042 0.224481 0.113848 
v 0.377805 0.22425 0.117902 
v 0.377772 0.224633 0.114 
v 0.351451 0.20617 0.114129 
v 0.35012 0.206054 0.109143 
v 0.353624 0.20636 0.118808 
v 0.356574 0.206618 0.123037 
v 0.360211 0.206937 0.126687 
v 0.364423 0.207305 0.129648 
v 0.369084 0.207713 0.13183 
v 0.374052 0.208148 0.133166 
v 0.35091 0.209889 0.108945 
v 0.352189 0.210001 0.11374 
v 0.354279 0.210184 0.118239 
v 0.357116 0.210432 0.122305 
v 0.360612 0.210738 0.125815 
v 0.364663 0.211092 0.128662 
v 0.369145 0.211484 0.13076 
v 0.373922 0.211902 0.132045 
v 0.352421 0.213492 0.108624 
v 0.353618 0.213597 0.113108 
v 0.355572 0.213768 0.117315 
v 0.358225 0.214 0.121117 
v 0.361495 0.214286 0.124399 
v 0.365282 0.214617 0.127062 
v 0.369473 0.214984 0.129023 
v 0.37394 0.215375 0.130225 
v 0.354597 0.216725 0.108192 
v 0.355682 0.21682 0.112257 
v 0.357454 0.216975 0.116071 
v 0.359859 0.217185 0.119518 
v 0.362823 0.217445 0.122494 
v 0.366257 0.217745 0.124908 
v 0.370057 0.218077 0.126686 
v 0.374106 0.218432 0.127775 
v 0.357354 0.219463 0.107666 
v 0.358303 0.219546 0.111221 
v 0.359852 0.219681 0.114556 
v 0.361955 0.219865 0.11757 
v 0.364547 0.220092 0.120172 
v 0.36755 0.220355 0.122283 
v 0.370872 0.220646 0.123838 
v 0.374414 0.220955 0.124791 
v 0.360585 0.221601 0.107066 
v 0.361379 0.22167 0.110038 
v 0.362674 0.221784 0.112827 
v 0.364432 0.221937 0.115348 
v 0.3666 0.222127 0.117523 
v 0.369111 0.222347 0.119289 
v 0.37189 0.22259 0.120589 
v 0.374851 0.222849 0.121385 
v 0.364167 0.223057 0.106414 
v 0.364792 0.223111 0.108755 
v 0.365812 0.223201 0.110951 
v 0.367196 0.223322 0.112936 
v 0.368903 0.223471 0.114649 
v 0.370881 0.223644 0.116039 
v 0.373069 0.223835 0.117063 
v 0.3754 0.224039 0.117691 
v 0.380386 0.194747 0.134 
v 0.374556 0.194237 0.133424 
v 0.36895 0.193746 0.131716 
v 0.363783 0.193294 0.128944 
v 0.359254 0.192898 0.125213 
v 0.355537 0.192573 0.120667 
v 0.352776 0.192331 0.115481 
v 0.351075 0.192182 0.109853 
v 0.487104 0.214122 0.134 
v 0.486764 0.218009 0.133616 
v 0.486437 0.221746 0.132478 
v 0.486135 0.225191 0.130629 
v 0.485871 0.22821 0.128142 
v 0.485655 0.230688 0.125111 
v 0.485493 0.232529 0.121654 
v 0.485394 0.233663 0.117902 
v 0.485361 0.234045 0.114 
v 0.486764 0.218009 -0.133616 
v 0.486437 0.221746 -0.132478 
v 0.486135 0.225191 -0.130629 
v 0.485871 0.22821 -0.128142 
v 0.485655 0.230688 -0.125111 
v 0.485493 0.232529 -0.121654 
v 0.485394 0.233663 -0.117902 
v 0.485361 0.234045 -0.114 
v 0.493988 0.2348 -0.109 
v 0.491764 0.234606 -0.11166 
v 0.490342 0.234481 -0.11266 
v 0.487091 0.234197 0.113848 
v 0.490342 0.234481 0.11266 
v 0.491764 0.234606 0.11166 
v 0.488768 0.234344 -0.113397 
v 0.487091 0.234197 -0.113848 
v 0.492992 0.234713 -0.110428 
v 0.495171 0.234904 -0.105736 
v 0.494722 0.234864 -0.10742 
v 0.494722 0.234864 0.10742 
v 0.495171 0.234904 0.105736 
v 0.492992 0.234713 0.110428 
v 0.493988 0.2348 0.109 
v 0.488768 0.234344 0.113397 
v 0.495323 0.234917 -0.104 
v 0.495323 0.234917 0.104 
v 0.516267 0.22059 -0.104 
v 0.51699 0.216736 -0.104 
v 0.516536 0.216697 -0.109209 
v 0.516367 0.216682 -0.10984 
v 0.514638 0.21653 -0.115444 
v 0.515187 0.216579 -0.114261 
v 0.511866 0.216288 -0.120606 
v 0.512986 0.216386 -0.119 
v 0.509998 0.216125 -0.123284 
v 0.508156 0.215963 -0.125132 
v 0.506314 0.215802 -0.126981 
v 0.503646 0.215569 -0.128856 
v 0.502047 0.215429 -0.129981 
v 0.498505 0.215119 -0.131639 
v 0.497325 0.215016 -0.132191 
v 0.492921 0.214631 -0.133375 
v 0.492294 0.214576 -0.133544 
v 0.514806 0.224228 -0.104 
v 0.512664 0.227512 -0.104 
v 0.509922 0.230314 -0.104 
v 0.506686 0.232528 -0.104 
v 0.50308 0.234067 -0.104 
v 0.499243 0.234874 -0.104 
v 0.514488 0.220434 -0.114129 
v 0.515819 0.220551 -0.109143 
v 0.512314 0.220244 -0.118808 
v 0.509364 0.219986 -0.123037 
v 0.505728 0.219668 -0.126687 
v 0.501515 0.219299 -0.129648 
v 0.496854 0.218891 -0.13183 
v 0.491887 0.218457 -0.133166 
v 0.514375 0.22419 -0.108945 
v 0.513095 0.224078 -0.11374 
v 0.511005 0.223896 -0.118239 
v 0.508169 0.223647 -0.122305 
v 0.504672 0.223342 -0.125815 
v 0.500621 0.222987 -0.128662 
v 0.49614 0.222595 -0.13076 
v 0.491363 0.222177 -0.132045 
v 0.512261 0.227476 -0.108624 
v 0.511064 0.227372 -0.113108 
v 0.509109 0.227201 -0.117315 
v 0.506457 0.226969 -0.121117 
v 0.503187 0.226683 -0.124399 
v 0.4994 0.226351 -0.127062 
v 0.495209 0.225985 -0.129023 
v 0.490742 0.225594 -0.130225 
v 0.509556 0.230282 -0.108192 
v 0.508471 0.230187 -0.112257 
v 0.506699 0.230032 -0.116071 
v 0.504295 0.229822 -0.119518 
v 0.501331 0.229562 -0.122494 
v 0.497896 0.229262 -0.124908 
v 0.494097 0.22893 -0.126686 
v 0.490048 0.228575 -0.127775 
v 0.506366 0.2325 -0.107666 
v 0.505417 0.232417 -0.111221 
v 0.503868 0.232281 -0.114556 
v 0.501765 0.232097 -0.11757 
v 0.499173 0.23187 -0.120172 
v 0.49617 0.231608 -0.122283 
v 0.492848 0.231317 -0.123838 
v 0.489307 0.231007 -0.124791 
v 0.502813 0.234044 -0.107066 
v 0.502019 0.233975 -0.110038 
v 0.500724 0.233861 -0.112827 
v 0.498966 0.233708 -0.115348 
v 0.496798 0.233518 -0.117523 
v 0.494287 0.233298 -0.119289 
v 0.491508 0.233055 -0.120589 
v 0.488547 0.232796 -0.121385 
v 0.499033 0.234856 -0.106414 
v 0.498408 0.234801 -0.108755 
v 0.497388 0.234712 -0.110951 
v 0.496003 0.234591 -0.112936 
v 0.494296 0.234441 -0.114649 
v 0.492319 0.234268 -0.116039 
v 0.490131 0.234077 -0.117063 
v 0.487799 0.233873 -0.117691 
v 0.492294 0.214576 0.133544 
v 0.492921 0.214631 0.133375 
v 0.498505 0.215119 0.131639 
v 0.497325 0.215016 0.132191 
v 0.503646 0.215569 0.128856 
v 0.502047 0.215429 0.129981 
v 0.506314 0.215802 0.126981 
v 0.508156 0.215963 0.125132 
v 0.509998 0.216125 0.123284 
v 0.511866 0.216288 0.120606 
v 0.512986 0.216386 0.119 
v 0.514638 0.21653 0.115444 
v 0.515187 0.216579 0.114261 
v 0.516367 0.216682 0.10984 
v 0.516536 0.216697 0.109209 
v 0.51699 0.216736 0.104 
v 0.516267 0.22059 0.104 
v 0.514806 0.224228 0.104 
v 0.512664 0.227512 0.104 
v 0.509922 0.230314 0.104 
v 0.506686 0.232528 0.104 
v 0.50308 0.234067 0.104 
v 0.499243 0.234874 0.104 
v 0.496854 0.218891 0.13183 
v 0.491887 0.218457 0.133166 
v 0.501515 0.219299 0.129648 
v 0.505728 0.219668 0.126687 
v 0.509364 0.219986 0.123037 
v 0.512314 0.220244 0.118808 
v 0.514488 0.220434 0.114129 
v 0.515819 0.220551 0.109143 
v 0.491363 0.222177 0.132045 
v 0.49614 0.222595 0.13076 
v 0.500621 0.222987 0.128662 
v 0.504672 0.223342 0.125815 
v 0.508169 0.223647 0.122305 
v 0.511005 0.223896 0.118239 
v 0.513095 0.224078 0.11374 
v 0.514375 0.22419 0.108945 
v 0.490742 0.225594 0.130225 
v 0.495209 0.225985 0.129023 
v 0.4994 0.226351 0.127062 
v 0.503187 0.226683 0.124399 
v 0.506457 0.226969 0.121117 
v 0.509109 0.227201 0.117315 
v 0.511064 0.227372 0.113108 
v 0.512261 0.227476 0.108624 
v 0.490048 0.228575 0.127775 
v 0.494097 0.22893 0.126686 
v 0.497896 0.229262 0.124908 
v 0.501331 0.229562 0.122494 
v 0.504295 0.229822 0.119518 
v 0.506699 0.230032 0.116071 
v 0.508471 0.230187 0.112257 
v 0.509556 0.230282 0.108192 
v 0.489307 0.231007 0.124791 
v 0.492848 0.231317 0.123838 
v 0.49617 0.231608 0.122283 
v 0.499173 0.23187 0.120172 
v 0.501765 0.232097 0.11757 
v 0.503868 0.232281 0.114556 
v 0.505417 0.232417 0.111221 
v 0.506366 0.2325 0.107666 
v 0.488547 0.232796 0.121385 
v 0.491508 0.233055 0.120589 
v 0.494287 0.233298 0.119289 
v 0.496798 0.233518 0.117523 
v 0.498966 0.233708 0.115348 
v 0.500724 0.233861 0.112827 
v 0.502019 0.233975 0.110038 
v 0.502813 0.234044 0.107066 
v 0.487799 0.233873 0.117691 
v 0.490131 0.234077 0.117063 
v 0.492319 0.234268 0.116039 
v 0.494296 0.234441 0.114649 
v 0.496003 0.234591 0.112936 
v 0.497388 0.234712 0.110951 
v 0.498408 0.234801 0.108755 
v 0.499033 0.234856 0.106414 
v 0.517861 0.206774 0.104 
v 0.517287 0.206724 0.109853 
v 0.515586 0.206575 0.115481 
v 0.512825 0.206334 0.120667 
v 0.509108 0.206009 0.125213 
v 0.504579 0.205612 0.128944 
v 0.499412 0.20516 0.131716 
v 0.493806 0.20467 0.133424 
v 0.487975 0.20416 0.134 
v 0.493806 0.20467 -0.133424 
v 0.499412 0.20516 -0.131716 
v 0.504579 0.205612 -0.128944 
v 0.509108 0.206009 -0.125213 
v 0.512825 0.206334 -0.120667 
v 0.515586 0.206575 -0.115481 
v 0.517287 0.206724 -0.109853 
v 0.517861 0.206774 -0.104 
v 0.384371 0.195095 0.142 
v 0.384371 0.195095 0.134 
v 0.384589 0.195114 0.144079 
v 0.385232 0.195171 0.146067 
v 0.386274 0.195262 0.147878 
v 0.387667 0.195384 0.149431 
v 0.391255 0.195698 0.151511 
v 0.389352 0.195531 0.15066 
v 0.393292 0.195876 0.151945 
v 0.383674 0.203065 0.142 
v 0.383674 0.203065 0.134 
v 0.404295 0.196839 0.142 
v 0.403598 0.204808 0.142 
v 0.40338 0.204789 0.144079 
v 0.404077 0.19682 0.144079 
v 0.402737 0.204733 0.146067 
v 0.403434 0.196763 0.146067 
v 0.401695 0.204642 0.147878 
v 0.402393 0.196672 0.147878 
v 0.400302 0.20452 0.149431 
v 0.400999 0.19655 0.149431 
v 0.398617 0.204372 0.15066 
v 0.399314 0.196403 0.15066 
v 0.396714 0.204206 0.151511 
v 0.397412 0.196236 0.151511 
v 0.394677 0.204028 0.151945 
v 0.392595 0.203845 0.151945 
v 0.390557 0.203667 0.151511 
v 0.388655 0.203501 0.15066 
v 0.38697 0.203353 0.149431 
v 0.385577 0.203231 0.147878 
v 0.384535 0.20314 0.146067 
v 0.383892 0.203084 0.144079 
v 0.395374 0.196058 0.151945 
v 0.403598 0.204808 0.134 
v 0.404295 0.196839 0.134 
v 0.525831 0.207472 -0.1 
v 0.517861 0.206774 -0.1 
v 0.527902 0.207653 -0.0997815 
v 0.529883 0.207826 -0.0991355 
v 0.535305 0.2083 -0.0930902 
v 0.535738 0.208338 -0.0910453 
v 0.534458 0.208226 -0.095 
v 0.531686 0.207984 -0.0980902 
v 0.533234 0.208119 -0.0966913 
v 0.525134 0.215441 -0.1 
v 0.517164 0.214744 -0.1 
v 0.527205 0.215622 -0.0997815 
v 0.529185 0.215796 -0.0991355 
v 0.530989 0.215953 -0.0980902 
v 0.532537 0.216089 -0.0966913 
v 0.533761 0.216196 -0.095 
v 0.534608 0.21627 -0.0930902 
v 0.535041 0.216308 -0.0910453 
v 0.535041 0.216308 -0.0889547 
v 0.535738 0.208338 -0.0889547 
v 0.534608 0.21627 -0.0869098 
v 0.535305 0.2083 -0.0869098 
v 0.533761 0.216196 -0.085 
v 0.534458 0.208226 -0.085 
v 0.532537 0.216089 -0.0833087 
v 0.533234 0.208119 -0.0833087 
v 0.530989 0.215953 -0.0819098 
v 0.531686 0.207984 -0.0819098 
v 0.529185 0.215796 -0.0808645 
v 0.529883 0.207826 -0.0808645 
v 0.527205 0.215622 -0.0802185 
v 0.527902 0.207653 -0.0802185 
v 0.525134 0.215441 -0.08 
v 0.525831 0.207472 -0.08 
v 0.517164 0.214744 -0.08 
v 0.517861 0.206774 -0.08 
v 0.464284 0.202087 0.144079 
v 0.464067 0.202068 0.142 
v 0.467363 0.202356 0.149431 
v 0.465969 0.202234 0.147878 
v 0.464928 0.202143 0.146067 
v 0.47095 0.20267 0.151511 
v 0.469048 0.202504 0.15066 
v 0.464067 0.202068 0.134 
v 0.472987 0.202848 0.151945 
v 0.46337 0.210037 0.142 
v 0.46337 0.210037 0.134 
v 0.483293 0.211781 0.134 
v 0.483991 0.203811 0.134 
v 0.483991 0.203811 0.142 
v 0.483293 0.211781 0.142 
v 0.483076 0.211762 0.144079 
v 0.483773 0.203792 0.144079 
v 0.482432 0.211705 0.146067 
v 0.483129 0.203736 0.146067 
v 0.481391 0.211614 0.147878 
v 0.482088 0.203645 0.147878 
v 0.479997 0.211492 0.149431 
v 0.480695 0.203523 0.149431 
v 0.478312 0.211345 0.15066 
v 0.47901 0.203375 0.15066 
v 0.47641 0.211178 0.151511 
v 0.477107 0.203209 0.151511 
v 0.474373 0.211 0.151945 
v 0.47229 0.210818 0.151945 
v 0.470253 0.21064 0.151511 
v 0.468351 0.210473 0.15066 
v 0.466666 0.210326 0.149431 
v 0.465272 0.210204 0.147878 
v 0.464231 0.210113 0.146067 
v 0.463587 0.210057 0.144079 
v 0.47507 0.203031 0.151945 
v 0.525831 0.207472 0.1 
v 0.517861 0.206774 0.1 
v 0.527902 0.207653 0.0997815 
v 0.531686 0.207984 0.0980902 
v 0.529883 0.207826 0.0991355 
v 0.533234 0.208119 0.0966913 
v 0.535738 0.208338 0.0910453 
v 0.534458 0.208226 0.095 
v 0.535305 0.2083 0.0930902 
v 0.525134 0.215441 0.1 
v 0.517164 0.214744 0.1 
v 0.525831 0.207472 0.08 
v 0.525134 0.215441 0.08 
v 0.527205 0.215622 0.0802185 
v 0.527902 0.207653 0.0802185 
v 0.529185 0.215796 0.0808645 
v 0.529883 0.207826 0.0808645 
v 0.530989 0.215953 0.0819098 
v 0.531686 0.207984 0.0819098 
v 0.532537 0.216089 0.0833087 
v 0.533234 0.208119 0.0833087 
v 0.533761 0.216196 0.085 
v 0.534458 0.208226 0.085 
v 0.534608 0.21627 0.0869098 
v 0.535305 0.2083 0.0869098 
v 0.535041 0.216308 0.0889547 
v 0.535041 0.216308 0.0910453 
v 0.534608 0.21627 0.0930902 
v 0.533761 0.216196 0.095 
v 0.532537 0.216089 0.0966913 
v 0.530989 0.215953 0.0980902 
v 0.529185 0.215796 0.0991355 
v 0.527205 0.215622 0.0997815 
v 0.535738 0.208338 0.0889547 
v 0.517164 0.214744 0.08 
v 0.517861 0.206774 0.08 
v 0.525831 0.207472 0.01 
v 0.517861 0.206774 0.01 
v 0.533234 0.208119 0.00669131 
v 0.531686 0.207984 0.00809017 
v 0.534458 0.208226 0.005 
v 0.527902 0.207653 0.00978148 
v 0.529883 0.207826 0.00913545 
v 0.535738 0.208338 0.00104528 
v 0.535305 0.2083 0.00309017 
v 0.517861 0.206774 -0.01 
v 0.525831 0.207472 -0.01 
v 0.529883 0.207826 -0.00913545 
v 0.531686 0.207984 -0.00809017 
v 0.527902 0.207653 -0.00978148 
v 0.534458 0.208226 -0.005 
v 0.535305 0.2083 -0.00309017 
v 0.535738 0.208338 -0.00104528 
v 0.533234 0.208119 -0.00669131 
v 0.517164 0.214744 0.01 
v 0.517164 0.214744 -0.01 
v 0.525134 0.215441 -0.01 
v 0.527205 0.215622 -0.00978148 
v 0.529185 0.215796 -0.00913545 
v 0.530989 0.215953 -0.00809017 
v 0.532537 0.216089 -0.00669131 
v 0.533761 0.216196 -0.005 
v 0.534608 0.21627 -0.00309017 
v 0.535041 0.216308 -0.00104528 
v 0.535041 0.216308 0.00104528 
v 0.534608 0.21627 0.00309017 
v 0.533761 0.216196 0.005 
v 0.532537 0.216089 0.00669131 
v 0.530989 0.215953 0.00809017 
v 0.529185 0.215796 0.00913545 
v 0.527205 0.215622 0.00978148 
v 0.525134 0.215441 0.01 
v 0.374916 0.204306 0.0366236 
v 0.375374 0.204346 0.0353759 
v 0.375785 0.204382 0.0353759 
v 0.375785 0.204382 0.0336241 
v 0.374916 0.204306 0.0323764 
v 0.375374 0.204346 0.0336241 
v 0.374504 0.20427 0.0366236 
v 0.37395 0.204222 0.0370372 
v 0.37395 0.204222 0.0319628 
v 0.374504 0.20427 0.0323764 
v 0.373538 0.204186 0.0370372 
v 0.371275 0.203988 0.0347067 
v 0.373538 0.204186 0.0347067 
v 0.371275 0.203988 0.0342933 
v 0.373538 0.204186 0.0319628 
v 0.373538 0.204186 0.0342933 
v 0.375829 0.203884 0.0336241 
v 0.375829 0.203884 0.0353759 
v 0.375417 0.203848 0.0353759 
v 0.375417 0.203848 0.0336241 
v 0.37496 0.203808 0.0323764 
v 0.37496 0.203808 0.0366236 
v 0.374548 0.203772 0.0366236 
v 0.374548 0.203772 0.0323764 
v 0.373993 0.203724 0.0370372 
v 0.373581 0.203688 0.0370372 
v 0.373993 0.203724 0.0319628 
v 0.373581 0.203688 0.0347067 
v 0.373581 0.203688 0.0342933 
v 0.371318 0.20349 0.0342933 
v 0.371318 0.20349 0.0347067 
v 0.373581 0.203688 0.0319628 
vn 0.0871557 -0.996195 -5.88564e-31 
vn 0.214152 0.0187359 -0.976621 
vn 3.04997e-16 2.66838e-17 -1 
vn 0.418291 0.0365957 -0.907575 
vn 0.214152 0.0187359 -0.976621 
vn 0.602871 0.0527444 -0.796093 
vn 0.418291 0.0365957 -0.907575 
vn 0.759262 0.0664268 -0.647386 
vn 0.602871 0.0527444 -0.796093 
vn 0.88015 0.0770031 -0.468408 
vn 0.759262 0.0664268 -0.647386 
vn 0.959883 0.0839789 -0.267528 
vn 0.88015 0.0770031 -0.468408 
vn 0.994734 0.0870279 -0.0541389 
vn 0.959883 0.0839789 -0.267528 
vn 0.983071 0.0860076 0.161782 
vn 0.994734 0.0870279 -0.0541389 
vn 0.925442 0.0809657 0.370138 
vn 0.983071 0.0860076 0.161782 
vn 0.824539 0.0721378 0.561187 
vn 0.925442 0.0809657 0.370138 
vn 0.685083 0.059937 0.725995 
vn 0.824539 0.0721378 0.561187 
vn 0.513592 0.0449335 0.856857 
vn 0.685083 0.059937 0.725995 
vn 0.318086 0.027829 0.947653 
vn 0.513592 0.0449335 0.856857 
vn 0.107708 0.00942319 0.994138 
vn 0.318086 0.027829 0.947653 
vn -0.107708 -0.00942319 0.994138 
vn -6.09993e-17 -5.33675e-18 1 
vn 0.107708 0.00942319 0.994138 
vn -0.318086 -0.027829 0.947653 
vn -0.107708 -0.00942319 0.994138 
vn -0.513592 -0.0449335 0.856857 
vn -0.318086 -0.027829 0.947653 
vn -0.685083 -0.059937 0.725995 
vn -0.513592 -0.0449335 0.856857 
vn -0.824539 -0.0721378 0.561187 
vn -0.685083 -0.059937 0.725995 
vn -0.925442 -0.0809657 0.370138 
vn -0.824539 -0.0721378 0.561187 
vn -0.983071 -0.0860076 0.161782 
vn -0.925442 -0.0809657 0.370138 
vn -0.994734 -0.0870279 -0.0541389 
vn -0.983071 -0.0860076 0.161782 
vn -0.959883 -0.0839789 -0.267528 
vn -0.994734 -0.0870279 -0.0541389 
vn -0.88015 -0.0770031 -0.468408 
vn -0.959883 -0.0839789 -0.267528 
vn -0.759262 -0.0664268 -0.647386 
vn -0.88015 -0.0770031 -0.468408 
vn -0.602871 -0.0527444 -0.796093 
vn -0.759262 -0.0664268 -0.647386 
vn -0.418291 -0.0365957 -0.907575 
vn -0.602871 -0.0527444 -0.796093 
vn -0.214152 -0.0187359 -0.976621 
vn -0.418291 -0.0365957 -0.907575 
vn -6.09993e-17 -5.33675e-18 1 
vn 0.214152 0.0187359 0.976621 
vn 0.418291 0.0365957 0.907575 
vn 0.602871 0.0527444 0.796093 
vn 0.759262 0.0664268 0.647386 
vn 0.88015 0.0770031 0.468408 
vn 0.959883 0.0839789 0.267528 
vn 0.994734 0.0870279 0.0541389 
vn 0.983071 0.0860076 -0.161782 
vn 0.925442 0.0809657 -0.370138 
vn 0.824539 0.0721378 -0.561187 
vn 0.685083 0.059937 -0.725995 
vn 0.513592 0.0449335 -0.856857 
vn 0.318086 0.027829 -0.947653 
vn 0.107708 0.00942319 -0.994138 
vn -0.107708 -0.00942319 -0.994138 
vn 6.09993e-17 5.33675e-18 -1 
vn 0.107708 0.00942319 -0.994138 
vn -0.107708 -0.00942319 -0.994138 
vn -0.318086 -0.027829 -0.947653 
vn -0.513592 -0.0449335 -0.856857 
vn -0.685083 -0.059937 -0.725995 
vn -0.824539 -0.0721378 -0.561187 
vn -0.925442 -0.0809657 -0.370138 
vn -0.983071 -0.0860076 -0.161782 
vn -0.994734 -0.0870279 0.0541389 
vn -0.959883 -0.0839789 0.267528 
vn -0.88015 -0.0770031 0.468408 
vn -0.759262 -0.0664268 0.647386 
vn -0.602871 -0.0527444 0.796093 
vn -0.418291 -0.0365957 0.907575 
vn -0.214152 -0.0187359 0.976621 
vn 0.0871557 -0.996195 -5.88564e-31 
vn 0.86273 0.0754791 -0.5 
vn 6.09993e-17 5.33675e-18 -1 
vn -0.86273 -0.0754791 -0.5 
vn -0.86273 -0.0754791 0.5 
vn -6.09993e-17 -5.33675e-18 1 
vn 0.86273 0.0754791 0.5 
vn 0.0871557 -0.996195 -5.88564e-31 
vn -6.09993e-17 -5.33675e-18 1 
vn 0.207121 0.0181207 0.978148 
vn 0.405189 0.0354494 0.913545 
vn 0.585549 0.0512289 0.809017 
vn 0.740317 0.0647693 0.669131 
vn 0.86273 0.0754791 0.5 
vn 0.947437 0.08289 0.309017 
vn 0.990737 0.0866783 0.104528 
vn 0.990737 0.0866783 -0.104528 
vn 0.947437 0.08289 -0.309017 
vn 0.86273 0.0754791 -0.5 
vn 0.740317 0.0647693 -0.669131 
vn 0.585549 0.0512289 -0.809017 
vn 0.405189 0.0354494 -0.913545 
vn 0.207121 0.0181207 -0.978148 
vn 6.09993e-17 5.33675e-18 -1 
vn -7.52248e-16 -6.58132e-17 1 
vn 0.994056 -0.108867 6.00558e-17 
vn 0.996195 0.0871557 6.12323e-17 
vn 0.953717 -0.300706 5.65713e-17 
vn 0.994056 -0.108867 6.00558e-17 
vn 0.876727 -0.480989 5.09128e-17 
vn 0.953717 -0.300706 5.65713e-17 
vn 0.766044 -0.642788 4.32978e-17 
vn 0.876727 -0.480989 5.09128e-17 
vn 0.625923 -0.779884 3.40189e-17 
vn 0.766044 -0.642788 4.32978e-17 
vn 0.461749 -0.887011 2.34326e-17 
vn 0.625923 -0.779884 3.40189e-17 
vn 0.279829 -0.96005 1.19458e-17 
vn 0.461749 -0.887011 2.34326e-17 
vn 0.0871557 -0.996195 -5.88564e-31 
vn 0.279829 -0.96005 1.19458e-17 
vn 0.994056 -0.108867 6.00558e-17 
vn 0.996195 0.0871557 6.12323e-17 
vn 0.953717 -0.300706 5.65713e-17 
vn 0.994056 -0.108867 6.00558e-17 
vn 0.876727 -0.480989 5.09128e-17 
vn 0.953717 -0.300706 5.65713e-17 
vn 0.766044 -0.642788 4.32978e-17 
vn 0.876727 -0.480989 5.09128e-17 
vn 0.625923 -0.779884 3.40189e-17 
vn 0.766044 -0.642788 4.32978e-17 
vn 0.461749 -0.887011 2.34326e-17 
vn 0.625923 -0.779884 3.40189e-17 
vn 0.279829 -0.96005 1.19458e-17 
vn 0.461749 -0.887011 2.34326e-17 
vn 0.0871557 -0.996195 -5.88564e-31 
vn 0.279829 -0.96005 1.19458e-17 
vn 6.09993e-17 5.33675e-18 -1 
vn 0.194348 0.0170032 -0.980785 
vn 0.207617 -0.177671 -0.96194 
vn 0.381227 0.0333531 -0.92388 
vn 0.390905 -0.161636 -0.906127 
vn 0.553456 0.0484211 -0.83147 
vn 0.559825 -0.146857 -0.815493 
vn 0.704416 0.0616284 -0.707107 
vn 0.707884 -0.133904 -0.69352 
vn 0.828306 0.0724674 -0.55557 
vn 0.829393 -0.123273 -0.544895 
vn 0.920364 0.0805214 -0.382683 
vn 0.919683 -0.115374 -0.37533 
vn 0.977053 0.0854811 -0.19509 
vn 0.975283 -0.110509 -0.191342 
vn 0.996195 0.0871557 6.12323e-17 
vn 0.994056 -0.108867 5.61126e-18 
vn 0.0170032 -0.194348 -0.980785 
vn 0.212907 -0.365518 -0.906127 
vn 0.385561 -0.350413 -0.853553 
vn 0.54468 -0.336492 -0.768178 
vn 0.684149 -0.32429 -0.653281 
vn 0.798608 -0.314276 -0.51328 
vn 0.883658 -0.306835 -0.353553 
vn 0.936032 -0.302253 -0.18024 
vn 0.953717 -0.300706 5.28569e-18 
vn 0.0333531 -0.381227 -0.92388 
vn 0.210016 -0.539318 -0.815493 
vn 0.3654 -0.525724 -0.768178 
vn 0.508603 -0.513195 -0.691342 
vn 0.634122 -0.502214 -0.587938 
vn 0.737132 -0.493202 -0.46194 
vn 0.813676 -0.486505 -0.31819 
vn 0.860811 -0.482381 -0.162212 
vn 0.876727 -0.480989 4.75699e-18 
vn 0.0484211 -0.553456 -0.83147 
vn 0.199053 -0.692393 -0.69352 
vn 0.331197 -0.680832 -0.653281 
vn 0.452981 -0.670177 -0.587938 
vn 0.559726 -0.660838 -0.5 
vn 0.647329 -0.653174 -0.392847 
vn 0.712424 -0.647479 -0.270598 
vn 0.752509 -0.643972 -0.13795 
vn 0.766044 -0.642788 4.04549e-18 
vn 0.0616284 -0.704416 -0.707107 
vn 0.180441 -0.818859 -0.544895 
vn 0.284266 -0.809776 -0.51328 
vn 0.379951 -0.801404 -0.46194 
vn 0.46382 -0.794067 -0.392847 
vn 0.532649 -0.788045 -0.308658 
vn 0.583794 -0.78357 -0.212608 
vn 0.615289 -0.780815 -0.108386 
vn 0.625923 -0.779884 3.17852e-18 
vn 0.0724674 -0.828306 -0.55557 
vn 0.154895 -0.913857 -0.37533 
vn 0.226411 -0.9076 -0.353553 
vn 0.29232 -0.901834 -0.31819 
vn 0.35009 -0.89678 -0.270598 
vn 0.3975 -0.892632 -0.212608 
vn 0.432729 -0.88955 -0.146447 
vn 0.454423 -0.887652 -0.0746578 
vn 0.461749 -0.887011 2.1894e-18 
vn 0.0805214 -0.920364 -0.382683 
vn 0.123396 -0.973736 -0.191342 
vn 0.159855 -0.970546 -0.18024 
vn 0.193455 -0.967607 -0.162212 
vn 0.222906 -0.96503 -0.13795 
vn 0.247075 -0.962915 -0.108386 
vn 0.265035 -0.961344 -0.0746578 
vn 0.276095 -0.960377 -0.0380602 
vn 0.279829 -0.96005 1.11615e-18 
vn 0.0854811 -0.977053 -0.19509 
vn 0.0871557 -0.996195 -6.00558e-17 
vn 0.996195 0.0871557 6.12323e-17 
vn 0.977053 0.0854811 0.19509 
vn 0.975283 -0.110509 0.191342 
vn 0.920364 0.0805214 0.382683 
vn 0.919683 -0.115374 0.37533 
vn 0.828306 0.0724674 0.55557 
vn 0.829393 -0.123273 0.544895 
vn 0.704416 0.0616284 0.707107 
vn 0.707884 -0.133904 0.69352 
vn 0.553456 0.0484211 0.83147 
vn 0.559825 -0.146857 0.815493 
vn 0.381227 0.0333531 0.92388 
vn 0.390905 -0.161636 0.906127 
vn 0.194348 0.0170032 0.980785 
vn 0.207617 -0.177671 0.96194 
vn -6.09993e-17 -5.33675e-18 1 
vn 0.0170032 -0.194348 0.980785 
vn 0.994056 -0.108867 -1.20112e-16 
vn 0.936032 -0.302253 0.18024 
vn 0.883658 -0.306835 0.353553 
vn 0.798608 -0.314276 0.51328 
vn 0.684149 -0.32429 0.653281 
vn 0.54468 -0.336492 0.768178 
vn 0.385561 -0.350413 0.853553 
vn 0.212907 -0.365518 0.906127 
vn 0.0333531 -0.381227 0.92388 
vn 0.953717 -0.300706 -1.13143e-16 
vn 0.860811 -0.482381 0.162212 
vn 0.813676 -0.486505 0.31819 
vn 0.737132 -0.493202 0.46194 
vn 0.634122 -0.502214 0.587938 
vn 0.508603 -0.513195 0.691342 
vn 0.3654 -0.525724 0.768178 
vn 0.210016 -0.539318 0.815493 
vn 0.0484211 -0.553456 0.83147 
vn 0.876727 -0.480989 -1.01826e-16 
vn 0.752509 -0.643972 0.13795 
vn 0.712424 -0.647479 0.270598 
vn 0.647329 -0.653174 0.392847 
vn 0.559726 -0.660838 0.5 
vn 0.452981 -0.670177 0.587938 
vn 0.331197 -0.680832 0.653281 
vn 0.199053 -0.692393 0.69352 
vn 0.0616284 -0.704416 0.707107 
vn 0.766044 -0.642788 -8.65956e-17 
vn 0.615289 -0.780815 0.108386 
vn 0.583794 -0.78357 0.212608 
vn 0.532649 -0.788045 0.308658 
vn 0.46382 -0.794067 0.392847 
vn 0.379951 -0.801404 0.46194 
vn 0.284266 -0.809776 0.51328 
vn 0.180441 -0.818859 0.544895 
vn 0.0724674 -0.828306 0.55557 
vn 0.625923 -0.779884 -6.80377e-17 
vn 0.454423 -0.887652 0.0746578 
vn 0.432729 -0.88955 0.146447 
vn 0.3975 -0.892632 0.212608 
vn 0.35009 -0.89678 0.270598 
vn 0.29232 -0.901834 0.31819 
vn 0.226411 -0.9076 0.353553 
vn 0.154895 -0.913857 0.37533 
vn 0.0805214 -0.920364 0.382683 
vn 0.461749 -0.887011 -4.68652e-17 
vn 0.276095 -0.960377 0.0380602 
vn 0.265035 -0.961344 0.0746578 
vn 0.247075 -0.962915 0.108386 
vn 0.222906 -0.96503 0.13795 
vn 0.193455 -0.967607 0.162212 
vn 0.159855 -0.970546 0.18024 
vn 0.123396 -0.973736 0.191342 
vn 0.0854811 -0.977053 0.19509 
vn 0.279829 -0.96005 -2.38917e-17 
vn 0.0871557 -0.996195 1.19458e-17 
vn 0.977053 0.0854811 0.19509 
vn 0.996195 0.0871557 6.12323e-17 
vn 0.920364 0.0805214 0.382683 
vn 0.977053 0.0854811 0.19509 
vn 0.828306 0.0724674 0.55557 
vn 0.920364 0.0805214 0.382683 
vn 0.704416 0.0616284 0.707107 
vn 0.828306 0.0724674 0.55557 
vn 0.553456 0.0484211 0.83147 
vn 0.704416 0.0616284 0.707107 
vn 0.381227 0.0333531 0.92388 
vn 0.553456 0.0484211 0.83147 
vn 0.194348 0.0170032 0.980785 
vn 0.381227 0.0333531 0.92388 
vn -6.09993e-17 -5.33675e-18 1 
vn 0.194348 0.0170032 0.980785 
vn 0.0170032 -0.194348 0.980785 
vn -6.09993e-17 -5.33675e-18 1 
vn 0.0333531 -0.381227 0.92388 
vn 0.0170032 -0.194348 0.980785 
vn 0.0484211 -0.553456 0.83147 
vn 0.0333531 -0.381227 0.92388 
vn 0.0616284 -0.704416 0.707107 
vn 0.0484211 -0.553456 0.83147 
vn 0.0724674 -0.828306 0.55557 
vn 0.0616284 -0.704416 0.707107 
vn 0.0805214 -0.920364 0.382683 
vn 0.0724674 -0.828306 0.55557 
vn 0.0854811 -0.977053 0.19509 
vn 0.0805214 -0.920364 0.382683 
vn 0.0871557 -0.996195 -5.88564e-31 
vn 0.0854811 -0.977053 0.19509 
vn -6.09993e-17 -5.33675e-18 1 
vn -0.194348 -0.0170032 0.980785 
vn -0.17361 -0.211024 0.96194 
vn -0.381227 -0.0333531 0.92388 
vn -0.356899 -0.22706 0.906127 
vn -0.553456 -0.0484211 0.83147 
vn -0.525818 -0.241839 0.815493 
vn -0.704416 -0.0616284 0.707107 
vn -0.673878 -0.254792 0.69352 
vn -0.828306 -0.0724674 0.55557 
vn -0.795387 -0.265423 0.544895 
vn -0.920364 -0.0805214 0.382683 
vn -0.885676 -0.273322 0.37533 
vn -0.977053 -0.0854811 0.19509 
vn -0.941276 -0.278187 0.191342 
vn -0.996195 -0.0871557 -6.12323e-17 
vn -0.96005 -0.279829 -5.61126e-18 
vn 0.0170032 -0.194348 0.980785 
vn -0.146201 -0.396936 0.906127 
vn -0.318855 -0.412041 0.853553 
vn -0.477974 -0.425963 0.768178 
vn -0.617442 -0.438164 0.653281 
vn -0.731902 -0.448178 0.51328 
vn -0.816952 -0.455619 0.353553 
vn -0.869326 -0.460201 0.18024 
vn -0.887011 -0.461749 -5.28569e-18 
vn 0.0333531 -0.381227 0.92388 
vn -0.113173 -0.567594 0.815493 
vn -0.268558 -0.581188 0.768178 
vn -0.411761 -0.593717 0.691342 
vn -0.537279 -0.604698 0.587938 
vn -0.64029 -0.613711 0.46194 
vn -0.716833 -0.620407 0.31819 
vn -0.763969 -0.624531 0.162212 
vn -0.779884 -0.625923 -4.75699e-18 
vn 0.0484211 -0.553456 0.83147 
vn -0.0757963 -0.716439 0.69352 
vn -0.20794 -0.728 0.653281 
vn -0.329724 -0.738655 0.587938 
vn -0.436469 -0.747994 0.5 
vn -0.524072 -0.755658 0.392847 
vn -0.589167 -0.761353 0.270598 
vn -0.629252 -0.76486 0.13795 
vn -0.642788 -0.766044 -4.04549e-18 
vn 0.0616284 -0.704416 0.707107 
vn -0.0355066 -0.837752 0.544895 
vn -0.139331 -0.846836 0.51328 
vn -0.235016 -0.855207 0.46194 
vn -0.318885 -0.862545 0.392847 
vn -0.387715 -0.868566 0.308658 
vn -0.438859 -0.873041 0.212608 
vn -0.470354 -0.875796 0.108386 
vn -0.480989 -0.876727 -3.17852e-18 
vn 0.0724674 -0.828306 0.55557 
vn 0.00614767 -0.926871 0.37533 
vn -0.0653679 -0.933128 0.353553 
vn -0.131277 -0.938894 0.31819 
vn -0.189047 -0.943948 0.270598 
vn -0.236457 -0.948096 0.212608 
vn -0.271687 -0.951178 0.146447 
vn -0.293381 -0.953076 0.0746578 
vn -0.300706 -0.953717 -2.1894e-18 
vn 0.0805214 -0.920364 0.382683 
vn 0.0475657 -0.98037 0.191342 
vn 0.0111073 -0.98356 0.18024 
vn -0.0224929 -0.9865 0.162212 
vn -0.0519437 -0.989076 0.13795 
vn -0.0761133 -0.991191 0.108386 
vn -0.094073 -0.992762 0.0746578 
vn -0.105133 -0.99373 0.0380602 
vn -0.108867 -0.994056 -1.11615e-18 
vn 0.0854811 -0.977053 0.19509 
vn 0.0871557 -0.996195 6.00558e-17 
vn 0.0170032 -0.194348 -0.980785 
vn 6.09993e-17 5.33675e-18 -1 
vn 0.0333531 -0.381227 -0.92388 
vn 0.0170032 -0.194348 -0.980785 
vn 0.0484211 -0.553456 -0.83147 
vn 0.0333531 -0.381227 -0.92388 
vn 0.0616284 -0.704416 -0.707107 
vn 0.0484211 -0.553456 -0.83147 
vn 0.0724674 -0.828306 -0.55557 
vn 0.0616284 -0.704416 -0.707107 
vn 0.0805214 -0.920364 -0.382683 
vn 0.0724674 -0.828306 -0.55557 
vn 0.0854811 -0.977053 -0.19509 
vn 0.0805214 -0.920364 -0.382683 
vn 0.0871557 -0.996195 -5.88564e-31 
vn 0.0854811 -0.977053 -0.19509 
vn 0.194348 0.0170032 -0.980785 
vn 6.09993e-17 5.33675e-18 -1 
vn 0.381227 0.0333531 -0.92388 
vn 0.194348 0.0170032 -0.980785 
vn 0.553456 0.0484211 -0.83147 
vn 0.381227 0.0333531 -0.92388 
vn 0.704416 0.0616284 -0.707107 
vn 0.553456 0.0484211 -0.83147 
vn 0.828306 0.0724674 -0.55557 
vn 0.704416 0.0616284 -0.707107 
vn 0.920364 0.0805214 -0.382683 
vn 0.828306 0.0724674 -0.55557 
vn 0.977053 0.0854811 -0.19509 
vn 0.920364 0.0805214 -0.382683 
vn 0.996195 0.0871557 6.12323e-17 
vn 0.977053 0.0854811 -0.19509 
vn -0.996195 -0.0871557 -6.12323e-17 
vn -0.977053 -0.0854811 -0.19509 
vn -0.941276 -0.278187 -0.191342 
vn -0.920364 -0.0805214 -0.382683 
vn -0.885676 -0.273322 -0.37533 
vn -0.828306 -0.0724674 -0.55557 
vn -0.795387 -0.265423 -0.544895 
vn -0.704416 -0.0616284 -0.707107 
vn -0.673878 -0.254792 -0.69352 
vn -0.553456 -0.0484211 -0.83147 
vn -0.525818 -0.241839 -0.815493 
vn -0.381227 -0.0333531 -0.92388 
vn -0.356899 -0.22706 -0.906127 
vn -0.194348 -0.0170032 -0.980785 
vn -0.17361 -0.211024 -0.96194 
vn 6.09993e-17 5.33675e-18 -1 
vn 0.0170032 -0.194348 -0.980785 
vn -0.96005 -0.279829 -1.47911e-31 
vn -0.869326 -0.460201 -0.18024 
vn -0.816952 -0.455619 -0.353553 
vn -0.731902 -0.448178 -0.51328 
vn -0.617442 -0.438164 -0.653281 
vn -0.477974 -0.425963 -0.768178 
vn -0.318855 -0.412041 -0.853553 
vn -0.146201 -0.396936 -0.906127 
vn 0.0333531 -0.381227 -0.92388 
vn -0.887011 -0.461749 -2.46519e-31 
vn -0.763969 -0.624531 -0.162212 
vn -0.716833 -0.620407 -0.31819 
vn -0.64029 -0.613711 -0.46194 
vn -0.537279 -0.604698 -0.587938 
vn -0.411761 -0.593717 -0.691342 
vn -0.268558 -0.581188 -0.768178 
vn -0.113173 -0.567594 -0.815493 
vn 0.0484211 -0.553456 -0.83147 
vn -0.779884 -0.625923 -3.57453e-31 
vn -0.629252 -0.76486 -0.13795 
vn -0.589167 -0.761353 -0.270598 
vn -0.524072 -0.755658 -0.392847 
vn -0.436469 -0.747994 -0.5 
vn -0.329724 -0.738655 -0.587938 
vn -0.20794 -0.728 -0.653281 
vn -0.0757963 -0.716439 -0.69352 
vn 0.0616284 -0.704416 -0.707107 
vn -0.642788 -0.766044 -4.43734e-31 
vn -0.470354 -0.875796 -0.108386 
vn -0.438859 -0.873041 -0.212608 
vn -0.387715 -0.868566 -0.308658 
vn -0.318885 -0.862545 -0.392847 
vn -0.235016 -0.855207 -0.46194 
vn -0.139331 -0.846836 -0.51328 
vn -0.0355066 -0.837752 -0.544895 
vn 0.0724674 -0.828306 -0.55557 
vn -0.480989 -0.876727 -5.1769e-31 
vn -0.293381 -0.953076 -0.0746578 
vn -0.271687 -0.951178 -0.146447 
vn -0.236457 -0.948096 -0.212608 
vn -0.189047 -0.943948 -0.270598 
vn -0.131277 -0.938894 -0.31819 
vn -0.0653679 -0.933128 -0.353553 
vn 0.00614767 -0.926871 -0.37533 
vn 0.0805214 -0.920364 -0.382683 
vn -0.300706 -0.953717 -5.54668e-31 
vn -0.105133 -0.99373 -0.0380602 
vn -0.094073 -0.992762 -0.0746578 
vn -0.0761133 -0.991191 -0.108386 
vn -0.0519437 -0.989076 -0.13795 
vn -0.0224929 -0.9865 -0.162212 
vn 0.0111073 -0.98356 -0.18024 
vn 0.0475657 -0.98037 -0.191342 
vn 0.0854811 -0.977053 -0.19509 
vn -0.108867 -0.994056 -5.83942e-31 
vn 0.0871557 -0.996195 -1.19458e-17 
vn 6.09993e-17 5.33675e-18 -1 
vn -0.96005 -0.279829 -6.00558e-17 
vn -0.996195 -0.0871557 -6.12323e-17 
vn -0.887011 -0.461749 -5.65713e-17 
vn -0.96005 -0.279829 -6.00558e-17 
vn -0.779884 -0.625923 -5.09128e-17 
vn -0.887011 -0.461749 -5.65713e-17 
vn -0.642788 -0.766044 -4.32978e-17 
vn -0.779884 -0.625923 -5.09128e-17 
vn -0.480989 -0.876727 -3.40189e-17 
vn -0.642788 -0.766044 -4.32978e-17 
vn -0.300706 -0.953717 -2.34326e-17 
vn -0.480989 -0.876727 -3.40189e-17 
vn -0.108867 -0.994056 -1.19458e-17 
vn -0.300706 -0.953717 -2.34326e-17 
vn 0.0871557 -0.996195 -5.88564e-31 
vn -0.108867 -0.994056 -1.19458e-17 
vn -0.977053 -0.0854811 -0.19509 
vn -0.996195 -0.0871557 -6.12323e-17 
vn -0.920364 -0.0805214 -0.382683 
vn -0.977053 -0.0854811 -0.19509 
vn -0.828306 -0.0724674 -0.55557 
vn -0.920364 -0.0805214 -0.382683 
vn -0.704416 -0.0616284 -0.707107 
vn -0.828306 -0.0724674 -0.55557 
vn -0.553456 -0.0484211 -0.83147 
vn -0.704416 -0.0616284 -0.707107 
vn -0.381227 -0.0333531 -0.92388 
vn -0.553456 -0.0484211 -0.83147 
vn -0.194348 -0.0170032 -0.980785 
vn -0.381227 -0.0333531 -0.92388 
vn 6.09993e-17 5.33675e-18 -1 
vn -0.194348 -0.0170032 -0.980785 
vn -0.996195 -0.0871557 -6.12323e-17 
vn -0.194348 -0.0170032 0.980785 
vn -6.09993e-17 -5.33675e-18 1 
vn -0.381227 -0.0333531 0.92388 
vn -0.194348 -0.0170032 0.980785 
vn -0.553456 -0.0484211 0.83147 
vn -0.381227 -0.0333531 0.92388 
vn -0.704416 -0.0616284 0.707107 
vn -0.553456 -0.0484211 0.83147 
vn -0.828306 -0.0724674 0.55557 
vn -0.704416 -0.0616284 0.707107 
vn -0.920364 -0.0805214 0.382683 
vn -0.828306 -0.0724674 0.55557 
vn -0.977053 -0.0854811 0.19509 
vn -0.920364 -0.0805214 0.382683 
vn -0.996195 -0.0871557 -6.12323e-17 
vn -0.977053 -0.0854811 0.19509 
vn 0.0871557 -0.996195 -5.88564e-31 
vn -0.996195 -0.0871557 2.05648e-16 
vn -0.98106 -0.0858317 -0.173648 
vn -0.936117 -0.0818996 -0.34202 
vn -0.86273 -0.0754791 -0.5 
vn -0.763129 -0.0667652 -0.642788 
vn -0.640342 -0.0560226 -0.766044 
vn -0.498097 -0.0435779 -0.866025 
vn -0.340719 -0.029809 -0.939693 
vn -0.172987 -0.0151344 -0.984808 
vn 6.09993e-17 5.33675e-18 -1 
vn 0.172987 0.0151344 -0.984808 
vn 0.340719 0.029809 -0.939693 
vn 0.498097 0.0435779 -0.866025 
vn 0.640342 0.0560226 -0.766044 
vn 0.763129 0.0667652 -0.642788 
vn 0.86273 0.0754791 -0.5 
vn 0.936117 0.0818996 -0.34202 
vn 0.98106 0.0858317 -0.173648 
vn 0.996195 0.0871557 6.12323e-17 
vn 6.09993e-17 5.33675e-18 -1 
vn 0.98106 0.0858317 0.173648 
vn 0.936117 0.0818996 0.34202 
vn 0.86273 0.0754791 0.5 
vn 0.763129 0.0667652 0.642788 
vn 0.640342 0.0560226 0.766044 
vn 0.498097 0.0435779 0.866025 
vn 0.340719 0.029809 0.939693 
vn 0.172987 0.0151344 0.984808 
vn 7.19332e-17 6.29334e-18 1 
vn -0.172987 -0.0151344 0.984808 
vn -0.340719 -0.029809 0.939693 
vn -0.498097 -0.0435779 0.866025 
vn -0.640342 -0.0560226 0.766044 
vn -0.763129 -0.0667652 0.642788 
vn -0.86273 -0.0754791 0.5 
vn -0.936117 -0.0818996 0.34202 
vn -0.98106 -0.0858317 0.173648 
vn -0.996195 -0.0871557 2.05648e-16 
vn -6.09993e-17 -5.33675e-18 1 
vn 0.996195 0.0871557 6.12323e-17 
vn -0.996195 -0.0871557 -6.12323e-17 
vn -0.498097 -0.0435779 -0.866025 
vn 0.0871557 -0.996195 -5.88564e-31 
vn 0.996195 0.0871557 6.12323e-17 
vn -6.09993e-17 -5.33675e-18 1 
vn 6.09993e-17 5.33675e-18 -1 
vn 0.954168 0.299271 5.98008e-17 
vn 0.996195 0.0871557 6.12323e-17 
vn 0.867526 0.497392 5.5573e-17 
vn 0.954168 0.299271 5.98008e-17 
vn 0.740319 0.672255 4.87466e-17 
vn 0.867526 0.497392 5.5573e-17 
vn 0.578496 0.815685 3.9641e-17 
vn 0.740319 0.672255 4.87466e-17 
vn 0.389623 0.920974 2.86817e-17 
vn 0.578496 0.815685 3.9641e-17 
vn 0.182531 0.9832 1.63814e-17 
vn 0.389623 0.920974 2.86817e-17 
vn -0.033095 0.999452 3.31505e-18 
vn 0.182531 0.9832 1.63814e-17 
vn -0.247174 0.968971 -9.90629e-18 
vn -0.033095 0.999452 3.31505e-18 
vn -0.449695 0.893182 -2.26644e-17 
vn -0.247174 0.968971 -9.90629e-18 
vn -0.631189 0.775629 -3.43628e-17 
vn -0.449695 0.893182 -2.26644e-17 
vn -0.78317 0.621808 -4.44544e-17 
vn -0.631189 0.775629 -3.43628e-17 
vn -0.89853 0.438912 -5.24674e-17 
vn -0.78317 0.621808 -4.44544e-17 
vn -0.971876 0.235493 -5.8027e-17 
vn -0.89853 0.438912 -5.24674e-17 
vn -0.999778 0.0210628 -6.08734e-17 
vn -0.971876 0.235493 -5.8027e-17 
vn -0.980932 -0.194352 -6.08734e-17 
vn -0.996195 -0.0871557 -6.12323e-17 
vn -0.916218 -0.40068 -5.8027e-17 
vn -0.808663 -0.588272 -5.24674e-17 
vn -0.663296 -0.748357 -4.44544e-17 
vn -0.486914 -0.87345 -3.43628e-17 
vn -0.287764 -0.957701 -2.26644e-17 
vn -0.0751588 -0.997172 -9.90629e-18 
vn 0.140961 -0.990015 3.31505e-18 
vn 0.350489 -0.936567 1.63814e-17 
vn 0.543629 -0.839326 2.86817e-17 
vn 0.71135 -0.702838 3.9641e-17 
vn 0.845808 -0.533487 4.87466e-17 
vn 0.940718 -0.339191 5.5573e-17 
vn 0.99164 -0.129034 5.98008e-17 
vn -0.498097 -0.0435779 0.866025 
vn -0.996195 -0.0871557 -2.83679e-15 
vn 0.0871557 -0.996195 -5.88564e-31 
vn 0.996195 0.0871557 6.12323e-17 
vn 6.09993e-17 5.33675e-18 -1 
vn -6.09993e-17 -5.33675e-18 1 
vn 0.954168 0.299271 5.98008e-17 
vn 0.996195 0.0871557 6.12323e-17 
vn 0.867526 0.497392 5.5573e-17 
vn 0.954168 0.299271 5.98008e-17 
vn 0.740319 0.672255 4.87466e-17 
vn 0.867526 0.497392 5.5573e-17 
vn 0.578496 0.815685 3.9641e-17 
vn 0.740319 0.672255 4.87466e-17 
vn 0.389623 0.920974 2.86817e-17 
vn 0.578496 0.815685 3.9641e-17 
vn 0.182531 0.9832 1.63814e-17 
vn 0.389623 0.920974 2.86817e-17 
vn -0.033095 0.999452 3.31505e-18 
vn 0.182531 0.9832 1.63814e-17 
vn -0.247174 0.968971 -9.90629e-18 
vn -0.033095 0.999452 3.31505e-18 
vn -0.449695 0.893182 -2.26644e-17 
vn -0.247174 0.968971 -9.90629e-18 
vn -0.631189 0.775629 -3.43628e-17 
vn -0.449695 0.893182 -2.26644e-17 
vn -0.78317 0.621808 -4.44544e-17 
vn -0.631189 0.775629 -3.43628e-17 
vn -0.89853 0.438912 -5.24674e-17 
vn -0.78317 0.621808 -4.44544e-17 
vn -0.971876 0.235493 -5.8027e-17 
vn -0.89853 0.438912 -5.24674e-17 
vn -0.999778 0.0210628 -6.08734e-17 
vn -0.971876 0.235493 -5.8027e-17 
vn -0.980932 -0.194352 -6.08734e-17 
vn -0.996195 -0.0871557 -6.12323e-17 
vn -0.999778 0.0210628 -6.08734e-17 
vn -0.916218 -0.40068 -5.8027e-17 
vn -0.980932 -0.194352 -6.08734e-17 
vn -0.808663 -0.588272 -5.24674e-17 
vn -0.916218 -0.40068 -5.8027e-17 
vn -0.663296 -0.748357 -4.44544e-17 
vn -0.808663 -0.588272 -5.24674e-17 
vn -0.486914 -0.87345 -3.43628e-17 
vn -0.663296 -0.748357 -4.44544e-17 
vn -0.287764 -0.957701 -2.26644e-17 
vn -0.486914 -0.87345 -3.43628e-17 
vn -0.0751588 -0.997172 -9.90629e-18 
vn -0.287764 -0.957701 -2.26644e-17 
vn 0.140961 -0.990015 3.31505e-18 
vn -0.0751588 -0.997172 -9.90629e-18 
vn 0.350489 -0.936567 1.63814e-17 
vn 0.140961 -0.990015 3.31505e-18 
vn 0.543629 -0.839326 2.86817e-17 
vn 0.350489 -0.936567 1.63814e-17 
vn 0.71135 -0.702838 3.9641e-17 
vn 0.543629 -0.839326 2.86817e-17 
vn 0.845808 -0.533487 4.87466e-17 
vn 0.71135 -0.702838 3.9641e-17 
vn 0.940718 -0.339191 5.5573e-17 
vn 0.845808 -0.533487 4.87466e-17 
vn 0.99164 -0.129034 5.98008e-17 
vn 0.940718 -0.339191 5.5573e-17 
vn -0.0871557 0.996195 5.88564e-31 
vn 7.03913e-17 6.15844e-18 -1 
vn -6.09993e-17 -5.33675e-18 1 
vn -0.207121 -0.0181207 0.978148 
vn -0.405189 -0.0354494 0.913545 
vn -0.585549 -0.0512289 0.809017 
vn -0.740317 -0.0647693 0.669131 
vn -0.86273 -0.0754791 0.5 
vn -0.947437 -0.08289 0.309017 
vn -0.990737 -0.0866783 0.104528 
vn -0.990737 -0.0866783 -0.104528 
vn -0.996195 -0.0871557 -6.12323e-17 
vn -0.947437 -0.08289 -0.309017 
vn -0.86273 -0.0754791 -0.5 
vn -0.740317 -0.0647693 -0.669131 
vn -0.585549 -0.0512289 -0.809017 
vn -0.405189 -0.0354494 -0.913545 
vn -0.207121 -0.0181207 -0.978148 
vn 6.09993e-17 5.33675e-18 -1 
vn -0.990737 -0.0866783 0.104528 
vn -5.16074e-17 -4.51506e-18 1 
vn -0.0871557 0.996195 5.88564e-31 
vn -0.207121 -0.0181207 0.978148 
vn -0.405189 -0.0354494 0.913545 
vn -0.585549 -0.0512289 0.809017 
vn -0.740317 -0.0647693 0.669131 
vn -0.86273 -0.0754791 0.5 
vn -0.947437 -0.08289 0.309017 
vn -0.990737 -0.0866783 0.104528 
vn -0.990737 -0.0866783 -0.104528 
vn -0.996195 -0.0871557 1.22465e-16 
vn -0.947437 -0.08289 -0.309017 
vn -0.86273 -0.0754791 -0.5 
vn -0.740317 -0.0647693 -0.669131 
vn -0.585549 -0.0512289 -0.809017 
vn -0.405189 -0.0354494 -0.913545 
vn -0.207121 -0.0181207 -0.978148 
vn 6.09993e-17 5.33675e-18 -1 
vn -0.990737 -0.0866783 0.104528 
vn -0.0871557 0.996195 5.88564e-31 
vn -5.16074e-17 -4.51506e-18 1 
vn -0.207121 -0.0181207 0.978148 
vn -0.405189 -0.0354494 0.913545 
vn -0.585549 -0.0512289 0.809017 
vn -0.740317 -0.0647693 0.669131 
vn -0.86273 -0.0754791 0.5 
vn -0.947437 -0.08289 0.309017 
vn -0.990737 -0.0866783 0.104528 
vn -0.990737 -0.0866783 -0.104528 
vn -0.996195 -0.0871557 -6.12323e-17 
vn -0.947437 -0.08289 -0.309017 
vn -0.86273 -0.0754791 -0.5 
vn -0.740317 -0.0647693 -0.669131 
vn -0.585549 -0.0512289 -0.809017 
vn -0.405189 -0.0354494 -0.913545 
vn -0.207121 -0.0181207 -0.978148 
vn 6.09993e-17 5.33675e-18 -1 
vn -0.990737 -0.0866783 0.104528 
vn -0.0871557 0.996195 5.88564e-31 
vn 7.03913e-17 6.15844e-18 -1 
vn -0.996195 -0.0871557 -6.12323e-17 
vn -0.98106 -0.0858317 -0.173648 
vn -0.977053 -0.0854811 -0.19509 
vn -0.977074 -0.0854829 -0.194983 
vn -0.936117 -0.0818996 -0.34202 
vn -0.920364 -0.0805214 -0.382683 
vn -0.920411 -0.0805256 -0.382568 
vn -0.86273 -0.0754791 -0.5 
vn -0.828306 -0.0724674 -0.55557 
vn -0.828349 -0.0724711 -0.555505 
vn -0.763129 -0.0667652 -0.642788 
vn -0.704416 -0.0616284 -0.707107 
vn -0.553456 -0.0484211 -0.83147 
vn -0.640342 -0.0560226 -0.766044 
vn -0.704416 -0.0616284 -0.707107 
vn -0.381227 -0.0333531 -0.92388 
vn -0.498097 -0.0435779 -0.866025 
vn -0.553391 -0.0484155 -0.831513 
vn -0.194348 -0.0170032 -0.980785 
vn -0.340719 -0.029809 -0.939693 
vn -0.381112 -0.033343 -0.923927 
vn 6.09993e-17 5.33675e-18 -1 
vn -0.172987 -0.0151344 -0.984808 
vn -0.194241 -0.0169939 -0.980807 
vn 6.09993e-17 5.33675e-18 -1 
vn -0.0871557 0.996195 5.88564e-31 
vn -0.996195 -0.0871557 -6.12323e-17 
vn -0.974425 -0.0852512 -0.207912 
vn -0.910069 -0.0796207 -0.406737 
vn -0.805938 -0.0705105 -0.587785 
vn -0.666584 -0.0583186 -0.743145 
vn -0.498097 -0.0435779 -0.866025 
vn -0.307841 -0.0269326 -0.951057 
vn -0.104131 -0.00911026 -0.994522 
vn 0.104131 0.00911026 -0.994522 
vn 6.09993e-17 5.33675e-18 -1 
vn 0.307841 0.0269326 -0.951057 
vn 0.498097 0.0435779 -0.866025 
vn 0.666584 0.0583186 -0.743145 
vn 0.805938 0.0705105 -0.587785 
vn 0.910069 0.0796207 -0.406737 
vn 0.974425 0.0852512 -0.207912 
vn 0.996195 0.0871557 6.12323e-17 
vn -0.104131 -0.00911026 -0.994522 
vn -0.0871557 0.996195 5.88564e-31 
vn -0.996195 -0.0871557 -6.12323e-17 
vn -0.974425 -0.0852512 -0.207912 
vn -0.910069 -0.0796207 -0.406737 
vn -0.805938 -0.0705105 -0.587785 
vn -0.666584 -0.0583186 -0.743145 
vn -0.498097 -0.0435779 -0.866025 
vn -0.307841 -0.0269326 -0.951057 
vn -0.104131 -0.00911026 -0.994522 
vn 0.104131 0.00911026 -0.994522 
vn 6.09993e-17 5.33675e-18 -1 
vn 0.307841 0.0269326 -0.951057 
vn 0.498097 0.0435779 -0.866025 
vn 0.666584 0.0583186 -0.743145 
vn 0.805938 0.0705105 -0.587785 
vn 0.910069 0.0796207 -0.406737 
vn 0.974425 0.0852512 -0.207912 
vn 0.996195 0.0871557 6.12323e-17 
vn -0.104131 -0.00911026 -0.994522 
vn -0.0871557 0.996195 5.88564e-31 
vn 6.09993e-17 5.33675e-18 -1 
vn -0.0170032 0.194348 -0.980785 
vn -0.172987 -0.0151344 -0.984808 
vn -0.351175 0.165112 -0.921637 
vn -0.186667 0.179504 -0.965885 
vn -0.194241 -0.0169939 -0.980807 
vn -0.50553 0.151607 -0.849385 
vn -0.381112 -0.033343 -0.923927 
vn -0.340719 -0.029809 -0.939693 
vn -0.645041 0.139402 -0.751325 
vn -0.553391 -0.0484155 -0.831513 
vn -0.498097 -0.0435779 -0.866025 
vn -0.640342 -0.0560226 -0.766044 
vn -0.704416 -0.0616284 -0.707107 
vn -0.765469 0.128866 -0.630437 
vn -0.763129 -0.0667652 -0.642788 
vn -0.828349 -0.0724711 -0.555505 
vn -0.863156 0.120319 -0.490393 
vn -0.86273 -0.0754791 -0.5 
vn -0.920411 -0.0805256 -0.382568 
vn -0.935133 0.114022 -0.335448 
vn -0.936117 -0.0818996 -0.34202 
vn -0.977074 -0.0854829 -0.194983 
vn -0.979213 0.110166 -0.170312 
vn -0.98106 -0.0858317 -0.173648 
vn -0.996195 -0.0871557 -6.12323e-17 
vn -0.0333531 0.381227 -0.92388 
vn -0.193173 0.367245 -0.909844 
vn -0.348136 0.353687 -0.868163 
vn -0.493535 0.340967 -0.800103 
vn -0.624952 0.329469 -0.707733 
vn -0.738393 0.319544 -0.593858 
vn -0.830412 0.311494 -0.46194 
vn -0.898212 0.305562 -0.315985 
vn -0.939735 0.301929 -0.16043 
vn -0.994056 0.108867 -4.25963e-16 
vn -0.0484211 0.553456 -0.83147 
vn -0.192255 0.540872 -0.818838 
vn -0.331718 0.528671 -0.781326 
vn -0.462574 0.517222 -0.720074 
vn -0.580846 0.506875 -0.636943 
vn -0.68294 0.497943 -0.534458 
vn -0.765755 0.490698 -0.415735 
vn -0.826774 0.485359 -0.284379 
vn -0.864143 0.48209 -0.144383 
vn -0.953717 0.300706 -4.09899e-16 
vn -0.0616284 0.704416 -0.707107 
vn -0.183949 0.693714 -0.696364 
vn -0.302553 0.683338 -0.664463 
vn -0.413836 0.673602 -0.612372 
vn -0.514418 0.664802 -0.541675 
vn -0.601242 0.657206 -0.454519 
vn -0.671671 0.651044 -0.353553 
vn -0.723563 0.646504 -0.241845 
vn -0.755343 0.643724 -0.122788 
vn -0.876727 0.480989 -1.66302e-16 
vn -0.0724674 0.828306 -0.55557 
vn -0.168574 0.819897 -0.54713 
vn -0.26176 0.811745 -0.522065 
vn -0.349195 0.804095 -0.481138 
vn -0.428222 0.797181 -0.425591 
vn -0.496439 0.791213 -0.357114 
vn -0.551774 0.786372 -0.277785 
vn -0.592546 0.782805 -0.190016 
vn -0.617515 0.78062 -0.0964738 
vn -0.766044 0.642788 -1.41429e-16 
vn -0.0805214 0.920364 -0.382683 
vn -0.146721 0.914572 -0.37687 
vn -0.210909 0.908956 -0.359605 
vn -0.271135 0.903687 -0.331414 
vn -0.32557 0.898925 -0.293153 
vn -0.372558 0.894814 -0.245984 
vn -0.410674 0.891479 -0.191342 
vn -0.438758 0.889022 -0.130885 
vn -0.455957 0.887518 -0.0664523 
vn -0.625923 0.779884 -1.1112e-16 
vn -0.0854811 0.977053 -0.19509 
vn -0.119229 0.974101 -0.192126 
vn -0.151952 0.971238 -0.183325 
vn -0.182655 0.968551 -0.168953 
vn -0.210406 0.966124 -0.149448 
vn -0.23436 0.964028 -0.125402 
vn -0.253791 0.962328 -0.0975452 
vn -0.268108 0.961075 -0.0667248 
vn -0.276876 0.960308 -0.0338771 
vn -0.461749 0.887011 -7.65406e-17 
vn -0.0871557 0.996195 -4.33681e-16 
vn -0.279829 0.96005 -3.90201e-17 
vn -0.996195 -0.0871557 -6.12323e-17 
vn -0.994056 0.108867 -6.00558e-17 
vn -0.953717 0.300706 -5.65713e-17 
vn -0.876727 0.480989 -5.09128e-17 
vn -0.766044 0.642788 -4.32978e-17 
vn -0.625923 0.779884 -3.40189e-17 
vn -0.461749 0.887011 -2.34326e-17 
vn -0.279829 0.96005 -1.19458e-17 
vn -0.0871557 0.996195 5.88564e-31 
vn -0.994056 0.108867 -2.40223e-16 
vn -0.996195 -0.0871557 -6.12323e-17 
vn -0.98106 -0.0858317 0.173648 
vn -0.935133 0.114022 0.335448 
vn -0.979213 0.110166 0.170312 
vn -0.977074 -0.0854829 0.194983 
vn -0.863156 0.120319 0.490393 
vn -0.920411 -0.0805256 0.382568 
vn -0.936117 -0.0818996 0.34202 
vn -0.765469 0.128866 0.630437 
vn -0.828349 -0.0724711 0.555505 
vn -0.86273 -0.0754791 0.5 
vn -0.763129 -0.0667652 0.642788 
vn -0.704416 -0.0616284 0.707107 
vn -0.645041 0.139402 0.751325 
vn -0.640342 -0.0560226 0.766044 
vn -0.553391 -0.0484155 0.831513 
vn -0.50553 0.151607 0.849385 
vn -0.498097 -0.0435779 0.866025 
vn -0.381112 -0.033343 0.923927 
vn -0.351175 0.165112 0.921637 
vn -0.340719 -0.029809 0.939693 
vn -0.194241 -0.0169939 0.980807 
vn -0.186667 0.179504 0.965885 
vn -0.172987 -0.0151344 0.984808 
vn -6.09993e-17 -5.33675e-18 1 
vn -0.953717 0.300706 -2.26285e-16 
vn -0.939735 0.301929 0.16043 
vn -0.898212 0.305562 0.315985 
vn -0.830412 0.311494 0.46194 
vn -0.738393 0.319544 0.593858 
vn -0.624952 0.329469 0.707733 
vn -0.493535 0.340967 0.800103 
vn -0.348136 0.353687 0.868163 
vn -0.193173 0.367245 0.909844 
vn -0.0170032 0.194348 0.980785 
vn -0.876727 0.480989 -2.03651e-16 
vn -0.864143 0.48209 0.144383 
vn -0.826774 0.485359 0.284379 
vn -0.765755 0.490698 0.415735 
vn -0.68294 0.497943 0.534458 
vn -0.580846 0.506875 0.636943 
vn -0.462574 0.517222 0.720074 
vn -0.331718 0.528671 0.781326 
vn -0.192255 0.540872 0.818838 
vn -0.0333531 0.381227 0.92388 
vn -0.766044 0.642788 -1.73191e-16 
vn -0.755343 0.643724 0.122788 
vn -0.723563 0.646504 0.241845 
vn -0.671671 0.651044 0.353553 
vn -0.601242 0.657206 0.454519 
vn -0.514418 0.664802 0.541675 
vn -0.413836 0.673602 0.612372 
vn -0.302553 0.683338 0.664463 
vn -0.183949 0.693714 0.696364 
vn -0.0484211 0.553456 0.83147 
vn -0.625923 0.779884 -1.36075e-16 
vn -0.617515 0.78062 0.0964738 
vn -0.592546 0.782805 0.190016 
vn -0.551774 0.786372 0.277785 
vn -0.496439 0.791213 0.357114 
vn -0.428222 0.797181 0.425591 
vn -0.349195 0.804095 0.481138 
vn -0.26176 0.811745 0.522065 
vn -0.168574 0.819897 0.54713 
vn -0.0616284 0.704416 0.707107 
vn -0.461749 0.887011 -9.37304e-17 
vn -0.455957 0.887518 0.0664523 
vn -0.438758 0.889022 0.130885 
vn -0.410674 0.891479 0.191342 
vn -0.372558 0.894814 0.245984 
vn -0.32557 0.898925 0.293153 
vn -0.271135 0.903687 0.331414 
vn -0.210909 0.908956 0.359605 
vn -0.146721 0.914572 0.37687 
vn -0.0724674 0.828306 0.55557 
vn -0.279829 0.96005 -4.77833e-17 
vn -0.276876 0.960308 0.0338771 
vn -0.268108 0.961075 0.0667248 
vn -0.253791 0.962328 0.0975452 
vn -0.23436 0.964028 0.125402 
vn -0.210406 0.966124 0.149448 
vn -0.182655 0.968551 0.168953 
vn -0.151952 0.971238 0.183325 
vn -0.119229 0.974101 0.192126 
vn -0.0805214 0.920364 0.382683 
vn -0.0871557 0.996195 5.83253e-31 
vn -0.0854811 0.977053 0.19509 
vn 1.69417e-16 1.48221e-17 1 
vn -0.172987 -0.0151344 0.984808 
vn -0.194348 -0.0170032 0.980785 
vn -0.194241 -0.0169939 0.980807 
vn -0.340719 -0.029809 0.939693 
vn -0.381227 -0.0333531 0.92388 
vn -0.381112 -0.033343 0.923927 
vn -0.498097 -0.0435779 0.866025 
vn -0.553456 -0.0484211 0.83147 
vn -0.553391 -0.0484155 0.831513 
vn -0.640342 -0.0560226 0.766044 
vn -0.704416 -0.0616284 0.707107 
vn -0.828306 -0.0724674 0.55557 
vn -0.763129 -0.0667652 0.642788 
vn -0.704416 -0.0616284 0.707107 
vn -0.920364 -0.0805214 0.382683 
vn -0.86273 -0.0754791 0.5 
vn -0.828349 -0.0724711 0.555505 
vn -0.977053 -0.0854811 0.19509 
vn -0.936117 -0.0818996 0.34202 
vn -0.920411 -0.0805256 0.382568 
vn -0.996195 -0.0871557 -6.12323e-17 
vn -0.98106 -0.0858317 0.173648 
vn -0.977074 -0.0854829 0.194983 
vn -0.996195 -0.0871557 -6.12323e-17 
vn -6.09993e-17 -5.33675e-18 1 
vn -0.0170032 0.194348 0.980785 
vn -0.0333531 0.381227 0.92388 
vn -0.0484211 0.553456 0.83147 
vn -0.0616284 0.704416 0.707107 
vn -0.0724674 0.828306 0.55557 
vn -0.0805214 0.920364 0.382683 
vn -0.0854811 0.977053 0.19509 
vn -0.0871557 0.996195 5.88564e-31 
vn 6.09993e-17 5.33675e-18 -1 
vn -0.0170032 0.194348 -0.980785 
vn -0.0333531 0.381227 -0.92388 
vn -0.0484211 0.553456 -0.83147 
vn -0.0616284 0.704416 -0.707107 
vn -0.0724674 0.828306 -0.55557 
vn -0.0805214 0.920364 -0.382683 
vn -0.0854811 0.977053 -0.19509 
vn -0.0871557 0.996195 5.88564e-31 
vn 0.96005 0.279829 1.20112e-16 
vn 0.996195 0.0871557 6.12323e-17 
vn 0.98106 0.0858317 -0.173648 
vn 0.901126 0.274674 -0.335448 
vn 0.945206 0.27853 -0.170312 
vn 0.977074 0.0854829 -0.194983 
vn 0.82915 0.268377 -0.490393 
vn 0.920411 0.0805256 -0.382568 
vn 0.936117 0.0818996 -0.34202 
vn 0.731463 0.25983 -0.630437 
vn 0.828349 0.0724711 -0.555505 
vn 0.86273 0.0754791 -0.5 
vn 0.763129 0.0667652 -0.642788 
vn 0.704416 0.0616284 -0.707107 
vn 0.611034 0.249294 -0.751325 
vn 0.640342 0.0560226 -0.766044 
vn 0.553391 0.0484155 -0.831513 
vn 0.471523 0.237088 -0.849385 
vn 0.498097 0.0435779 -0.866025 
vn 0.381112 0.033343 -0.923927 
vn 0.317169 0.223584 -0.921637 
vn 0.340719 0.029809 -0.939693 
vn 0.194241 0.0169939 -0.980807 
vn 0.15266 0.209192 -0.965885 
vn 0.172987 0.0151344 -0.984808 
vn 2.91416e-16 2.54956e-17 -1 
vn 0.887011 0.461749 1.13143e-16 
vn 0.873028 0.460525 -0.16043 
vn 0.831506 0.456893 -0.315985 
vn 0.763705 0.450961 -0.46194 
vn 0.671687 0.44291 -0.593858 
vn 0.558245 0.432985 -0.707733 
vn 0.426829 0.421488 -0.800103 
vn 0.28143 0.408767 -0.868163 
vn 0.126466 0.39521 -0.909844 
vn -0.0170032 0.194348 -0.980785 
vn 0.779884 0.625923 1.01826e-16 
vn 0.767301 0.624823 -0.144383 
vn 0.729932 0.621553 -0.284379 
vn 0.668913 0.616215 -0.415735 
vn 0.586098 0.608969 -0.534458 
vn 0.484003 0.600037 -0.636943 
vn 0.365732 0.58969 -0.720074 
vn 0.234876 0.578241 -0.781326 
vn 0.0954126 0.56604 -0.818838 
vn -0.0333531 0.381227 -0.92388 
vn 0.642788 0.766044 8.65956e-17 
vn 0.632086 0.765108 -0.122788 
vn 0.600306 0.762328 -0.241845 
vn 0.548414 0.757788 -0.353553 
vn 0.477986 0.751626 -0.454519 
vn 0.391161 0.74403 -0.541675 
vn 0.29058 0.73523 -0.612372 
vn 0.179296 0.725494 -0.664463 
vn 0.0606921 0.715118 -0.696364 
vn -0.0484211 0.553456 -0.83147 
vn 0.480989 0.876727 6.80377e-17 
vn 0.472581 0.875991 -0.0964738 
vn 0.447611 0.873807 -0.190016 
vn 0.40684 0.87024 -0.277785 
vn 0.351505 0.865398 -0.357114 
vn 0.283287 0.85943 -0.425591 
vn 0.204261 0.852516 -0.481138 
vn 0.116826 0.844867 -0.522065 
vn 0.0236393 0.836714 -0.54713 
vn -0.0616284 0.704416 -0.707107 
vn 0.300706 0.953717 4.68652e-17 
vn 0.294914 0.95321 -0.0664523 
vn 0.277715 0.951706 -0.130885 
vn 0.249631 0.949248 -0.191342 
vn 0.211516 0.945914 -0.245984 
vn 0.164527 0.941803 -0.293153 
vn 0.110092 0.93704 -0.331414 
vn 0.049866 0.931771 -0.359605 
vn -0.014322 0.926156 -0.37687 
vn -0.0724674 0.828306 -0.55557 
vn 0.108867 0.994056 2.38917e-17 
vn 0.105914 0.993798 -0.0338771 
vn 0.0971463 0.993031 -0.0667248 
vn 0.0828292 0.991778 -0.0975452 
vn 0.0633981 0.990078 -0.125402 
vn 0.0394434 0.987983 -0.149448 
vn 0.0116929 0.985555 -0.168953 
vn -0.0190102 0.982869 -0.183325 
vn -0.0517329 0.980006 -0.192126 
vn -0.0805214 0.920364 -0.382683 
vn -0.0871557 0.996195 5.93875e-31 
vn -0.0854811 0.977053 -0.19509 
vn -0.0170032 0.194348 0.980785 
vn -6.09993e-17 -5.33675e-18 1 
vn 0.172987 0.0151344 0.984808 
vn 0.317169 0.223584 0.921637 
vn 0.15266 0.209192 0.965885 
vn 0.194241 0.0169939 0.980807 
vn 0.471523 0.237088 0.849385 
vn 0.381112 0.033343 0.923927 
vn 0.340719 0.029809 0.939693 
vn 0.611034 0.249294 0.751325 
vn 0.553391 0.0484155 0.831513 
vn 0.498097 0.0435779 0.866025 
vn 0.640342 0.0560226 0.766044 
vn 0.704416 0.0616284 0.707107 
vn 0.731463 0.25983 0.630437 
vn 0.763129 0.0667652 0.642788 
vn 0.828349 0.0724711 0.555505 
vn 0.82915 0.268377 0.490393 
vn 0.86273 0.0754791 0.5 
vn 0.920411 0.0805256 0.382568 
vn 0.901126 0.274674 0.335448 
vn 0.936117 0.0818996 0.34202 
vn 0.977074 0.0854829 0.194983 
vn 0.945206 0.27853 0.170312 
vn 0.98106 0.0858317 0.173648 
vn 0.996195 0.0871557 6.12323e-17 
vn -0.0333531 0.381227 0.92388 
vn 0.126466 0.39521 0.909844 
vn 0.28143 0.408767 0.868163 
vn 0.426829 0.421488 0.800103 
vn 0.558245 0.432985 0.707733 
vn 0.671687 0.44291 0.593858 
vn 0.763705 0.450961 0.46194 
vn 0.831506 0.456893 0.315985 
vn 0.873028 0.460525 0.16043 
vn 0.96005 0.279829 1.96167e-16 
vn -0.0484211 0.553456 0.83147 
vn 0.0954126 0.56604 0.818838 
vn 0.234876 0.578241 0.781326 
vn 0.365732 0.58969 0.720074 
vn 0.484003 0.600037 0.636943 
vn 0.586098 0.608969 0.534458 
vn 0.668913 0.616215 0.415735 
vn 0.729932 0.621553 0.284379 
vn 0.767301 0.624823 0.144383 
vn 0.887011 0.461749 1.84785e-16 
vn -0.0616284 0.704416 0.707107 
vn 0.0606921 0.715118 0.696364 
vn 0.179296 0.725494 0.664463 
vn 0.29058 0.73523 0.612372 
vn 0.391161 0.74403 0.541675 
vn 0.477986 0.751626 0.454519 
vn 0.548414 0.757788 0.353553 
vn 0.600306 0.762328 0.241845 
vn 0.632086 0.765108 0.122788 
vn 0.779884 0.625923 1.66302e-16 
vn -0.0724674 0.828306 0.55557 
vn 0.0236393 0.836714 0.54713 
vn 0.116826 0.844867 0.522065 
vn 0.204261 0.852516 0.481138 
vn 0.283287 0.85943 0.425591 
vn 0.351505 0.865398 0.357114 
vn 0.40684 0.87024 0.277785 
vn 0.447611 0.873807 0.190016 
vn 0.472581 0.875991 0.0964738 
vn 0.642788 0.766044 1.41429e-16 
vn -0.0805214 0.920364 0.382683 
vn -0.014322 0.926156 0.37687 
vn 0.049866 0.931771 0.359605 
vn 0.110092 0.93704 0.331414 
vn 0.164527 0.941803 0.293153 
vn 0.211516 0.945914 0.245984 
vn 0.249631 0.949248 0.191342 
vn 0.277715 0.951706 0.130885 
vn 0.294914 0.95321 0.0664523 
vn 0.480989 0.876727 1.1112e-16 
vn -0.0854811 0.977053 0.19509 
vn -0.0517329 0.980006 0.192126 
vn -0.0190102 0.982869 0.183325 
vn 0.0116929 0.985555 0.168953 
vn 0.0394434 0.987983 0.149448 
vn 0.0633981 0.990078 0.125402 
vn 0.0828292 0.991778 0.0975452 
vn 0.0971463 0.993031 0.0667248 
vn 0.105914 0.993798 0.0338771 
vn 0.300706 0.953717 7.65406e-17 
vn -0.0871557 0.996195 4.33681e-16 
vn 0.108867 0.994056 3.90201e-17 
vn 0.996195 0.0871557 6.12323e-17 
vn 0.98106 0.0858317 0.173648 
vn 0.977053 0.0854811 0.19509 
vn 0.977074 0.0854829 0.194983 
vn 0.936117 0.0818996 0.34202 
vn 0.920364 0.0805214 0.382683 
vn 0.920411 0.0805256 0.382568 
vn 0.86273 0.0754791 0.5 
vn 0.828306 0.0724674 0.55557 
vn 0.828349 0.0724711 0.555505 
vn 0.763129 0.0667652 0.642788 
vn 0.704416 0.0616284 0.707107 
vn 0.553456 0.0484211 0.83147 
vn 0.640342 0.0560226 0.766044 
vn 0.704416 0.0616284 0.707107 
vn 0.381227 0.0333531 0.92388 
vn 0.498097 0.0435779 0.866025 
vn 0.553391 0.0484155 0.831513 
vn 0.194348 0.0170032 0.980785 
vn 0.340719 0.029809 0.939693 
vn 0.381112 0.033343 0.923927 
vn 1.69417e-16 1.48221e-17 1 
vn 0.172987 0.0151344 0.984808 
vn 0.194241 0.0169939 0.980807 
vn 1.69417e-16 1.48221e-17 1 
vn 6.09993e-17 5.33675e-18 -1 
vn 0.172987 0.0151344 -0.984808 
vn 0.194348 0.0170032 -0.980785 
vn 0.194241 0.0169939 -0.980807 
vn 0.340719 0.029809 -0.939693 
vn 0.381227 0.0333531 -0.92388 
vn 0.381112 0.033343 -0.923927 
vn 0.498097 0.0435779 -0.866025 
vn 0.553456 0.0484211 -0.83147 
vn 0.553391 0.0484155 -0.831513 
vn 0.640342 0.0560226 -0.766044 
vn 0.704416 0.0616284 -0.707107 
vn 0.828306 0.0724674 -0.55557 
vn 0.763129 0.0667652 -0.642788 
vn 0.704416 0.0616284 -0.707107 
vn 0.920364 0.0805214 -0.382683 
vn 0.86273 0.0754791 -0.5 
vn 0.828349 0.0724711 -0.555505 
vn 0.977053 0.0854811 -0.19509 
vn 0.936117 0.0818996 -0.34202 
vn 0.920411 0.0805256 -0.382568 
vn 0.996195 0.0871557 6.12323e-17 
vn 0.98106 0.0858317 -0.173648 
vn 0.977074 0.0854829 -0.194983 
vn 0.996195 0.0871557 6.12323e-17 
vn 0.96005 0.279829 6.00558e-17 
vn 0.887011 0.461749 5.65713e-17 
vn 0.779884 0.625923 5.09128e-17 
vn 0.642788 0.766044 4.32978e-17 
vn 0.480989 0.876727 3.40189e-17 
vn 0.300706 0.953717 2.34326e-17 
vn 0.108867 0.994056 1.19458e-17 
vn -0.0871557 0.996195 5.88564e-31 
vn -0.996195 -0.0871557 -6.12323e-17 
vn 0.996195 0.0871557 6.12323e-17 
vn 0.974425 0.0852512 0.207912 
vn 0.910069 0.0796207 0.406737 
vn 0.805938 0.0705105 0.587785 
vn 0.666584 0.0583186 0.743145 
vn 0.498097 0.0435779 0.866025 
vn 0.307841 0.0269326 0.951057 
vn 0.104131 0.00911026 0.994522 
vn -0.104131 -0.00911026 0.994522 
vn -6.09993e-17 -5.33675e-18 1 
vn -0.307841 -0.0269326 0.951057 
vn -0.498097 -0.0435779 0.866025 
vn -0.666584 -0.0583186 0.743145 
vn -0.805938 -0.0705105 0.587785 
vn -0.910069 -0.0796207 0.406737 
vn -0.974425 -0.0852512 0.207912 
vn -0.996195 -0.0871557 -6.12323e-17 
vn 0.104131 0.00911026 0.994522 
vn -0.0871557 0.996195 5.88564e-31 
vn 0.996195 0.0871557 6.12323e-17 
vn 7.03913e-17 6.15844e-18 -1 
vn 0.207121 0.0181207 -0.978148 
vn 0.405189 0.0354494 -0.913545 
vn 0.585549 0.0512289 -0.809017 
vn 0.740317 0.0647693 -0.669131 
vn 0.86273 0.0754791 -0.5 
vn 0.947437 0.08289 -0.309017 
vn 0.990737 0.0866783 -0.104528 
vn 0.990737 0.0866783 0.104528 
vn 0.996195 0.0871557 6.12323e-17 
vn 0.947437 0.08289 0.309017 
vn 0.86273 0.0754791 0.5 
vn 0.740317 0.0647693 0.669131 
vn 0.585549 0.0512289 0.809017 
vn 0.405189 0.0354494 0.913545 
vn 0.207121 0.0181207 0.978148 
vn -6.09993e-17 -5.33675e-18 1 
vn 0.990737 0.0866783 -0.104528 
vn -0.0871557 0.996195 5.88564e-31 
vn -0.996195 -0.0871557 -6.12323e-17 
vn -6.09993e-17 -5.33675e-18 1 
vn 0.996195 0.0871557 6.12323e-17 
vn 0.974425 0.0852512 0.207912 
vn 0.910069 0.0796207 0.406737 
vn 0.805938 0.0705105 0.587785 
vn 0.666584 0.0583186 0.743145 
vn 0.498097 0.0435779 0.866025 
vn 0.307841 0.0269326 0.951057 
vn 0.104131 0.00911026 0.994522 
vn -0.104131 -0.00911026 0.994522 
vn -6.09993e-17 -5.33675e-18 1 
vn -0.307841 -0.0269326 0.951057 
vn -0.498097 -0.0435779 0.866025 
vn -0.666584 -0.0583186 0.743145 
vn -0.805938 -0.0705105 0.587785 
vn -0.910069 -0.0796207 0.406737 
vn -0.974425 -0.0852512 0.207912 
vn -0.996195 -0.0871557 -6.12323e-17 
vn 0.104131 0.00911026 0.994522 
vn -0.0871557 0.996195 5.88564e-31 
vn 0.996195 0.0871557 6.12323e-17 
vn -5.16074e-17 -4.51506e-18 1 
vn 6.09993e-17 5.33675e-18 -1 
vn 0.207121 0.0181207 -0.978148 
vn 0.405189 0.0354494 -0.913545 
vn 0.585549 0.0512289 -0.809017 
vn 0.740317 0.0647693 -0.669131 
vn 0.86273 0.0754791 -0.5 
vn 0.947437 0.08289 -0.309017 
vn 0.990737 0.0866783 -0.104528 
vn 0.990737 0.0866783 0.104528 
vn 0.996195 0.0871557 6.12323e-17 
vn 0.947437 0.08289 0.309017 
vn 0.86273 0.0754791 0.5 
vn 0.740317 0.0647693 0.669131 
vn 0.585549 0.0512289 0.809017 
vn 0.405189 0.0354494 0.913545 
vn 0.207121 0.0181207 0.978148 
vn -6.09993e-17 -5.33675e-18 1 
vn 0.990737 0.0866783 -0.104528 
vn -0.0871557 0.996195 5.88564e-31 
vn 7.03913e-17 6.15844e-18 -1 
vn 0.996195 0.0871557 6.12323e-17 
vn 0.207121 0.0181207 -0.978148 
vn 0.405189 0.0354494 -0.913545 
vn 0.585549 0.0512289 -0.809017 
vn 0.740317 0.0647693 -0.669131 
vn 0.86273 0.0754791 -0.5 
vn 0.947437 0.08289 -0.309017 
vn 0.990737 0.0866783 -0.104528 
vn 0.990737 0.0866783 0.104528 
vn 0.996195 0.0871557 0 
vn 0.947437 0.08289 0.309017 
vn 0.86273 0.0754791 0.5 
vn 0.740317 0.0647693 0.669131 
vn 0.585549 0.0512289 0.809017 
vn 0.405189 0.0354494 0.913545 
vn 0.207121 0.0181207 0.978148 
vn -6.09993e-17 -5.33675e-18 1 
vn 0.990737 0.0866783 -0.104528 
vn -0.0871557 0.996195 5.88564e-31 
vn 7.03913e-17 6.15844e-18 -1 
vn -5.16074e-17 -4.51506e-18 1 
vn 0.0871557 -0.996195 -5.88564e-31 
vn 0.996195 0.0871557 6.12323e-17 
vn 1.67816e-14 1.4682e-15 -1 
vn -0.996195 -0.0871557 -6.12323e-17 
vn -6.09993e-17 -5.33675e-18 1 
vn 0.996195 0.0871557 3.32874e-15 
vn 0.0871557 -0.996195 -5.88564e-31 
vn 1.67816e-14 1.4682e-15 -1 
vn -0.996195 -0.0871557 -3.32874e-15 
vn -6.09993e-17 -5.33675e-18 1 
vn 0.0871557 -0.996195 -5.88564e-31 
vn 0.996195 0.0871557 2.79613e-15 
vn 6.09993e-17 5.33675e-18 -1 
vn -0.996195 -0.0871557 -3.03871e-15 
vn -3.10374e-15 -2.71542e-16 1 
o mesh153
f 2525//2253 2526//2253 2527//2253 
f 2525//2253 2528//2253 2529//2253 
f 2530//2253 2531//2253 2529//2253 
f 2532//2253 2533//2253 2531//2253 
f 2534//2253 2535//2253 2533//2253 
f 2534//2253 2536//2253 2537//2253 
f 2538//2253 2539//2253 2540//2253 
f 2541//2253 2542//2253 2539//2253 
f 2529//2253 2526//2253 2525//2253 
f 2531//2253 2530//2253 2532//2253 
f 2537//2253 2535//2253 2534//2253 
f 2536//2253 2543//2253 2544//2253 
f 2545//2253 2546//2253 2547//2253 
f 2545//2253 2548//2253 2549//2253 
f 2550//2253 2540//2253 2551//2253 
f 2539//2253 2538//2253 2541//2253 
f 2552//2253 2553//2253 2542//2253 
f 2552//2253 2554//2253 2555//2253 
f 2556//2253 2557//2253 2558//2253 
f 2559//2253 2560//2253 2557//2253 
f 2529//2253 2528//2253 2530//2253 
f 2544//2253 2537//2253 2536//2253 
f 2561//2253 2562//2253 2544//2253 
f 2561//2253 2563//2253 2547//2253 
f 2549//2253 2546//2253 2545//2253 
f 2548//2253 2564//2253 2551//2253 
f 2540//2253 2550//2253 2538//2253 
f 2555//2253 2553//2253 2552//2253 
f 2565//2253 2566//2253 2567//2253 
f 2565//2253 2568//2253 2569//2253 
f 2557//2253 2556//2253 2559//2253 
f 2559//2253 2570//2253 2527//2253 
f 2533//2253 2532//2253 2534//2253 
f 2547//2253 2562//2253 2561//2253 
f 2551//2253 2549//2253 2548//2253 
f 2542//2253 2541//2253 2552//2253 
f 2571//2253 2572//2253 2555//2253 
f 2571//2253 2573//2253 2574//2253 
f 2575//2253 2576//2253 2574//2253 
f 2575//2253 2577//2253 2578//2253 
f 2579//2253 2567//2253 2578//2253 
f 2569//2253 2566//2253 2565//2253 
f 2580//2253 2581//2253 2582//2253 
f 2581//2253 2583//2253 2558//2253 
f 2527//2253 2560//2253 2559//2253 
f 2544//2253 2543//2253 2561//2253 
f 2551//2253 2564//2253 2550//2253 
f 2574//2253 2572//2253 2571//2253 
f 2578//2253 2576//2253 2575//2253 
f 2567//2253 2579//2253 2565//2253 
f 2580//2253 2584//2253 2569//2253 
f 2558//2253 2582//2253 2581//2253 
f 2527//2253 2570//2253 2525//2253 
f 2555//2253 2554//2253 2571//2253 
f 2578//2253 2577//2253 2579//2253 
f 2582//2253 2584//2253 2580//2253 
f 2547//2253 2563//2253 2545//2253 
f 2569//2253 2568//2253 2580//2253 
f 2574//2253 2573//2253 2575//2253 
f 2558//2253 2583//2253 2556//2253 
o mesh154
f 2585//2254 2586//2255 2551//2255 
f 2587//2256 2585//2254 2540//2257 
f 2588//2258 2587//2256 2539//2259 
f 2589//2260 2588//2258 2542//2261 
f 2590//2262 2589//2260 2553//2263 
f 2591//2264 2590//2262 2555//2265 
f 2592//2266 2591//2264 2572//2267 
f 2593//2268 2592//2266 2574//2269 
f 2594//2270 2593//2268 2576//2271 
f 2595//2272 2594//2270 2578//2273 
f 2596//2274 2595//2272 2567//2275 
f 2597//2276 2596//2274 2566//2277 
f 2598//2278 2597//2276 2569//2279 
f 2599//2280 2598//2278 2584//2281 
f 2600//2282 2601//2283 2558//2283 
f 2582//2284 2558//2283 2601//2283 
f 2601//2283 2599//2280 2582//2284 
f 2602//2285 2600//2282 2557//2286 
f 2603//2287 2602//2285 2560//2288 
f 2604//2289 2603//2287 2527//2290 
f 2605//2291 2604//2289 2526//2292 
f 2606//2293 2605//2291 2529//2294 
f 2607//2295 2606//2293 2531//2296 
f 2608//2297 2607//2295 2533//2298 
f 2609//2299 2608//2297 2535//2300 
f 2610//2301 2609//2299 2537//2302 
f 2611//2303 2610//2301 2544//2304 
f 2612//2305 2611//2303 2562//2306 
f 2613//2307 2612//2305 2547//2308 
f 2614//2309 2613//2307 2546//2310 
f 2586//2255 2614//2309 2549//2309 
f 2549//2309 2551//2255 2586//2255 
f 2546//2310 2549//2309 2614//2309 
f 2547//2308 2546//2310 2613//2307 
f 2562//2306 2547//2308 2612//2305 
f 2544//2304 2562//2306 2611//2303 
f 2537//2302 2544//2304 2610//2301 
f 2535//2300 2537//2302 2609//2299 
f 2533//2298 2535//2300 2608//2297 
f 2531//2296 2533//2298 2607//2295 
f 2529//2294 2531//2296 2606//2293 
f 2526//2292 2529//2294 2605//2291 
f 2527//2290 2526//2292 2604//2289 
f 2560//2288 2527//2290 2603//2287 
f 2557//2286 2560//2288 2602//2285 
f 2558//2283 2557//2286 2600//2282 
f 2584//2281 2582//2284 2599//2280 
f 2569//2279 2584//2281 2598//2278 
f 2566//2277 2569//2279 2597//2276 
f 2567//2275 2566//2277 2596//2274 
f 2578//2273 2567//2275 2595//2272 
f 2576//2271 2578//2273 2594//2270 
f 2574//2269 2576//2271 2593//2268 
f 2572//2267 2574//2269 2592//2266 
f 2555//2265 2572//2267 2591//2264 
f 2553//2263 2555//2265 2590//2262 
f 2542//2261 2553//2263 2589//2260 
f 2539//2259 2542//2261 2588//2258 
f 2540//2257 2539//2259 2587//2256 
f 2551//2255 2540//2257 2585//2254 
o mesh155
f 2615//2311 2564//2311 2548//2312 
f 2616//2312 2548//2312 2545//2313 
f 2617//2313 2545//2313 2563//2314 
f 2618//2314 2563//2314 2561//2315 
f 2619//2315 2561//2315 2543//2316 
f 2620//2316 2543//2316 2536//2317 
f 2621//2317 2536//2317 2534//2318 
f 2622//2318 2534//2318 2532//2319 
f 2623//2319 2532//2319 2530//2320 
f 2624//2320 2530//2320 2528//2321 
f 2625//2321 2528//2321 2525//2322 
f 2626//2322 2525//2322 2570//2323 
f 2627//2323 2570//2323 2559//2324 
f 2628//2324 2559//2324 2556//2325 
f 2629//2326 2630//2327 2583//2327 
f 2556//2325 2583//2327 2630//2327 
f 2630//2327 2631//2328 2556//2325 
f 2629//2326 2581//2329 2580//2330 
f 2632//2330 2580//2330 2568//2331 
f 2633//2331 2568//2331 2565//2332 
f 2634//2332 2565//2332 2579//2333 
f 2635//2333 2579//2333 2577//2334 
f 2636//2334 2577//2334 2575//2335 
f 2637//2335 2575//2335 2573//2336 
f 2638//2336 2573//2336 2571//2337 
f 2639//2337 2571//2337 2554//2338 
f 2640//2338 2554//2338 2552//2339 
f 2641//2339 2552//2339 2541//2340 
f 2642//2340 2541//2340 2538//2341 
f 2643//2341 2538//2341 2550//2342 
f 2644//2342 2550//2342 2564//2311 
f 2564//2311 2615//2311 2644//2342 
f 2550//2342 2644//2342 2643//2341 
f 2538//2341 2643//2341 2642//2340 
f 2541//2340 2642//2340 2641//2339 
f 2552//2339 2641//2339 2640//2338 
f 2554//2338 2640//2338 2639//2337 
f 2571//2337 2639//2337 2638//2336 
f 2573//2336 2638//2336 2637//2335 
f 2575//2335 2637//2335 2636//2334 
f 2577//2334 2636//2334 2635//2333 
f 2579//2333 2635//2333 2634//2332 
f 2565//2332 2634//2332 2633//2331 
f 2568//2331 2633//2331 2632//2330 
f 2580//2330 2632//2330 2629//2326 
f 2583//2327 2581//2329 2629//2326 
f 2556//2325 2631//2328 2628//2324 
f 2559//2324 2628//2324 2627//2323 
f 2570//2323 2627//2323 2626//2322 
f 2525//2322 2626//2322 2625//2321 
f 2528//2321 2625//2321 2624//2320 
f 2530//2320 2624//2320 2623//2319 
f 2532//2319 2623//2319 2622//2318 
f 2534//2318 2622//2318 2621//2317 
f 2536//2317 2621//2317 2620//2316 
f 2543//2316 2620//2316 2619//2315 
f 2561//2315 2619//2315 2618//2314 
f 2563//2314 2618//2314 2617//2313 
f 2545//2313 2617//2313 2616//2312 
f 2548//2312 2616//2312 2615//2311 
o mesh156
f 2645//2343 2628//2343 2631//2343 
f 2645//2343 2627//2343 2628//2343 
f 2646//2343 2624//2343 2625//2343 
f 2647//2343 2619//2343 2620//2343 
f 2648//2343 2645//2343 2630//2343 
f 2645//2343 2626//2343 2627//2343 
f 2625//2343 2645//2343 2646//2343 
f 2646//2343 2621//2343 2622//2343 
f 2647//2343 2618//2343 2619//2343 
f 2647//2343 2615//2343 2616//2343 
f 2649//2343 2650//2343 2640//2343 
f 2650//2343 2648//2343 2635//2343 
f 2630//2343 2629//2343 2648//2343 
f 2625//2343 2626//2343 2645//2343 
f 2622//2343 2623//2343 2646//2343 
f 2620//2343 2646//2343 2647//2343 
f 2616//2343 2617//2343 2647//2343 
f 2640//2343 2641//2343 2649//2343 
f 2635//2343 2636//2343 2650//2343 
f 2648//2343 2633//2343 2634//2343 
f 2629//2343 2632//2343 2648//2343 
f 2623//2343 2624//2343 2646//2343 
f 2617//2343 2618//2343 2647//2343 
f 2649//2343 2644//2343 2615//2343 
f 2649//2343 2642//2343 2643//2343 
f 2650//2343 2639//2343 2640//2343 
f 2636//2343 2637//2343 2650//2343 
f 2632//2343 2633//2343 2648//2343 
f 2620//2343 2621//2343 2646//2343 
f 2643//2343 2644//2343 2649//2343 
f 2650//2343 2638//2343 2639//2343 
f 2634//2343 2635//2343 2648//2343 
f 2615//2343 2647//2343 2649//2343 
f 2637//2343 2638//2343 2650//2343 
f 2641//2343 2642//2343 2649//2343 
f 2631//2343 2630//2343 2645//2343 
o mesh157
f 2645//2344 2651//2344 2652//2344 
f 2652//2344 2646//2344 2645//2344 
o mesh158
f 2648//2345 2653//2345 2651//2345 
f 2651//2345 2645//2345 2648//2345 
o mesh159
f 2650//2346 2654//2346 2653//2346 
f 2653//2346 2648//2346 2650//2346 
o mesh160
f 2649//2347 2655//2347 2654//2347 
f 2654//2347 2650//2347 2649//2347 
o mesh161
f 2647//2348 2656//2348 2655//2348 
f 2655//2348 2649//2348 2647//2348 
o mesh162
f 2646//2349 2652//2349 2656//2349 
f 2656//2349 2647//2349 2646//2349 
o mesh163
f 2652//2350 2657//2350 2658//2350 
f 2652//2350 2651//2350 2659//2350 
f 2652//2350 2660//2350 2661//2350 
f 2652//2350 2662//2350 2657//2350 
f 2652//2350 2663//2350 2664//2350 
f 2659//2350 2665//2350 2652//2350 
f 2652//2350 2666//2350 2667//2350 
f 2661//2350 2668//2350 2652//2350 
f 2652//2350 2669//2350 2670//2350 
f 2658//2350 2671//2350 2652//2350 
f 2665//2350 2663//2350 2652//2350 
f 2652//2350 2672//2350 2666//2350 
f 2670//2350 2660//2350 2652//2350 
f 2664//2350 2662//2350 2652//2350 
f 2668//2350 2672//2350 2652//2350 
f 2667//2350 2656//2350 2652//2350 
f 2673//2350 2655//2350 2656//2350 
f 2674//2350 2653//2350 2654//2350 
f 2656//2350 2667//2350 2673//2350 
f 2654//2350 2673//2350 2674//2350 
f 2654//2350 2655//2350 2673//2350 
f 2674//2350 2659//2350 2651//2350 
f 2651//2350 2653//2350 2674//2350 
f 2671//2350 2669//2350 2652//2350 
o mesh164
f 2675//2351 2667//2351 2666//2352 
f 2676//2352 2666//2352 2672//2353 
f 2677//2353 2672//2353 2668//2354 
f 2678//2354 2668//2354 2661//2355 
f 2679//2355 2661//2355 2660//2356 
f 2680//2356 2660//2356 2670//2357 
f 2681//2357 2670//2357 2669//2358 
f 2682//2358 2669//2358 2671//2359 
f 2683//2359 2671//2359 2658//2360 
f 2684//2360 2658//2360 2657//2361 
f 2685//2361 2657//2361 2662//2362 
f 2686//2362 2662//2362 2664//2363 
f 2687//2363 2664//2363 2663//2364 
f 2688//2364 2663//2364 2665//2365 
f 2689//2365 2665//2365 2659//2366 
f 2659//2366 2690//2366 2689//2365 
f 2665//2365 2689//2365 2688//2364 
f 2663//2364 2688//2364 2687//2363 
f 2664//2363 2687//2363 2686//2362 
f 2662//2362 2686//2362 2685//2361 
f 2657//2361 2685//2361 2684//2360 
f 2658//2360 2684//2360 2683//2359 
f 2671//2359 2683//2359 2682//2358 
f 2669//2358 2682//2358 2681//2357 
f 2670//2357 2681//2357 2680//2356 
f 2660//2356 2680//2356 2679//2355 
f 2661//2355 2679//2355 2678//2354 
f 2668//2354 2678//2354 2677//2353 
f 2672//2353 2677//2353 2676//2352 
f 2666//2352 2676//2352 2675//2351 
o mesh165
f 2691//2367 2692//2367 2693//2367 
f 2692//2367 2691//2367 2694//2367 
f 2693//2367 2695//2367 2691//2367 
f 2694//2367 2696//2367 2692//2367 
f 2696//2367 2697//2367 2692//2367 
f 2695//2367 2698//2367 2691//2367 
f 2698//2367 2699//2367 2691//2367 
f 2667//2367 2675//2367 2691//2367 
f 2691//2367 2673//2367 2667//2367 
f 2699//2367 2673//2367 2691//2367 
o mesh166
f 2700//2366 2701//2366 2702//2366 
f 2703//2366 2704//2366 2705//2366 
f 2700//2366 2706//2366 2701//2366 
f 2703//2366 2707//2366 2704//2366 
f 2705//2366 2700//2366 2703//2366 
f 2659//2366 2708//2366 2703//2366 
f 2703//2366 2708//2366 2707//2366 
f 2702//2366 2703//2366 2700//2366 
f 2659//2366 2674//2366 2708//2366 
f 2703//2366 2690//2366 2659//2366 
o mesh167
f 2709//2368 2710//2369 2699//2369 
f 2711//2370 2709//2368 2698//2371 
f 2712//2372 2711//2370 2695//2373 
f 2713//2374 2712//2372 2693//2375 
f 2714//2376 2713//2374 2692//2377 
f 2715//2378 2714//2376 2697//2379 
f 2716//2380 2715//2378 2696//2381 
f 2717//2382 2716//2380 2694//2383 
f 2694//2383 2691//2382 2717//2382 
f 2696//2381 2694//2383 2716//2380 
f 2697//2379 2696//2381 2715//2378 
f 2692//2377 2697//2379 2714//2376 
f 2693//2375 2692//2377 2713//2374 
f 2695//2373 2693//2375 2712//2372 
f 2698//2371 2695//2373 2711//2370 
f 2699//2369 2698//2371 2709//2368 
o mesh168
f 2707//2384 2708//2385 2718//2385 
f 2704//2386 2707//2384 2719//2387 
f 2705//2388 2704//2386 2720//2389 
f 2700//2390 2705//2388 2721//2391 
f 2706//2392 2700//2390 2722//2393 
f 2701//2394 2706//2392 2723//2395 
f 2702//2396 2701//2394 2724//2397 
f 2703//2398 2702//2396 2725//2399 
f 2725//2399 2726//2398 2703//2398 
f 2724//2397 2725//2399 2702//2396 
f 2723//2395 2724//2397 2701//2394 
f 2722//2393 2723//2395 2706//2392 
f 2721//2391 2722//2393 2700//2390 
f 2720//2389 2721//2391 2705//2388 
f 2719//2387 2720//2389 2704//2386 
f 2718//2385 2719//2387 2707//2384 
o mesh169
f 2727//2400 2728//2401 2750//2402 
f 2728//2401 2729//2403 2751//2404 
f 2729//2403 2730//2405 2752//2406 
f 2730//2405 2731//2407 2753//2408 
f 2731//2407 2732//2409 2754//2410 
f 2732//2409 2733//2411 2755//2412 
f 2733//2411 2734//2413 2756//2414 
f 2734//2413 2710//2415 2709//2416 
f 2735//2417 2750//2402 2757//2418 
f 2750//2402 2751//2404 2758//2419 
f 2751//2404 2752//2406 2759//2420 
f 2752//2406 2753//2408 2760//2421 
f 2753//2408 2754//2410 2761//2422 
f 2754//2410 2755//2412 2762//2423 
f 2755//2412 2756//2414 2763//2424 
f 2756//2414 2709//2416 2711//2425 
f 2736//2426 2757//2418 2764//2427 
f 2757//2418 2758//2419 2765//2428 
f 2758//2419 2759//2420 2766//2429 
f 2759//2420 2760//2421 2767//2430 
f 2760//2421 2761//2422 2768//2431 
f 2761//2422 2762//2423 2769//2432 
f 2762//2423 2763//2424 2770//2433 
f 2763//2424 2711//2425 2712//2434 
f 2737//2435 2764//2427 2771//2436 
f 2764//2427 2765//2428 2772//2437 
f 2765//2428 2766//2429 2773//2438 
f 2766//2429 2767//2430 2774//2439 
f 2767//2430 2768//2431 2775//2440 
f 2768//2431 2769//2432 2776//2441 
f 2769//2432 2770//2433 2777//2442 
f 2770//2433 2712//2434 2713//2443 
f 2738//2444 2771//2436 2778//2445 
f 2771//2436 2772//2437 2779//2446 
f 2772//2437 2773//2438 2780//2447 
f 2773//2438 2774//2439 2781//2448 
f 2774//2439 2775//2440 2782//2449 
f 2775//2440 2776//2441 2783//2450 
f 2776//2441 2777//2442 2784//2451 
f 2777//2442 2713//2443 2714//2452 
f 2739//2453 2778//2445 2785//2454 
f 2778//2445 2779//2446 2786//2455 
f 2779//2446 2780//2447 2787//2456 
f 2780//2447 2781//2448 2788//2457 
f 2781//2448 2782//2449 2789//2458 
f 2782//2449 2783//2450 2790//2459 
f 2783//2450 2784//2451 2791//2460 
f 2784//2451 2714//2452 2715//2461 
f 2740//2462 2785//2454 2792//2463 
f 2785//2454 2786//2455 2793//2464 
f 2786//2455 2787//2456 2794//2465 
f 2787//2456 2788//2457 2795//2466 
f 2788//2457 2789//2458 2796//2467 
f 2789//2458 2790//2459 2797//2468 
f 2790//2459 2791//2460 2798//2469 
f 2791//2460 2715//2461 2716//2470 
f 2741//2471 2792//2463 2742//2472 
f 2792//2463 2793//2464 2743//2472 
f 2793//2464 2794//2465 2744//2472 
f 2794//2465 2795//2466 2745//2472 
f 2795//2466 2796//2467 2746//2472 
f 2796//2467 2797//2468 2747//2472 
f 2797//2468 2798//2469 2748//2472 
f 2798//2469 2716//2470 2717//2472 
f 2717//2472 2748//2472 2798//2469 
f 2748//2472 2747//2472 2797//2468 
f 2747//2472 2746//2472 2796//2467 
f 2746//2472 2745//2472 2795//2466 
f 2745//2472 2744//2472 2794//2465 
f 2744//2472 2743//2472 2793//2464 
f 2743//2472 2742//2472 2792//2463 
f 2742//2472 2749//2472 2741//2471 
f 2716//2470 2798//2469 2791//2460 
f 2798//2469 2797//2468 2790//2459 
f 2797//2468 2796//2467 2789//2458 
f 2796//2467 2795//2466 2788//2457 
f 2795//2466 2794//2465 2787//2456 
f 2794//2465 2793//2464 2786//2455 
f 2793//2464 2792//2463 2785//2454 
f 2792//2463 2741//2471 2740//2462 
f 2715//2461 2791//2460 2784//2451 
f 2791//2460 2790//2459 2783//2450 
f 2790//2459 2789//2458 2782//2449 
f 2789//2458 2788//2457 2781//2448 
f 2788//2457 2787//2456 2780//2447 
f 2787//2456 2786//2455 2779//2446 
f 2786//2455 2785//2454 2778//2445 
f 2785//2454 2740//2462 2739//2453 
f 2714//2452 2784//2451 2777//2442 
f 2784//2451 2783//2450 2776//2441 
f 2783//2450 2782//2449 2775//2440 
f 2782//2449 2781//2448 2774//2439 
f 2781//2448 2780//2447 2773//2438 
f 2780//2447 2779//2446 2772//2437 
f 2779//2446 2778//2445 2771//2436 
f 2778//2445 2739//2453 2738//2444 
f 2713//2443 2777//2442 2770//2433 
f 2777//2442 2776//2441 2769//2432 
f 2776//2441 2775//2440 2768//2431 
f 2775//2440 2774//2439 2767//2430 
f 2774//2439 2773//2438 2766//2429 
f 2773//2438 2772//2437 2765//2428 
f 2772//2437 2771//2436 2764//2427 
f 2771//2436 2738//2444 2737//2435 
f 2712//2434 2770//2433 2763//2424 
f 2770//2433 2769//2432 2762//2423 
f 2769//2432 2768//2431 2761//2422 
f 2768//2431 2767//2430 2760//2421 
f 2767//2430 2766//2429 2759//2420 
f 2766//2429 2765//2428 2758//2419 
f 2765//2428 2764//2427 2757//2418 
f 2764//2427 2737//2435 2736//2426 
f 2711//2425 2763//2424 2756//2414 
f 2763//2424 2762//2423 2755//2412 
f 2762//2423 2761//2422 2754//2410 
f 2761//2422 2760//2421 2753//2408 
f 2760//2421 2759//2420 2752//2406 
f 2759//2420 2758//2419 2751//2404 
f 2758//2419 2757//2418 2750//2402 
f 2757//2418 2736//2426 2735//2417 
f 2709//2416 2756//2414 2734//2413 
f 2756//2414 2755//2412 2733//2411 
f 2755//2412 2754//2410 2732//2409 
f 2754//2410 2753//2408 2731//2407 
f 2753//2408 2752//2406 2730//2405 
f 2752//2406 2751//2404 2729//2403 
f 2751//2404 2750//2402 2728//2401 
f 2750//2402 2735//2417 2727//2400 
o mesh170
f 2710//2473 2799//2473 2673//2473 
f 2799//2473 2800//2473 2674//2473 
f 2674//2473 2673//2473 2799//2473 
f 2718//2473 2708//2473 2674//2473 
f 2674//2473 2800//2473 2718//2473 
f 2673//2473 2699//2473 2710//2473 
o mesh171
f 2718//2473 2801//2474 2824//2475 
f 2801//2474 2802//2476 2825//2477 
f 2802//2476 2803//2478 2826//2479 
f 2803//2478 2804//2480 2827//2481 
f 2804//2480 2805//2482 2828//2483 
f 2805//2482 2806//2484 2829//2485 
f 2806//2484 2807//2486 2830//2487 
f 2807//2486 2808//2488 2809//2489 
f 2719//2490 2824//2475 2831//2491 
f 2824//2475 2825//2477 2832//2492 
f 2825//2477 2826//2479 2833//2493 
f 2826//2479 2827//2481 2834//2494 
f 2827//2481 2828//2483 2835//2495 
f 2828//2483 2829//2485 2836//2496 
f 2829//2485 2830//2487 2837//2497 
f 2830//2487 2809//2489 2810//2498 
f 2720//2499 2831//2491 2838//2500 
f 2831//2491 2832//2492 2839//2501 
f 2832//2492 2833//2493 2840//2502 
f 2833//2493 2834//2494 2841//2503 
f 2834//2494 2835//2495 2842//2504 
f 2835//2495 2836//2496 2843//2505 
f 2836//2496 2837//2497 2844//2506 
f 2837//2497 2810//2498 2811//2507 
f 2721//2508 2838//2500 2845//2509 
f 2838//2500 2839//2501 2846//2510 
f 2839//2501 2840//2502 2847//2511 
f 2840//2502 2841//2503 2848//2512 
f 2841//2503 2842//2504 2849//2513 
f 2842//2504 2843//2505 2850//2514 
f 2843//2505 2844//2506 2851//2515 
f 2844//2506 2811//2507 2812//2516 
f 2722//2517 2845//2509 2852//2518 
f 2845//2509 2846//2510 2853//2519 
f 2846//2510 2847//2511 2854//2520 
f 2847//2511 2848//2512 2855//2521 
f 2848//2512 2849//2513 2856//2522 
f 2849//2513 2850//2514 2857//2523 
f 2850//2514 2851//2515 2858//2524 
f 2851//2515 2812//2516 2813//2525 
f 2723//2526 2852//2518 2859//2527 
f 2852//2518 2853//2519 2860//2528 
f 2853//2519 2854//2520 2861//2529 
f 2854//2520 2855//2521 2862//2530 
f 2855//2521 2856//2522 2863//2531 
f 2856//2522 2857//2523 2864//2532 
f 2857//2523 2858//2524 2865//2533 
f 2858//2524 2813//2525 2814//2534 
f 2724//2535 2859//2527 2866//2536 
f 2859//2527 2860//2528 2867//2537 
f 2860//2528 2861//2529 2868//2538 
f 2861//2529 2862//2530 2869//2539 
f 2862//2530 2863//2531 2870//2540 
f 2863//2531 2864//2532 2871//2541 
f 2864//2532 2865//2533 2872//2542 
f 2865//2533 2814//2534 2815//2543 
f 2725//2544 2866//2536 2816//2545 
f 2866//2536 2867//2537 2817//2545 
f 2867//2537 2868//2538 2818//2545 
f 2868//2538 2869//2539 2819//2545 
f 2869//2539 2870//2540 2820//2545 
f 2870//2540 2871//2541 2821//2545 
f 2871//2541 2872//2542 2822//2545 
f 2872//2542 2815//2543 2823//2545 
f 2823//2545 2822//2545 2872//2542 
f 2822//2545 2821//2545 2871//2541 
f 2821//2545 2820//2545 2870//2540 
f 2820//2545 2819//2545 2869//2539 
f 2819//2545 2818//2545 2868//2538 
f 2818//2545 2817//2545 2867//2537 
f 2817//2545 2816//2545 2866//2536 
f 2816//2545 2726//2545 2725//2544 
f 2815//2543 2872//2542 2865//2533 
f 2872//2542 2871//2541 2864//2532 
f 2871//2541 2870//2540 2863//2531 
f 2870//2540 2869//2539 2862//2530 
f 2869//2539 2868//2538 2861//2529 
f 2868//2538 2867//2537 2860//2528 
f 2867//2537 2866//2536 2859//2527 
f 2866//2536 2725//2544 2724//2535 
f 2814//2534 2865//2533 2858//2524 
f 2865//2533 2864//2532 2857//2523 
f 2864//2532 2863//2531 2856//2522 
f 2863//2531 2862//2530 2855//2521 
f 2862//2530 2861//2529 2854//2520 
f 2861//2529 2860//2528 2853//2519 
f 2860//2528 2859//2527 2852//2518 
f 2859//2527 2724//2535 2723//2526 
f 2813//2525 2858//2524 2851//2515 
f 2858//2524 2857//2523 2850//2514 
f 2857//2523 2856//2522 2849//2513 
f 2856//2522 2855//2521 2848//2512 
f 2855//2521 2854//2520 2847//2511 
f 2854//2520 2853//2519 2846//2510 
f 2853//2519 2852//2518 2845//2509 
f 2852//2518 2723//2526 2722//2517 
f 2812//2516 2851//2515 2844//2506 
f 2851//2515 2850//2514 2843//2505 
f 2850//2514 2849//2513 2842//2504 
f 2849//2513 2848//2512 2841//2503 
f 2848//2512 2847//2511 2840//2502 
f 2847//2511 2846//2510 2839//2501 
f 2846//2510 2845//2509 2838//2500 
f 2845//2509 2722//2517 2721//2508 
f 2811//2507 2844//2506 2837//2497 
f 2844//2506 2843//2505 2836//2496 
f 2843//2505 2842//2504 2835//2495 
f 2842//2504 2841//2503 2834//2494 
f 2841//2503 2840//2502 2833//2493 
f 2840//2502 2839//2501 2832//2492 
f 2839//2501 2838//2500 2831//2491 
f 2838//2500 2721//2508 2720//2499 
f 2810//2498 2837//2497 2830//2487 
f 2837//2497 2836//2496 2829//2485 
f 2836//2496 2835//2495 2828//2483 
f 2835//2495 2834//2494 2827//2481 
f 2834//2494 2833//2493 2826//2479 
f 2833//2493 2832//2492 2825//2477 
f 2832//2492 2831//2491 2824//2475 
f 2831//2491 2720//2499 2719//2490 
f 2809//2489 2830//2487 2807//2486 
f 2830//2487 2829//2485 2806//2484 
f 2829//2485 2828//2483 2805//2482 
f 2828//2483 2827//2481 2804//2480 
f 2827//2481 2826//2479 2803//2478 
f 2826//2479 2825//2477 2802//2476 
f 2825//2477 2824//2475 2801//2474 
f 2824//2475 2719//2490 2718//2473 
o mesh172
f 2801//2546 2718//2547 2800//2547 
f 2802//2548 2801//2546 2873//2549 
f 2803//2550 2802//2548 2874//2551 
f 2804//2552 2803//2550 2875//2553 
f 2805//2554 2804//2552 2876//2555 
f 2806//2556 2805//2554 2877//2557 
f 2807//2558 2806//2556 2878//2559 
f 2808//2560 2807//2558 2879//2561 
f 2879//2561 2880//2560 2808//2560 
f 2878//2559 2879//2561 2807//2558 
f 2877//2557 2878//2559 2806//2556 
f 2876//2555 2877//2557 2805//2554 
f 2875//2553 2876//2555 2804//2552 
f 2874//2551 2875//2553 2803//2550 
f 2873//2549 2874//2551 2802//2548 
f 2800//2547 2873//2549 2801//2546 
o mesh173
f 2809//2562 2808//2563 2881//2563 
f 2810//2564 2809//2562 2882//2565 
f 2811//2566 2810//2564 2883//2567 
f 2812//2568 2811//2566 2884//2569 
f 2813//2570 2812//2568 2885//2571 
f 2814//2572 2813//2570 2886//2573 
f 2815//2574 2814//2572 2887//2575 
f 2823//2576 2815//2574 2888//2577 
f 2888//2577 2889//2576 2823//2576 
f 2887//2575 2888//2577 2815//2574 
f 2886//2573 2887//2575 2814//2572 
f 2885//2571 2886//2573 2813//2570 
f 2884//2569 2885//2571 2812//2568 
f 2883//2567 2884//2569 2811//2566 
f 2882//2565 2883//2567 2810//2564 
f 2881//2563 2882//2565 2809//2562 
o mesh174
f 2880//2578 2890//2578 2881//2578 
f 2881//2578 2808//2578 2880//2578 
o mesh175
f 2881//2578 2891//2579 2914//2580 
f 2891//2579 2892//2581 2915//2582 
f 2892//2581 2893//2583 2916//2584 
f 2893//2583 2894//2585 2917//2586 
f 2894//2585 2895//2587 2918//2588 
f 2895//2587 2896//2589 2919//2590 
f 2896//2589 2897//2591 2920//2592 
f 2897//2591 2898//2593 2899//2594 
f 2882//2595 2914//2580 2921//2596 
f 2914//2580 2915//2582 2922//2597 
f 2915//2582 2916//2584 2923//2598 
f 2916//2584 2917//2586 2924//2599 
f 2917//2586 2918//2588 2925//2600 
f 2918//2588 2919//2590 2926//2601 
f 2919//2590 2920//2592 2927//2602 
f 2920//2592 2899//2594 2900//2603 
f 2883//2604 2921//2596 2928//2605 
f 2921//2596 2922//2597 2929//2606 
f 2922//2597 2923//2598 2930//2607 
f 2923//2598 2924//2599 2931//2608 
f 2924//2599 2925//2600 2932//2609 
f 2925//2600 2926//2601 2933//2610 
f 2926//2601 2927//2602 2934//2611 
f 2927//2602 2900//2603 2901//2612 
f 2884//2613 2928//2605 2935//2614 
f 2928//2605 2929//2606 2936//2615 
f 2929//2606 2930//2607 2937//2616 
f 2930//2607 2931//2608 2938//2617 
f 2931//2608 2932//2609 2939//2618 
f 2932//2609 2933//2610 2940//2619 
f 2933//2610 2934//2611 2941//2620 
f 2934//2611 2901//2612 2902//2621 
f 2885//2622 2935//2614 2942//2623 
f 2935//2614 2936//2615 2943//2624 
f 2936//2615 2937//2616 2944//2625 
f 2937//2616 2938//2617 2945//2626 
f 2938//2617 2939//2618 2946//2627 
f 2939//2618 2940//2619 2947//2628 
f 2940//2619 2941//2620 2948//2629 
f 2941//2620 2902//2621 2903//2630 
f 2886//2631 2942//2623 2949//2632 
f 2942//2623 2943//2624 2950//2633 
f 2943//2624 2944//2625 2951//2634 
f 2944//2625 2945//2626 2952//2635 
f 2945//2626 2946//2627 2953//2636 
f 2946//2627 2947//2628 2954//2637 
f 2947//2628 2948//2629 2955//2638 
f 2948//2629 2903//2630 2904//2639 
f 2887//2640 2949//2632 2956//2641 
f 2949//2632 2950//2633 2957//2642 
f 2950//2633 2951//2634 2958//2643 
f 2951//2634 2952//2635 2959//2644 
f 2952//2635 2953//2636 2960//2645 
f 2953//2636 2954//2637 2961//2646 
f 2954//2637 2955//2638 2962//2647 
f 2955//2638 2904//2639 2905//2648 
f 2888//2649 2956//2641 2906//2650 
f 2956//2641 2957//2642 2907//2650 
f 2957//2642 2958//2643 2908//2650 
f 2958//2643 2959//2644 2909//2650 
f 2959//2644 2960//2645 2910//2650 
f 2960//2645 2961//2646 2911//2650 
f 2961//2646 2962//2647 2912//2650 
f 2962//2647 2905//2648 2913//2650 
f 2913//2650 2912//2650 2962//2647 
f 2912//2650 2911//2650 2961//2646 
f 2911//2650 2910//2650 2960//2645 
f 2910//2650 2909//2650 2959//2644 
f 2909//2650 2908//2650 2958//2643 
f 2908//2650 2907//2650 2957//2642 
f 2907//2650 2906//2650 2956//2641 
f 2906//2650 2889//2650 2888//2649 
f 2905//2648 2962//2647 2955//2638 
f 2962//2647 2961//2646 2954//2637 
f 2961//2646 2960//2645 2953//2636 
f 2960//2645 2959//2644 2952//2635 
f 2959//2644 2958//2643 2951//2634 
f 2958//2643 2957//2642 2950//2633 
f 2957//2642 2956//2641 2949//2632 
f 2956//2641 2888//2649 2887//2640 
f 2904//2639 2955//2638 2948//2629 
f 2955//2638 2954//2637 2947//2628 
f 2954//2637 2953//2636 2946//2627 
f 2953//2636 2952//2635 2945//2626 
f 2952//2635 2951//2634 2944//2625 
f 2951//2634 2950//2633 2943//2624 
f 2950//2633 2949//2632 2942//2623 
f 2949//2632 2887//2640 2886//2631 
f 2903//2630 2948//2629 2941//2620 
f 2948//2629 2947//2628 2940//2619 
f 2947//2628 2946//2627 2939//2618 
f 2946//2627 2945//2626 2938//2617 
f 2945//2626 2944//2625 2937//2616 
f 2944//2625 2943//2624 2936//2615 
f 2943//2624 2942//2623 2935//2614 
f 2942//2623 2886//2631 2885//2622 
f 2902//2621 2941//2620 2934//2611 
f 2941//2620 2940//2619 2933//2610 
f 2940//2619 2939//2618 2932//2609 
f 2939//2618 2938//2617 2931//2608 
f 2938//2617 2937//2616 2930//2607 
f 2937//2616 2936//2615 2929//2606 
f 2936//2615 2935//2614 2928//2605 
f 2935//2614 2885//2622 2884//2613 
f 2901//2612 2934//2611 2927//2602 
f 2934//2611 2933//2610 2926//2601 
f 2933//2610 2932//2609 2925//2600 
f 2932//2609 2931//2608 2924//2599 
f 2931//2608 2930//2607 2923//2598 
f 2930//2607 2929//2606 2922//2597 
f 2929//2606 2928//2605 2921//2596 
f 2928//2605 2884//2613 2883//2604 
f 2900//2603 2927//2602 2920//2592 
f 2927//2602 2926//2601 2919//2590 
f 2926//2601 2925//2600 2918//2588 
f 2925//2600 2924//2599 2917//2586 
f 2924//2599 2923//2598 2916//2584 
f 2923//2598 2922//2597 2915//2582 
f 2922//2597 2921//2596 2914//2580 
f 2921//2596 2883//2604 2882//2595 
f 2899//2594 2920//2592 2897//2591 
f 2920//2592 2919//2590 2896//2589 
f 2919//2590 2918//2588 2895//2587 
f 2918//2588 2917//2586 2894//2585 
f 2917//2586 2916//2584 2893//2583 
f 2916//2584 2915//2582 2892//2581 
f 2915//2582 2914//2580 2891//2579 
f 2914//2580 2882//2595 2881//2578 
o mesh176
f 2680//2650 2963//2650 2964//2650 
f 2680//2650 2965//2650 2966//2650 
f 2680//2650 2967//2650 2968//2650 
f 2964//2650 2969//2650 2680//2650 
f 2680//2650 2970//2650 2965//2650 
f 2687//2650 2910//2650 2911//2650 
f 2680//2650 2971//2650 2967//2650 
f 2966//2650 2963//2650 2680//2650 
f 2717//2650 2746//2650 2747//2650 
f 2717//2650 2743//2650 2744//2650 
f 2687//2650 2906//2650 2907//2650 
f 2687//2650 2688//2650 2889//2650 
f 2687//2650 2912//2650 2913//2650 
f 2687//2650 2909//2650 2910//2650 
f 2969//2650 2971//2650 2680//2650 
f 2717//2650 2745//2650 2746//2650 
f 2717//2650 2742//2650 2743//2650 
f 2816//2650 2817//2650 2818//2650 
f 2889//2650 2688//2650 2689//2650 
f 2889//2650 2906//2650 2687//2650 
f 2911//2650 2912//2650 2687//2650 
f 2913//2650 2970//2650 2683//2650 
f 2968//2650 2679//2650 2680//2650 
f 2968//2650 2749//2650 2677//2650 
f 2744//2650 2745//2650 2717//2650 
f 2726//2650 2820//2650 2821//2650 
f 2818//2650 2819//2650 2816//2650 
f 2907//2650 2908//2650 2687//2650 
f 2687//2650 2908//2650 2909//2650 
f 2970//2650 2682//2650 2683//2650 
f 2680//2650 2681//2650 2970//2650 
f 2749//2650 2676//2650 2677//2650 
f 2675//2650 2749//2650 2717//2650 
f 2717//2650 2749//2650 2742//2650 
f 2821//2650 2822//2650 2726//2650 
f 2820//2650 2726//2650 2816//2650 
f 2913//2650 2686//2650 2687//2650 
f 2681//2650 2682//2650 2970//2650 
f 2677//2650 2678//2650 2968//2650 
f 2747//2650 2748//2650 2717//2650 
f 2819//2650 2820//2650 2816//2650 
f 2690//2650 2703//2650 2726//2650 
f 2913//2650 2685//2650 2686//2650 
f 2678//2650 2679//2650 2968//2650 
f 2717//2650 2691//2650 2675//2650 
f 2726//2650 2823//2650 2690//2650 
f 2913//2650 2684//2650 2685//2650 
f 2675//2650 2676//2650 2749//2650 
f 2823//2650 2689//2650 2690//2650 
f 2683//2650 2684//2650 2913//2650 
f 2689//2650 2823//2650 2889//2650 
f 2822//2650 2823//2650 2726//2650 
o mesh177
f 2972//2651 2973//2652 2727//2652 
f 2974//2653 2972//2651 2735//2654 
f 2975//2655 2974//2653 2736//2656 
f 2976//2657 2975//2655 2737//2658 
f 2977//2659 2976//2657 2738//2660 
f 2978//2661 2977//2659 2739//2662 
f 2979//2663 2978//2661 2740//2664 
f 2968//2665 2979//2663 2741//2666 
f 2741//2666 2749//2665 2968//2665 
f 2740//2664 2741//2666 2979//2663 
f 2739//2662 2740//2664 2978//2661 
f 2738//2660 2739//2662 2977//2659 
f 2737//2658 2738//2660 2976//2657 
f 2736//2656 2737//2658 2975//2655 
f 2735//2654 2736//2656 2974//2653 
f 2727//2652 2735//2654 2972//2651 
o mesh178
f 2728//2667 2727//2668 2980//2668 
f 2729//2669 2728//2667 2981//2670 
f 2730//2671 2729//2669 2982//2672 
f 2731//2673 2730//2671 2983//2674 
f 2732//2675 2731//2673 2984//2676 
f 2733//2677 2732//2675 2985//2678 
f 2734//2679 2733//2677 2986//2680 
f 2710//2681 2734//2679 2987//2682 
f 2987//2682 2799//2681 2710//2681 
f 2986//2680 2987//2682 2734//2679 
f 2985//2678 2986//2680 2733//2677 
f 2984//2676 2985//2678 2732//2675 
f 2983//2674 2984//2676 2731//2673 
f 2982//2672 2983//2674 2730//2671 
f 2981//2670 2982//2672 2729//2669 
f 2980//2668 2981//2670 2728//2667 
o mesh179
f 2988//2683 2989//2684 3003//2685 
f 2989//2684 2990//2686 3004//2687 
f 2990//2686 2991//2688 3005//2689 
f 2991//2688 2992//2690 3006//2691 
f 2992//2690 2993//2692 3007//2693 
f 2993//2692 2994//2694 3008//2695 
f 2994//2694 2995//2696 3009//2697 
f 2995//2696 2973//2698 2972//2699 
f 2996//2700 3003//2685 3010//2701 
f 3003//2685 3004//2687 3011//2702 
f 3004//2687 3005//2689 3012//2703 
f 3005//2689 3006//2691 3013//2704 
f 3006//2691 3007//2693 3014//2705 
f 3007//2693 3008//2695 3015//2706 
f 3008//2695 3009//2697 3016//2707 
f 3009//2697 2972//2699 2974//2708 
f 2997//2709 3010//2701 3017//2710 
f 3010//2701 3011//2702 3018//2711 
f 3011//2702 3012//2703 3019//2712 
f 3012//2703 3013//2704 3020//2713 
f 3013//2704 3014//2705 3021//2714 
f 3014//2705 3015//2706 3022//2715 
f 3015//2706 3016//2707 3023//2716 
f 3016//2707 2974//2708 2975//2717 
f 2998//2718 3017//2710 3024//2719 
f 3017//2710 3018//2711 3025//2720 
f 3018//2711 3019//2712 3026//2721 
f 3019//2712 3020//2713 3027//2722 
f 3020//2713 3021//2714 3028//2723 
f 3021//2714 3022//2715 3029//2724 
f 3022//2715 3023//2716 3030//2725 
f 3023//2716 2975//2717 2976//2726 
f 2999//2727 3024//2719 3031//2728 
f 3024//2719 3025//2720 3032//2729 
f 3025//2720 3026//2721 3033//2730 
f 3026//2721 3027//2722 3034//2731 
f 3027//2722 3028//2723 3035//2732 
f 3028//2723 3029//2724 3036//2733 
f 3029//2724 3030//2725 3037//2734 
f 3030//2725 2976//2726 2977//2735 
f 3000//2736 3031//2728 3038//2737 
f 3031//2728 3032//2729 3039//2738 
f 3032//2729 3033//2730 3040//2739 
f 3033//2730 3034//2731 3041//2740 
f 3034//2731 3035//2732 3042//2741 
f 3035//2732 3036//2733 3043//2742 
f 3036//2733 3037//2734 3044//2743 
f 3037//2734 2977//2735 2978//2744 
f 3001//2745 3038//2737 3045//2746 
f 3038//2737 3039//2738 3046//2747 
f 3039//2738 3040//2739 3047//2748 
f 3040//2739 3041//2740 3048//2749 
f 3041//2740 3042//2741 3049//2750 
f 3042//2741 3043//2742 3050//2751 
f 3043//2742 3044//2743 3051//2752 
f 3044//2743 2978//2744 2979//2753 
f 3002//2754 3045//2746 2965//2755 
f 3045//2746 3046//2747 2966//2755 
f 3046//2747 3047//2748 2963//2755 
f 3047//2748 3048//2749 2964//2755 
f 3048//2749 3049//2750 2969//2755 
f 3049//2750 3050//2751 2971//2755 
f 3050//2751 3051//2752 2967//2755 
f 3051//2752 2979//2753 2968//2755 
f 2968//2755 2967//2755 3051//2752 
f 2967//2755 2971//2755 3050//2751 
f 2971//2755 2969//2755 3049//2750 
f 2969//2755 2964//2755 3048//2749 
f 2964//2755 2963//2755 3047//2748 
f 2963//2755 2966//2755 3046//2747 
f 2966//2755 2965//2755 3045//2746 
f 2965//2755 2970//2755 3002//2754 
f 2979//2753 3051//2752 3044//2743 
f 3051//2752 3050//2751 3043//2742 
f 3050//2751 3049//2750 3042//2741 
f 3049//2750 3048//2749 3041//2740 
f 3048//2749 3047//2748 3040//2739 
f 3047//2748 3046//2747 3039//2738 
f 3046//2747 3045//2746 3038//2737 
f 3045//2746 3002//2754 3001//2745 
f 2978//2744 3044//2743 3037//2734 
f 3044//2743 3043//2742 3036//2733 
f 3043//2742 3042//2741 3035//2732 
f 3042//2741 3041//2740 3034//2731 
f 3041//2740 3040//2739 3033//2730 
f 3040//2739 3039//2738 3032//2729 
f 3039//2738 3038//2737 3031//2728 
f 3038//2737 3001//2745 3000//2736 
f 2977//2735 3037//2734 3030//2725 
f 3037//2734 3036//2733 3029//2724 
f 3036//2733 3035//2732 3028//2723 
f 3035//2732 3034//2731 3027//2722 
f 3034//2731 3033//2730 3026//2721 
f 3033//2730 3032//2729 3025//2720 
f 3032//2729 3031//2728 3024//2719 
f 3031//2728 3000//2736 2999//2727 
f 2976//2726 3030//2725 3023//2716 
f 3030//2725 3029//2724 3022//2715 
f 3029//2724 3028//2723 3021//2714 
f 3028//2723 3027//2722 3020//2713 
f 3027//2722 3026//2721 3019//2712 
f 3026//2721 3025//2720 3018//2711 
f 3025//2720 3024//2719 3017//2710 
f 3024//2719 2999//2727 2998//2718 
f 2975//2717 3023//2716 3016//2707 
f 3023//2716 3022//2715 3015//2706 
f 3022//2715 3021//2714 3014//2705 
f 3021//2714 3020//2713 3013//2704 
f 3020//2713 3019//2712 3012//2703 
f 3019//2712 3018//2711 3011//2702 
f 3018//2711 3017//2710 3010//2701 
f 3017//2710 2998//2718 2997//2709 
f 2974//2708 3016//2707 3009//2697 
f 3016//2707 3015//2706 3008//2695 
f 3015//2706 3014//2705 3007//2693 
f 3014//2705 3013//2704 3006//2691 
f 3013//2704 3012//2703 3005//2689 
f 3012//2703 3011//2702 3004//2687 
f 3011//2702 3010//2701 3003//2685 
f 3010//2701 2997//2709 2996//2700 
f 2972//2699 3009//2697 2995//2696 
f 3009//2697 3008//2695 2994//2694 
f 3008//2695 3007//2693 2993//2692 
f 3007//2693 3006//2691 2992//2690 
f 3006//2691 3005//2689 2991//2688 
f 3005//2689 3004//2687 2990//2686 
f 3004//2687 3003//2685 2989//2684 
f 3003//2685 2996//2700 2988//2683 
o mesh180
f 3052//2756 2980//2756 2727//2756 
f 2727//2756 2973//2756 3052//2756 
o mesh181
f 2899//2757 2898//2758 2988//2758 
f 2900//2759 2899//2757 2996//2760 
f 2901//2761 2900//2759 2997//2762 
f 2902//2763 2901//2761 2998//2764 
f 2903//2765 2902//2763 2999//2766 
f 2904//2767 2903//2765 3000//2768 
f 2905//2769 2904//2767 3001//2770 
f 2913//2771 2905//2769 3002//2772 
f 3002//2772 2970//2771 2913//2771 
f 3001//2770 3002//2772 2905//2769 
f 3000//2768 3001//2770 2904//2767 
f 2999//2766 3000//2768 2903//2765 
f 2998//2764 2999//2766 2902//2763 
f 2997//2762 2998//2764 2901//2761 
f 2996//2760 2997//2762 2900//2759 
f 2988//2758 2996//2760 2899//2757 
o mesh182
f 2989//2773 2988//2774 3053//2774 
f 2990//2775 2989//2773 3054//2776 
f 2991//2777 2990//2775 3055//2778 
f 2992//2779 2991//2777 3056//2780 
f 2993//2781 2992//2779 3057//2782 
f 2994//2783 2993//2781 3058//2784 
f 2995//2785 2994//2783 3059//2786 
f 2973//2787 2995//2785 3060//2788 
f 3060//2788 3052//2787 2973//2787 
f 3059//2786 3060//2788 2995//2785 
f 3058//2784 3059//2786 2994//2783 
f 3057//2782 3058//2784 2993//2781 
f 3056//2780 3057//2782 2992//2779 
f 3055//2778 3056//2780 2991//2777 
f 3054//2776 3055//2778 2990//2775 
f 3053//2774 3054//2776 2989//2773 
o mesh183
f 3061//2789 3053//2789 2988//2789 
f 2988//2789 2898//2789 3061//2789 
o mesh184
f 2891//2790 2881//2791 2890//2791 
f 2892//2792 2891//2790 3062//2793 
f 2893//2794 2892//2792 3063//2795 
f 2894//2796 2893//2794 3064//2797 
f 2895//2798 2894//2796 3065//2799 
f 2896//2800 2895//2798 3066//2801 
f 2897//2802 2896//2800 3067//2803 
f 2898//2804 2897//2802 3068//2805 
f 3068//2805 3061//2804 2898//2804 
f 3067//2803 3068//2805 2897//2802 
f 3066//2801 3067//2803 2896//2800 
f 3065//2799 3066//2801 2895//2798 
f 3064//2797 3065//2799 2894//2796 
f 3063//2795 3064//2797 2893//2794 
f 3062//2793 3063//2795 2892//2792 
f 2890//2791 3062//2793 2891//2790 
o mesh185
f 3069//2806 3070//2806 3058//2806 
f 2873//2806 3071//2806 3072//2806 
f 3073//2806 3055//2806 3054//2806 
f 3074//2806 3056//2806 3055//2806 
f 3075//2806 3057//2806 3056//2806 
f 3057//2806 3075//2806 3069//2806 
f 2873//2806 3076//2806 3071//2806 
f 3077//2806 2876//2806 2875//2806 
f 3078//2806 3079//2806 3061//2806 
f 3053//2806 3061//2806 3079//2806 
f 3055//2806 3073//2806 3074//2806 
f 3058//2806 3057//2806 3069//2806 
f 3070//2806 3080//2806 3059//2806 
f 3080//2806 3081//2806 3060//2806 
f 3082//2806 2873//2806 2800//2806 
f 2873//2806 3083//2806 3076//2806 
f 2875//2806 3084//2806 3077//2806 
f 3085//2806 3086//2806 2877//2806 
f 3079//2806 3087//2806 3053//2806 
f 3088//2806 3054//2806 3053//2806 
f 3056//2806 3074//2806 3075//2806 
f 3060//2806 3059//2806 3080//2806 
f 3081//2806 3089//2806 3052//2806 
f 2980//2806 3052//2806 3089//2806 
f 2800//2806 3090//2806 3091//2806 
f 2873//2806 3092//2806 3083//2806 
f 3084//2806 2875//2806 2874//2806 
f 2877//2806 2876//2806 3085//2806 
f 3053//2806 3087//2806 3088//2806 
f 3059//2806 3058//2806 3070//2806 
f 3089//2806 3093//2806 2980//2806 
f 3094//2806 2981//2806 2980//2806 
f 3095//2806 3090//2806 2799//2806 
f 2800//2806 3091//2806 3082//2806 
f 2873//2806 3082//2806 3092//2806 
f 3096//2806 2874//2806 2873//2806 
f 3077//2806 3085//2806 2876//2806 
f 3086//2806 3097//2806 2878//2806 
f 3098//2806 3099//2806 2880//2806 
f 2890//2806 2880//2806 3099//2806 
f 3100//2806 3101//2806 3067//2806 
f 3101//2806 3078//2806 3068//2806 
f 3054//2806 3088//2806 3073//2806 
f 2980//2806 3093//2806 3094//2806 
f 3102//2806 2982//2806 2981//2806 
f 3103//2806 2983//2806 2982//2806 
f 3104//2806 2984//2806 2983//2806 
f 3105//2806 3106//2806 2985//2806 
f 3106//2806 3107//2806 2986//2806 
f 3107//2806 3095//2806 2987//2806 
f 2800//2806 2799//2806 3090//2806 
f 2873//2806 3108//2806 3096//2806 
f 2878//2806 2877//2806 3086//2806 
f 3097//2806 3098//2806 2879//2806 
f 3099//2806 3109//2806 2890//2806 
f 3110//2806 3064//2806 3063//2806 
f 3111//2806 3065//2806 3064//2806 
f 3112//2806 3100//2806 3066//2806 
f 3068//2806 3067//2806 3101//2806 
f 3052//2806 3060//2806 3081//2806 
f 2982//2806 3102//2806 3103//2806 
f 2983//2806 3103//2806 3104//2806 
f 2986//2806 2985//2806 3106//2806 
f 2799//2806 2987//2806 3095//2806 
f 2874//2806 3096//2806 3084//2806 
f 2880//2806 2879//2806 3098//2806 
f 3113//2806 3063//2806 3062//2806 
f 3064//2806 3110//2806 3111//2806 
f 3065//2806 3111//2806 3112//2806 
f 3061//2806 3068//2806 3078//2806 
f 3104//2806 3105//2806 2984//2806 
f 2987//2806 2986//2806 3107//2806 
f 2879//2806 2878//2806 3097//2806 
f 3114//2806 3062//2806 2890//2806 
f 3063//2806 3113//2806 3110//2806 
f 3067//2806 3066//2806 3100//2806 
f 2985//2806 2984//2806 3105//2806 
f 3082//2806 3115//2806 3092//2806 
f 3062//2806 3114//2806 3113//2806 
f 2981//2806 3094//2806 3102//2806 
f 3083//2806 3116//2806 3076//2806 
f 3066//2806 3065//2806 3112//2806 
f 2890//2806 3109//2806 3114//2806 
f 3072//2806 3108//2806 2873//2806 
o mesh186
f 3072//2807 3117//2807 3118//2808 
f 3108//2808 3118//2808 3119//2809 
f 3096//2809 3119//2809 3120//2810 
f 3084//2810 3120//2810 3121//2811 
f 3077//2811 3121//2811 3122//2812 
f 3085//2812 3122//2812 3123//2813 
f 3086//2813 3123//2813 3124//2814 
f 3097//2814 3124//2814 3125//2815 
f 3098//2815 3125//2815 3126//2816 
f 3126//2816 3099//2816 3098//2815 
f 3125//2815 3098//2815 3097//2814 
f 3124//2814 3097//2814 3086//2813 
f 3123//2813 3086//2813 3085//2812 
f 3122//2812 3085//2812 3077//2811 
f 3121//2811 3077//2811 3084//2810 
f 3120//2810 3084//2810 3096//2809 
f 3119//2809 3096//2809 3108//2808 
f 3118//2808 3108//2808 3072//2807 
o mesh187
f 3109//2816 3127//2816 3128//2817 
f 3114//2817 3128//2817 3129//2818 
f 3113//2818 3129//2818 3130//2819 
f 3110//2819 3130//2819 3131//2820 
f 3111//2820 3131//2820 3132//2821 
f 3112//2821 3132//2821 3133//2822 
f 3100//2822 3133//2822 3134//2823 
f 3101//2823 3134//2823 3135//2824 
f 3078//2824 3135//2824 3136//2825 
f 3136//2825 3079//2825 3078//2824 
f 3135//2824 3078//2824 3101//2823 
f 3134//2823 3101//2823 3100//2822 
f 3133//2822 3100//2822 3112//2821 
f 3132//2821 3112//2821 3111//2820 
f 3131//2820 3111//2820 3110//2819 
f 3130//2819 3110//2819 3113//2818 
f 3129//2818 3113//2818 3114//2817 
f 3128//2817 3114//2817 3109//2816 
o mesh188
f 3109//2826 3099//2826 3137//2826 
f 3137//2826 3138//2826 3109//2826 
f 3099//2826 3126//2826 3137//2826 
f 3138//2826 3127//2826 3109//2826 
o mesh189
f 3087//2825 3139//2825 3140//2827 
f 3088//2827 3140//2827 3141//2828 
f 3073//2828 3141//2828 3142//2829 
f 3074//2829 3142//2829 3143//2830 
f 3075//2830 3143//2830 3144//2831 
f 3069//2831 3144//2831 3145//2832 
f 3070//2832 3145//2832 3146//2833 
f 3080//2833 3146//2833 3147//2834 
f 3081//2834 3147//2834 3148//2835 
f 3148//2835 3089//2835 3081//2834 
f 3147//2834 3081//2834 3080//2833 
f 3146//2833 3080//2833 3070//2832 
f 3145//2832 3070//2832 3069//2831 
f 3144//2831 3069//2831 3075//2830 
f 3143//2830 3075//2830 3074//2829 
f 3142//2829 3074//2829 3073//2828 
f 3141//2828 3073//2828 3088//2827 
f 3140//2827 3088//2827 3087//2825 
o mesh190
f 3093//2835 3149//2835 3150//2836 
f 3094//2836 3150//2836 3151//2837 
f 3102//2837 3151//2837 3152//2838 
f 3103//2838 3152//2838 3153//2839 
f 3104//2839 3153//2839 3154//2840 
f 3105//2840 3154//2840 3155//2841 
f 3106//2841 3155//2841 3156//2842 
f 3107//2842 3156//2842 3157//2843 
f 3095//2843 3157//2843 3158//2844 
f 3158//2844 3090//2844 3095//2843 
f 3157//2843 3095//2843 3107//2842 
f 3156//2842 3107//2842 3106//2841 
f 3155//2841 3106//2841 3105//2840 
f 3154//2840 3105//2840 3104//2839 
f 3153//2839 3104//2839 3103//2838 
f 3152//2838 3103//2838 3102//2837 
f 3151//2837 3102//2837 3094//2836 
f 3150//2836 3094//2836 3093//2835 
o mesh191
f 3093//2845 3089//2845 3159//2845 
f 3159//2845 3160//2845 3093//2845 
f 3089//2845 3148//2845 3159//2845 
f 3160//2845 3149//2845 3093//2845 
o mesh192
f 3087//2846 3161//2846 3162//2846 
f 3079//2846 3163//2846 3161//2846 
f 3161//2846 3087//2846 3079//2846 
f 3079//2846 3136//2846 3163//2846 
f 3162//2846 3139//2846 3087//2846 
o mesh193
f 3071//2847 3164//2847 3165//2847 
f 3165//2847 3072//2847 3071//2847 
f 3165//2847 3117//2847 3072//2847 
o mesh194
f 3083//2847 3092//2847 3166//2847 
f 3092//2847 3167//2847 3166//2847 
f 3166//2847 3168//2847 3083//2847 
o mesh195
f 3091//2847 3090//2847 3169//2847 
f 3090//2847 3158//2847 3169//2847 
f 3169//2847 3170//2847 3091//2847 
o mesh196
f 3115//2848 3171//2848 3167//2848 
f 3167//2848 3092//2848 3115//2848 
o mesh197
f 3172//2847 3173//2847 3115//2847 
f 3173//2847 3171//2847 3115//2847 
f 3115//2847 3174//2847 3172//2847 
o mesh198
f 3175//2849 3172//2849 3174//2849 
f 3174//2849 3176//2849 3175//2849 
o mesh199
f 3175//2850 3176//2850 3082//2850 
f 3082//2850 3091//2850 3175//2850 
o mesh200
f 3177//2851 3178//2851 3091//2851 
f 3173//2851 3179//2851 3180//2851 
f 3172//2851 3181//2851 3179//2851 
f 3175//2851 3182//2851 3183//2851 
f 3091//2851 3170//2851 3177//2851 
f 3173//2851 3184//2851 3185//2851 
f 3179//2851 3173//2851 3172//2851 
f 3172//2851 3186//2851 3187//2851 
f 3175//2851 3188//2851 3189//2851 
f 3183//2851 3190//2851 3175//2851 
f 3175//2851 3091//2851 3191//2851 
f 3178//2851 3192//2851 3091//2851 
f 3170//2851 3173//2851 3193//2851 
f 3173//2851 3194//2851 3195//2851 
f 3180//2851 3184//2851 3173//2851 
f 3187//2851 3196//2851 3172//2851 
f 3172//2851 3189//2851 3197//2851 
f 3175//2851 3198//2851 3188//2851 
f 3175//2851 3199//2851 3182//2851 
f 3191//2851 3200//2851 3175//2851 
f 3170//2851 3201//2851 3177//2851 
f 3195//2851 3193//2851 3173//2851 
f 3196//2851 3181//2851 3172//2851 
f 3172//2851 3202//2851 3203//2851 
f 3189//2851 3172//2851 3175//2851 
f 3200//2851 3199//2851 3175//2851 
f 3192//2851 3204//2851 3091//2851 
f 3193//2851 3205//2851 3170//2851 
f 3203//2851 3186//2851 3172//2851 
f 3190//2851 3198//2851 3175//2851 
f 3205//2851 3201//2851 3170//2851 
f 3197//2851 3202//2851 3172//2851 
f 3185//2851 3194//2851 3173//2851 
f 3204//2851 3191//2851 3091//2851 
o mesh201
f 3082//2852 3176//2852 3206//2852 
f 3082//2852 3207//2852 3208//2852 
f 3176//2852 3209//2852 3206//2852 
f 3082//2852 3210//2852 3207//2852 
f 3206//2852 3211//2852 3082//2852 
f 3176//2852 3212//2852 3213//2852 
f 3115//2852 3214//2852 3215//2852 
f 3082//2852 3216//2852 3214//2852 
f 3208//2852 3217//2852 3082//2852 
f 3176//2852 3218//2852 3209//2852 
f 3176//2852 3219//2852 3212//2852 
f 3214//2852 3115//2852 3082//2852 
f 3211//2852 3210//2852 3082//2852 
f 3213//2852 3220//2852 3176//2852 
f 3176//2852 3174//2852 3221//2852 
f 3082//2852 3222//2852 3216//2852 
f 3220//2852 3218//2852 3176//2852 
f 3221//2852 3223//2852 3176//2852 
f 3174//2852 3224//2852 3225//2852 
f 3174//2852 3226//2852 3227//2852 
f 3174//2852 3115//2852 3228//2852 
f 3115//2852 3229//2852 3230//2852 
f 3217//2852 3222//2852 3082//2852 
f 3225//2852 3221//2852 3174//2852 
f 3174//2852 3231//2852 3232//2852 
f 3228//2852 3226//2852 3174//2852 
f 3230//2852 3233//2852 3115//2852 
f 3115//2852 3234//2852 3235//2852 
f 3223//2852 3219//2852 3176//2852 
f 3227//2852 3231//2852 3174//2852 
f 3235//2852 3229//2852 3115//2852 
f 3232//2852 3224//2852 3174//2852 
f 3215//2852 3234//2852 3115//2852 
f 3233//2852 3228//2852 3115//2852 
o mesh202
f 3226//2853 3228//2854 3181//2854 
f 3227//2855 3226//2853 3196//2856 
f 3231//2857 3227//2855 3187//2858 
f 3232//2859 3231//2857 3186//2860 
f 3224//2861 3232//2859 3203//2862 
f 3225//2863 3224//2861 3202//2864 
f 3221//2865 3225//2863 3197//2866 
f 3223//2867 3221//2865 3189//2868 
f 3219//2869 3223//2867 3188//2870 
f 3212//2871 3219//2869 3198//2872 
f 3213//2873 3212//2871 3190//2874 
f 3220//2875 3213//2873 3183//2876 
f 3218//2877 3220//2875 3182//2878 
f 3209//2879 3218//2877 3199//2880 
f 3200//2879 3191//2881 3206//2882 
f 3191//2881 3211//2881 3206//2882 
f 3210//2883 3211//2881 3191//2881 
f 3207//2884 3210//2883 3204//2883 
f 3208//2885 3207//2884 3192//2884 
f 3217//2886 3208//2885 3178//2885 
f 3222//2887 3217//2886 3177//2886 
f 3216//2888 3222//2887 3201//2887 
f 3214//2889 3216//2888 3205//2888 
f 3215//2890 3214//2889 3193//2889 
f 3234//2891 3215//2890 3195//2890 
f 3235//2892 3234//2891 3194//2891 
f 3229//2893 3235//2892 3185//2892 
f 3230//2894 3229//2893 3184//2893 
f 3233//2895 3230//2894 3180//2894 
f 3228//2854 3233//2895 3179//2895 
f 3179//2895 3181//2854 3228//2854 
f 3180//2894 3179//2895 3233//2895 
f 3184//2893 3180//2894 3230//2894 
f 3185//2892 3184//2893 3229//2893 
f 3194//2891 3185//2892 3235//2892 
f 3195//2890 3194//2891 3234//2891 
f 3193//2889 3195//2890 3215//2890 
f 3205//2888 3193//2889 3214//2889 
f 3201//2887 3205//2888 3216//2888 
f 3177//2886 3201//2887 3222//2887 
f 3178//2885 3177//2886 3217//2886 
f 3192//2884 3178//2885 3208//2885 
f 3204//2883 3192//2884 3207//2884 
f 3191//2881 3204//2883 3210//2883 
f 3206//2882 3209//2879 3200//2879 
f 3199//2880 3200//2879 3209//2879 
f 3182//2878 3199//2880 3218//2877 
f 3183//2876 3182//2878 3220//2875 
f 3190//2874 3183//2876 3213//2873 
f 3198//2872 3190//2874 3212//2871 
f 3188//2870 3198//2872 3219//2869 
f 3189//2868 3188//2870 3223//2867 
f 3197//2866 3189//2868 3221//2865 
f 3202//2864 3197//2866 3225//2863 
f 3203//2862 3202//2864 3224//2861 
f 3186//2860 3203//2862 3232//2859 
f 3187//2858 3186//2860 3231//2857 
f 3196//2856 3187//2858 3227//2855 
f 3181//2854 3196//2856 3226//2853 
o mesh203
f 3083//2896 3168//2896 3236//2896 
f 3236//2896 3116//2896 3083//2896 
o mesh204
f 3237//2897 3238//2897 3116//2897 
f 3116//2897 3239//2897 3237//2897 
f 3116//2897 3236//2897 3239//2897 
o mesh205
f 3240//2898 3238//2898 3237//2898 
f 3237//2898 3241//2898 3240//2898 
o mesh206
f 3241//2899 3071//2899 3076//2899 
f 3076//2899 3240//2899 3241//2899 
o mesh207
f 3242//2900 3164//2900 3071//2900 
f 3071//2900 3243//2900 3244//2900 
f 3071//2900 3241//2900 3245//2900 
f 3071//2900 3246//2900 3243//2900 
f 3245//2900 3247//2900 3071//2900 
f 3241//2900 3248//2900 3249//2900 
f 3239//2900 3250//2900 3251//2900 
f 3164//2900 3252//2900 3250//2900 
f 3071//2900 3244//2900 3242//2900 
f 3241//2900 3253//2900 3245//2900 
f 3241//2900 3254//2900 3248//2900 
f 3250//2900 3239//2900 3164//2900 
f 3247//2900 3246//2900 3071//2900 
f 3249//2900 3255//2900 3241//2900 
f 3241//2900 3237//2900 3256//2900 
f 3237//2900 3239//2900 3257//2900 
f 3239//2900 3258//2900 3259//2900 
f 3164//2900 3260//2900 3252//2900 
f 3255//2900 3253//2900 3241//2900 
f 3256//2900 3261//2900 3241//2900 
f 3237//2900 3262//2900 3263//2900 
f 3259//2900 3257//2900 3239//2900 
f 3239//2900 3264//2900 3265//2900 
f 3242//2900 3260//2900 3164//2900 
f 3263//2900 3256//2900 3237//2900 
f 3237//2900 3266//2900 3267//2900 
f 3265//2900 3258//2900 3239//2900 
f 3261//2900 3254//2900 3241//2900 
f 3237//2900 3268//2900 3269//2900 
f 3237//2900 3270//2900 3266//2900 
f 3251//2900 3264//2900 3239//2900 
f 3267//2900 3268//2900 3237//2900 
f 3269//2900 3262//2900 3237//2900 
f 3257//2900 3270//2900 3237//2900 
o mesh208
f 3076//2901 3271//2901 3272//2901 
f 3116//2901 3273//2901 3274//2901 
f 3116//2901 3238//2901 3275//2901 
f 3272//2901 3276//2901 3076//2901 
f 3076//2901 3116//2901 3277//2901 
f 3116//2901 3278//2901 3279//2901 
f 3116//2901 3280//2901 3281//2901 
f 3275//2901 3273//2901 3116//2901 
f 3238//2901 3282//2901 3283//2901 
f 3240//2901 3284//2901 3285//2901 
f 3076//2901 3286//2901 3287//2901 
f 3076//2901 3288//2901 3271//2901 
f 3279//2901 3277//2901 3116//2901 
f 3274//2901 3280//2901 3116//2901 
f 3283//2901 3289//2901 3238//2901 
f 3240//2901 3290//2901 3291//2901 
f 3285//2901 3292//2901 3240//2901 
f 3240//2901 3076//2901 3293//2901 
f 3276//2901 3286//2901 3076//2901 
f 3277//2901 3294//2901 3076//2901 
f 3289//2901 3275//2901 3238//2901 
f 3238//2901 3295//2901 3296//2901 
f 3238//2901 3291//2901 3297//2901 
f 3240//2901 3298//2901 3290//2901 
f 3240//2901 3299//2901 3284//2901 
f 3293//2901 3300//2901 3240//2901 
f 3294//2901 3288//2901 3076//2901 
f 3296//2901 3282//2901 3238//2901 
f 3291//2901 3238//2901 3240//2901 
f 3300//2901 3299//2901 3240//2901 
f 3281//2901 3278//2901 3116//2901 
f 3292//2901 3298//2901 3240//2901 
f 3297//2901 3295//2901 3238//2901 
f 3287//2901 3293//2901 3076//2901 
o mesh209
f 3266//2902 3270//2903 3275//2903 
f 3267//2904 3266//2902 3289//2905 
f 3268//2906 3267//2904 3283//2907 
f 3269//2908 3268//2906 3282//2909 
f 3262//2910 3269//2908 3296//2911 
f 3263//2912 3262//2910 3295//2913 
f 3256//2914 3263//2912 3297//2915 
f 3261//2916 3256//2914 3291//2917 
f 3254//2918 3261//2916 3290//2919 
f 3248//2920 3254//2918 3298//2921 
f 3249//2922 3248//2920 3292//2923 
f 3255//2924 3249//2922 3285//2925 
f 3253//2926 3255//2924 3284//2927 
f 3245//2928 3253//2926 3299//2929 
f 3247//2930 3245//2928 3293//2931 
f 3245//2928 3300//2932 3293//2931 
f 3246//2933 3247//2930 3287//2934 
f 3243//2935 3246//2933 3286//2936 
f 3244//2937 3243//2935 3276//2938 
f 3242//2939 3244//2937 3272//2940 
f 3260//2941 3242//2939 3271//2942 
f 3252//2943 3260//2941 3288//2944 
f 3250//2945 3252//2943 3294//2946 
f 3251//2947 3250//2945 3277//2948 
f 3264//2949 3251//2947 3279//2950 
f 3265//2951 3264//2949 3278//2952 
f 3258//2953 3265//2951 3281//2954 
f 3259//2955 3258//2953 3280//2956 
f 3257//2957 3259//2955 3274//2958 
f 3270//2903 3257//2957 3273//2957 
f 3273//2957 3275//2903 3270//2903 
f 3274//2958 3273//2957 3257//2957 
f 3280//2956 3274//2958 3259//2955 
f 3281//2954 3280//2956 3258//2953 
f 3278//2952 3281//2954 3265//2951 
f 3279//2950 3278//2952 3264//2949 
f 3277//2948 3279//2950 3251//2947 
f 3294//2946 3277//2948 3250//2945 
f 3288//2944 3294//2946 3252//2943 
f 3271//2942 3288//2944 3260//2941 
f 3272//2940 3271//2942 3242//2939 
f 3276//2938 3272//2940 3244//2937 
f 3286//2936 3276//2938 3243//2935 
f 3287//2934 3286//2936 3246//2933 
f 3293//2931 3287//2934 3247//2930 
f 3299//2929 3300//2932 3245//2928 
f 3284//2927 3299//2929 3253//2926 
f 3285//2925 3284//2927 3255//2924 
f 3292//2923 3285//2925 3249//2922 
f 3298//2921 3292//2923 3248//2920 
f 3290//2919 3298//2921 3254//2918 
f 3291//2917 3290//2919 3261//2916 
f 3297//2915 3291//2917 3256//2914 
f 3295//2913 3297//2915 3263//2912 
f 3296//2911 3295//2913 3262//2910 
f 3282//2909 3296//2911 3269//2908 
f 3283//2907 3282//2909 3268//2906 
f 3289//2905 3283//2907 3267//2904 
f 3275//2903 3289//2905 3266//2902 
o mesh210
f 3170//2959 3301//2959 3302//2959 
f 3167//2959 3303//2959 3304//2959 
f 3167//2959 3305//2959 3306//2959 
f 3167//2959 3307//2959 3308//2959 
f 3302//2959 3309//2959 3170//2959 
f 3170//2959 3310//2959 3311//2959 
f 3170//2959 3169//2959 3312//2959 
f 3306//2959 3303//2959 3167//2959 
f 3308//2959 3313//2959 3167//2959 
f 3314//2959 3307//2959 3167//2959 
f 3170//2959 3315//2959 3301//2959 
f 3312//2959 3310//2959 3170//2959 
f 3313//2959 3305//2959 3167//2959 
f 3170//2959 3309//2959 3314//2959 
f 3309//2959 3316//2959 3317//2959 
f 3311//2959 3315//2959 3170//2959 
f 3170//2959 3167//2959 3171//2959 
f 3167//2959 3170//2959 3314//2959 
f 3302//2959 3316//2959 3309//2959 
f 3304//2959 3166//2959 3167//2959 
f 3171//2959 3173//2959 3170//2959 
f 3317//2959 3318//2959 3309//2959 
o mesh211
f 3317//2960 3319//2960 3320//2960 
f 3320//2960 3318//2960 3317//2960 
o mesh212
f 3321//2961 3322//2961 3323//2962 
f 3324//2962 3323//2962 3325//2963 
f 3326//2963 3325//2963 3327//2964 
f 3328//2964 3327//2964 3329//2965 
f 3330//2965 3329//2965 3331//2966 
f 3332//2966 3331//2966 3333//2967 
f 3334//2967 3333//2967 3335//2968 
f 3335//2968 3336//2969 3169//2970 
f 3336//2969 3312//2969 3169//2970 
f 3312//2969 3336//2969 3337//2971 
f 3310//2971 3337//2971 3338//2972 
f 3311//2972 3338//2972 3339//2973 
f 3315//2973 3339//2973 3340//2974 
f 3301//2974 3340//2974 3341//2975 
f 3302//2975 3341//2975 3342//2976 
f 3316//2976 3342//2976 3319//2977 
f 3319//2977 3317//2977 3316//2976 
f 3342//2976 3316//2976 3302//2975 
f 3341//2975 3302//2975 3301//2974 
f 3340//2974 3301//2974 3315//2973 
f 3339//2973 3315//2973 3311//2972 
f 3338//2972 3311//2972 3310//2971 
f 3337//2971 3310//2971 3312//2969 
f 3169//2970 3343//2978 3335//2968 
f 3335//2968 3343//2978 3334//2967 
f 3333//2967 3334//2967 3332//2966 
f 3331//2966 3332//2966 3330//2965 
f 3329//2965 3330//2965 3328//2964 
f 3327//2964 3328//2964 3326//2963 
f 3325//2963 3326//2963 3324//2962 
f 3323//2962 3324//2962 3321//2961 
o mesh213
f 3322//2979 3321//2979 3344//2979 
f 3344//2979 3345//2979 3322//2979 
o mesh214
f 3338//2980 3331//2980 3329//2980 
f 3329//2980 3327//2980 3338//2980 
f 3338//2980 3336//2980 3335//2980 
f 3338//2980 3333//2980 3331//2980 
f 3338//2980 3337//2980 3336//2980 
f 3325//2980 3340//2980 3339//2980 
f 3335//2980 3333//2980 3338//2980 
f 3325//2980 3341//2980 3340//2980 
f 3341//2980 3325//2980 3323//2980 
f 3339//2980 3338//2980 3325//2980 
f 3327//2980 3325//2980 3338//2980 
f 3322//2980 3319//2980 3342//2980 
f 3342//2980 3341//2980 3322//2980 
f 3320//2980 3319//2980 3322//2980 
f 3322//2980 3345//2980 3320//2980 
f 3323//2980 3322//2980 3341//2980 
o mesh215
f 3346//2979 3314//2979 3309//2979 
f 3309//2979 3347//2979 3346//2979 
o mesh216
f 3314//2979 3346//2979 3348//2981 
f 3307//2981 3348//2981 3349//2982 
f 3308//2982 3349//2982 3350//2983 
f 3313//2983 3350//2983 3351//2984 
f 3305//2984 3351//2984 3352//2985 
f 3306//2985 3352//2985 3353//2986 
f 3303//2986 3353//2986 3354//2987 
f 3354//2987 3355//2988 3166//2989 
f 3355//2988 3356//2988 3166//2989 
f 3356//2988 3355//2988 3357//2990 
f 3358//2990 3357//2990 3359//2991 
f 3360//2991 3359//2991 3361//2992 
f 3362//2992 3361//2992 3363//2993 
f 3364//2993 3363//2993 3365//2994 
f 3366//2994 3365//2994 3367//2995 
f 3368//2995 3367//2995 3369//2996 
f 3369//2996 3370//2996 3368//2995 
f 3367//2995 3368//2995 3366//2994 
f 3365//2994 3366//2994 3364//2993 
f 3363//2993 3364//2993 3362//2992 
f 3361//2992 3362//2992 3360//2991 
f 3359//2991 3360//2991 3358//2990 
f 3357//2990 3358//2990 3356//2988 
f 3166//2989 3304//2997 3354//2987 
f 3354//2987 3304//2997 3303//2986 
f 3353//2986 3303//2986 3306//2985 
f 3352//2985 3306//2985 3305//2984 
f 3351//2984 3305//2984 3313//2983 
f 3350//2983 3313//2983 3308//2982 
f 3349//2982 3308//2982 3307//2981 
f 3348//2981 3307//2981 3314//2979 
o mesh217
f 3370//2996 3369//2996 3371//2996 
f 3371//2996 3372//2996 3370//2996 
o mesh218
f 3359//2998 3352//2998 3351//2998 
f 3352//2998 3355//2998 3354//2998 
f 3352//2998 3359//2998 3357//2998 
f 3351//2998 3350//2998 3359//2998 
f 3357//2998 3355//2998 3352//2998 
f 3349//2998 3363//2998 3361//2998 
f 3354//2998 3353//2998 3352//2998 
f 3349//2998 3365//2998 3363//2998 
f 3365//2998 3349//2998 3348//2998 
f 3361//2998 3359//2998 3349//2998 
f 3350//2998 3349//2998 3359//2998 
f 3346//2998 3369//2998 3367//2998 
f 3367//2998 3365//2998 3346//2998 
f 3371//2998 3369//2998 3346//2998 
f 3346//2998 3347//2998 3371//2998 
f 3348//2998 3346//2998 3365//2998 
o mesh219
f 3168//2998 3364//2998 3366//2998 
f 3168//2998 3358//2998 3360//2998 
f 3168//2998 3166//2998 3356//2998 
f 3164//2998 3373//2998 3374//2998 
f 3164//2998 3372//2998 3375//2998 
f 3370//2998 3164//2998 3168//2998 
f 3168//2998 3362//2998 3364//2998 
f 3356//2998 3358//2998 3168//2998 
f 3164//2998 3376//2998 3373//2998 
f 3372//2998 3377//2998 3375//2998 
f 3168//2998 3368//2998 3370//2998 
f 3360//2998 3362//2998 3168//2998 
f 3164//2998 3378//2998 3376//2998 
f 3375//2998 3379//2998 3164//2998 
f 3366//2998 3368//2998 3168//2998 
f 3164//2998 3239//2998 3236//2998 
f 3379//2998 3378//2998 3164//2998 
f 3372//2998 3380//2998 3381//2998 
f 3236//2998 3168//2998 3164//2998 
f 3381//2998 3377//2998 3372//2998 
f 3374//2998 3165//2998 3164//2998 
f 3370//2998 3372//2998 3164//2998 
o mesh220
f 3382//2999 3381//2999 3380//2999 
f 3380//2999 3383//2999 3382//2999 
o mesh221
f 3381//2999 3382//2999 3384//3000 
f 3377//3000 3384//3000 3385//3001 
f 3375//3001 3385//3001 3386//3002 
f 3379//3002 3386//3002 3387//3003 
f 3378//3003 3387//3003 3388//3004 
f 3376//3004 3388//3004 3389//3005 
f 3373//3005 3389//3005 3390//3006 
f 3390//3006 3391//3007 3165//3008 
f 3391//3007 3392//3007 3165//3008 
f 3392//3007 3391//3007 3393//3009 
f 3394//3009 3393//3009 3395//3010 
f 3396//3010 3395//3010 3397//3011 
f 3398//3011 3397//3011 3399//3012 
f 3400//3012 3399//3012 3401//3013 
f 3402//3013 3401//3013 3403//3014 
f 3404//3014 3403//3014 3405//3015 
f 3405//3015 3406//3015 3404//3014 
f 3403//3014 3404//3014 3402//3013 
f 3401//3013 3402//3013 3400//3012 
f 3399//3012 3400//3012 3398//3011 
f 3397//3011 3398//3011 3396//3010 
f 3395//3010 3396//3010 3394//3009 
f 3393//3009 3394//3009 3392//3007 
f 3165//3008 3374//3016 3390//3006 
f 3390//3006 3374//3016 3373//3005 
f 3389//3005 3373//3005 3376//3004 
f 3388//3004 3376//3004 3378//3003 
f 3387//3003 3378//3003 3379//3002 
f 3386//3002 3379//3002 3375//3001 
f 3385//3001 3375//3001 3377//3000 
f 3384//3000 3377//3000 3381//2999 
o mesh222
f 3395//3017 3388//3017 3387//3017 
f 3391//3017 3390//3017 3389//3017 
f 3388//3017 3395//3017 3393//3017 
f 3387//3017 3386//3017 3395//3017 
f 3393//3017 3391//3017 3388//3017 
f 3385//3017 3399//3017 3397//3017 
f 3389//3017 3388//3017 3391//3017 
f 3385//3017 3401//3017 3399//3017 
f 3401//3017 3385//3017 3384//3017 
f 3397//3017 3395//3017 3385//3017 
f 3386//3017 3385//3017 3395//3017 
f 3382//3017 3405//3017 3403//3017 
f 3407//3017 3405//3017 3382//3017 
f 3403//3017 3401//3017 3382//3017 
f 3384//3017 3382//3017 3401//3017 
f 3382//3017 3383//3017 3407//3017 
o mesh223
f 3406//3018 3405//3018 3407//3018 
f 3407//3018 3408//3018 3406//3018 
o mesh224
f 3409//3019 3410//3019 3345//3019 
f 3410//3019 3347//3019 3320//3019 
f 3320//3019 3345//3019 3410//3019 
f 3318//3019 3320//3019 3347//3019 
f 3372//3019 3371//3019 3383//3019 
f 3411//3019 3407//3019 3383//3019 
f 3347//3019 3309//3019 3318//3019 
f 3410//3019 3411//3019 3371//3019 
f 3383//3019 3371//3019 3411//3019 
f 3412//3019 3408//3019 3407//3019 
f 3371//3019 3347//3019 3410//3019 
f 3407//3019 3411//3019 3412//3019 
f 3383//3019 3380//3019 3372//3019 
f 3345//3019 3344//3019 3409//3019 
o mesh225
f 3412//3019 3411//3019 3413//3020 
f 3413//3020 3414//3021 3412//3019 
f 3414//3021 3415//3022 3416//3023 
f 3416//3023 3417//3024 3414//3021 
f 3417//3024 3418//3025 3419//3026 
f 3419//3026 3420//3027 3417//3024 
f 3420//3027 3421//3028 3422//3029 
f 3422//3029 3423//3030 3420//3027 
f 3424//3031 3423//3030 3425//3032 
f 3423//3030 3426//3033 3425//3032 
f 3427//3034 3424//3031 3428//3035 
f 3424//3031 3429//3036 3428//3035 
f 3430//3037 3427//3034 3431//3038 
f 3427//3034 3432//3039 3431//3038 
f 3433//3040 3430//3037 3434//3041 
f 3430//3037 3435//3042 3434//3041 
f 3434//3041 3436//3043 3433//3040 
f 3431//3038 3435//3042 3430//3037 
f 3428//3035 3432//3039 3427//3034 
f 3425//3032 3429//3036 3424//3031 
f 3422//3029 3426//3033 3423//3030 
f 3419//3026 3421//3028 3420//3027 
f 3416//3023 3418//3025 3417//3024 
f 3413//3020 3415//3022 3414//3021 
o mesh226
f 3119//3044 3406//3044 3412//3044 
f 3124//3044 3430//3044 3433//3044 
f 3121//3044 3420//3044 3423//3044 
f 3120//3044 3119//3044 3417//3044 
f 3406//3044 3408//3044 3412//3044 
f 3433//3044 3437//3044 3124//3044 
f 3123//3044 3424//3044 3427//3044 
f 3122//3044 3423//3044 3424//3044 
f 3423//3044 3122//3044 3121//3044 
f 3119//3044 3414//3044 3417//3044 
f 3119//3044 3404//3044 3406//3044 
f 3433//3044 3438//3044 3437//3044 
f 3427//3044 3124//3044 3123//3044 
f 3121//3044 3120//3044 3420//3044 
f 3412//3044 3414//3044 3119//3044 
f 3427//3044 3430//3044 3124//3044 
f 3417//3044 3420//3044 3120//3044 
f 3424//3044 3123//3044 3122//3044 
f 3404//3044 3119//3044 3118//3044 
f 3126//3044 3439//3044 3440//3044 
f 3441//3044 3442//3044 3126//3044 
f 3443//3044 3444//3044 3125//3044 
f 3118//3044 3402//3044 3404//3044 
f 3126//3044 3445//3044 3439//3044 
f 3125//3044 3444//3044 3441//3044 
f 3437//3044 3443//3044 3124//3044 
f 3400//3044 3118//3044 3117//3044 
f 3117//3044 3394//3044 3396//3044 
f 3117//3044 3165//3044 3392//3044 
f 3126//3044 3442//3044 3445//3044 
f 3125//3044 3124//3044 3443//3044 
f 3117//3044 3398//3044 3400//3044 
f 3392//3044 3394//3044 3117//3044 
f 3126//3044 3125//3044 3441//3044 
f 3396//3044 3398//3044 3117//3044 
f 3400//3044 3402//3044 3118//3044 
f 3440//3044 3137//3044 3126//3044 
o mesh227
f 3446//3045 3437//3045 3438//3045 
f 3438//3045 3447//3045 3446//3045 
o mesh228
f 3437//3045 3446//3045 3448//3046 
f 3443//3046 3448//3046 3449//3047 
f 3444//3047 3449//3047 3450//3048 
f 3441//3048 3450//3048 3451//3049 
f 3442//3049 3451//3049 3452//3050 
f 3445//3050 3452//3050 3453//3051 
f 3439//3051 3453//3051 3454//3052 
f 3454//3052 3455//3053 3137//3054 
f 3455//3053 3456//3053 3137//3054 
f 3456//3053 3455//3053 3457//3055 
f 3458//3055 3457//3055 3459//3056 
f 3460//3056 3459//3056 3461//3057 
f 3462//3057 3461//3057 3463//3058 
f 3464//3058 3463//3058 3465//3059 
f 3466//3059 3465//3059 3467//3060 
f 3468//3060 3467//3060 3469//3061 
f 3469//3061 3470//3061 3468//3060 
f 3467//3060 3468//3060 3466//3059 
f 3465//3059 3466//3059 3464//3058 
f 3463//3058 3464//3058 3462//3057 
f 3461//3057 3462//3057 3460//3056 
f 3459//3056 3460//3056 3458//3055 
f 3457//3055 3458//3055 3456//3053 
f 3137//3054 3440//3062 3454//3052 
f 3454//3052 3440//3062 3439//3051 
f 3453//3051 3439//3051 3445//3050 
f 3452//3050 3445//3050 3442//3049 
f 3451//3049 3442//3049 3441//3048 
f 3450//3048 3441//3048 3444//3047 
f 3449//3047 3444//3047 3443//3046 
f 3448//3046 3443//3046 3437//3045 
o mesh229
f 3470//3061 3469//3061 3471//3061 
f 3471//3061 3472//3061 3470//3061 
o mesh230
f 3448//3063 3451//3063 3450//3063 
f 3446//3063 3453//3063 3452//3063 
f 3446//3063 3459//3063 3457//3063 
f 3450//3063 3449//3063 3448//3063 
f 3446//3063 3454//3063 3453//3063 
f 3446//3063 3461//3063 3459//3063 
f 3446//3063 3465//3063 3463//3063 
f 3452//3063 3451//3063 3446//3063 
f 3463//3063 3461//3063 3446//3063 
f 3446//3063 3469//3063 3467//3063 
f 3446//3063 3455//3063 3454//3063 
f 3467//3063 3465//3063 3446//3063 
f 3471//3063 3469//3063 3446//3063 
f 3457//3063 3455//3063 3446//3063 
f 3448//3063 3446//3063 3451//3063 
f 3446//3063 3447//3063 3471//3063 
o mesh231
f 3473//3063 3474//3063 3470//3063 
f 3470//3063 3472//3063 3473//3063 
f 3475//3063 3468//3063 3470//3063 
f 3464//3063 3476//3063 3477//3063 
f 3475//3063 3466//3063 3468//3063 
f 3464//3063 3478//3063 3479//3063 
f 3464//3063 3475//3063 3476//3063 
f 3475//3063 3464//3063 3466//3063 
f 3479//3063 3480//3063 3464//3063 
f 3474//3063 3475//3063 3470//3063 
f 3477//3063 3478//3063 3464//3063 
f 3462//3063 3464//3063 3481//3063 
f 3138//3063 3458//3063 3460//3063 
f 3138//3063 3137//3063 3456//3063 
f 3481//3063 3138//3063 3462//3063 
f 3456//3063 3458//3063 3138//3063 
f 3460//3063 3462//3063 3138//3063 
f 3480//3063 3481//3063 3464//3063 
o mesh232
f 3482//3064 3474//3064 3473//3064 
f 3473//3064 3483//3064 3482//3064 
o mesh233
f 3474//3064 3482//3064 3484//3065 
f 3475//3065 3484//3065 3485//3066 
f 3476//3066 3485//3066 3486//3067 
f 3477//3067 3486//3067 3487//3068 
f 3478//3068 3487//3068 3488//3069 
f 3479//3069 3488//3069 3489//3070 
f 3480//3070 3489//3070 3490//3071 
f 3490//3071 3491//3072 3138//3073 
f 3491//3072 3492//3072 3138//3073 
f 3492//3072 3491//3072 3493//3074 
f 3494//3074 3493//3074 3495//3075 
f 3496//3075 3495//3075 3497//3076 
f 3498//3076 3497//3076 3499//3077 
f 3500//3077 3499//3077 3501//3078 
f 3502//3078 3501//3078 3503//3079 
f 3504//3079 3503//3079 3505//3080 
f 3505//3080 3506//3080 3504//3079 
f 3503//3079 3504//3079 3502//3078 
f 3501//3078 3502//3078 3500//3077 
f 3499//3077 3500//3077 3498//3076 
f 3497//3076 3498//3076 3496//3075 
f 3495//3075 3496//3075 3494//3074 
f 3493//3074 3494//3074 3492//3072 
f 3138//3073 3481//3081 3490//3071 
f 3490//3071 3481//3081 3480//3070 
f 3489//3070 3480//3070 3479//3069 
f 3488//3069 3479//3069 3478//3068 
f 3487//3068 3478//3068 3477//3067 
f 3486//3067 3477//3067 3476//3066 
f 3485//3066 3476//3066 3475//3065 
f 3484//3065 3475//3065 3474//3064 
o mesh234
f 3506//3080 3505//3080 3507//3080 
f 3507//3080 3508//3080 3506//3080 
o mesh235
f 3490//3082 3489//3082 3488//3082 
f 3490//3082 3486//3082 3485//3082 
f 3488//3082 3487//3082 3490//3082 
f 3487//3082 3486//3082 3490//3082 
f 3482//3082 3495//3082 3493//3082 
f 3482//3082 3499//3082 3497//3082 
f 3485//3082 3484//3082 3490//3082 
f 3497//3082 3495//3082 3482//3082 
f 3482//3082 3503//3082 3501//3082 
f 3482//3082 3491//3082 3490//3082 
f 3501//3082 3499//3082 3482//3082 
f 3493//3082 3491//3082 3482//3082 
f 3507//3082 3505//3082 3482//3082 
f 3482//3082 3505//3082 3503//3082 
f 3484//3082 3482//3082 3490//3082 
f 3482//3082 3483//3082 3507//3082 
o mesh236
f 3472//3083 3471//3083 3483//3083 
f 3509//3083 3507//3083 3483//3083 
f 3433//3083 3436//3083 3447//3083 
f 3436//3083 3509//3083 3471//3083 
f 3483//3083 3471//3083 3509//3083 
f 3510//3083 3508//3083 3507//3083 
f 3471//3083 3447//3083 3436//3083 
f 3507//3083 3509//3083 3510//3083 
f 3483//3083 3473//3083 3472//3083 
f 3447//3083 3438//3083 3433//3083 
o mesh237
f 3511//3084 3436//3083 3434//3085 
f 3535//3086 3536//3087 3435//3088 
f 3536//3087 3434//3085 3435//3088 
f 3537//3089 3535//3086 3432//3090 
f 3535//3086 3431//3091 3432//3090 
f 3538//3092 3537//3089 3429//3093 
f 3537//3089 3428//3094 3429//3093 
f 3538//3092 3425//3095 3426//3096 
f 3426//3096 3539//3097 3538//3092 
f 3539//3097 3422//3098 3421//3099 
f 3421//3099 3540//3100 3539//3097 
f 3540//3100 3419//3101 3418//3102 
f 3418//3102 3541//3103 3540//3100 
f 3541//3103 3416//3104 3415//3105 
f 3415//3105 3542//3106 3541//3103 
f 3542//3106 3413//3107 3411//3108 
f 3512//3109 3511//3084 3536//3087 
f 3543//3110 3536//3087 3535//3086 
f 3544//3111 3535//3086 3537//3089 
f 3545//3112 3537//3089 3538//3092 
f 3546//3113 3538//3092 3539//3097 
f 3547//3114 3539//3097 3540//3100 
f 3548//3115 3540//3100 3541//3103 
f 3549//3116 3541//3103 3542//3106 
f 3550//3117 3542//3106 3513//3118 
f 3514//3119 3512//3109 3543//3110 
f 3551//3120 3543//3110 3544//3111 
f 3552//3121 3544//3111 3545//3112 
f 3553//3122 3545//3112 3546//3113 
f 3554//3123 3546//3113 3547//3114 
f 3555//3124 3547//3114 3548//3115 
f 3556//3125 3548//3115 3549//3116 
f 3557//3126 3549//3116 3550//3117 
f 3558//3127 3550//3117 3515//3128 
f 3516//3129 3514//3119 3551//3120 
f 3559//3130 3551//3120 3552//3121 
f 3560//3131 3552//3121 3553//3122 
f 3561//3132 3553//3122 3554//3123 
f 3562//3133 3554//3123 3555//3124 
f 3563//3134 3555//3124 3556//3125 
f 3564//3135 3556//3125 3557//3126 
f 3565//3136 3557//3126 3558//3127 
f 3566//3137 3558//3127 3517//3138 
f 3518//3139 3516//3129 3559//3130 
f 3567//3140 3559//3130 3560//3131 
f 3568//3141 3560//3131 3561//3132 
f 3569//3142 3561//3132 3562//3133 
f 3570//3143 3562//3133 3563//3134 
f 3571//3144 3563//3134 3564//3135 
f 3572//3145 3564//3135 3565//3136 
f 3573//3146 3565//3136 3566//3137 
f 3574//3147 3566//3137 3519//3148 
f 3520//3149 3518//3139 3567//3140 
f 3575//3150 3567//3140 3568//3141 
f 3576//3151 3568//3141 3569//3142 
f 3577//3152 3569//3142 3570//3143 
f 3578//3153 3570//3143 3571//3144 
f 3579//3154 3571//3144 3572//3145 
f 3580//3155 3572//3145 3573//3146 
f 3581//3156 3573//3146 3574//3147 
f 3582//3157 3574//3147 3521//3158 
f 3522//3159 3520//3149 3575//3150 
f 3583//3160 3575//3150 3576//3151 
f 3584//3161 3576//3151 3577//3152 
f 3585//3162 3577//3152 3578//3153 
f 3586//3163 3578//3153 3579//3154 
f 3587//3164 3579//3154 3580//3155 
f 3588//3165 3580//3155 3581//3156 
f 3589//3166 3581//3156 3582//3157 
f 3590//3167 3582//3157 3523//3168 
f 3524//3169 3522//3159 3583//3160 
f 3525//3169 3583//3160 3584//3161 
f 3526//3169 3584//3161 3585//3162 
f 3527//3169 3585//3162 3586//3163 
f 3528//3169 3586//3163 3587//3164 
f 3529//3169 3587//3164 3588//3165 
f 3530//3169 3588//3165 3589//3166 
f 3531//3169 3589//3166 3590//3167 
f 3532//3169 3590//3167 3533//3170 
f 3533//3170 3534//3169 3532//3169 
f 3590//3167 3532//3169 3531//3169 
f 3589//3166 3531//3169 3530//3169 
f 3588//3165 3530//3169 3529//3169 
f 3587//3164 3529//3169 3528//3169 
f 3586//3163 3528//3169 3527//3169 
f 3585//3162 3527//3169 3526//3169 
f 3584//3161 3526//3169 3525//3169 
f 3583//3160 3525//3169 3524//3169 
f 3523//3168 3533//3170 3590//3167 
f 3582//3157 3590//3167 3589//3166 
f 3581//3156 3589//3166 3588//3165 
f 3580//3155 3588//3165 3587//3164 
f 3579//3154 3587//3164 3586//3163 
f 3578//3153 3586//3163 3585//3162 
f 3577//3152 3585//3162 3584//3161 
f 3576//3151 3584//3161 3583//3160 
f 3575//3150 3583//3160 3522//3159 
f 3521//3158 3523//3168 3582//3157 
f 3574//3147 3582//3157 3581//3156 
f 3573//3146 3581//3156 3580//3155 
f 3572//3145 3580//3155 3579//3154 
f 3571//3144 3579//3154 3578//3153 
f 3570//3143 3578//3153 3577//3152 
f 3569//3142 3577//3152 3576//3151 
f 3568//3141 3576//3151 3575//3150 
f 3567//3140 3575//3150 3520//3149 
f 3519//3148 3521//3158 3574//3147 
f 3566//3137 3574//3147 3573//3146 
f 3565//3136 3573//3146 3572//3145 
f 3564//3135 3572//3145 3571//3144 
f 3563//3134 3571//3144 3570//3143 
f 3562//3133 3570//3143 3569//3142 
f 3561//3132 3569//3142 3568//3141 
f 3560//3131 3568//3141 3567//3140 
f 3559//3130 3567//3140 3518//3139 
f 3517//3138 3519//3148 3566//3137 
f 3558//3127 3566//3137 3565//3136 
f 3557//3126 3565//3136 3564//3135 
f 3556//3125 3564//3135 3563//3134 
f 3555//3124 3563//3134 3562//3133 
f 3554//3123 3562//3133 3561//3132 
f 3553//3122 3561//3132 3560//3131 
f 3552//3121 3560//3131 3559//3130 
f 3551//3120 3559//3130 3516//3129 
f 3515//3128 3517//3138 3558//3127 
f 3550//3117 3558//3127 3557//3126 
f 3549//3116 3557//3126 3556//3125 
f 3548//3115 3556//3125 3555//3124 
f 3547//3114 3555//3124 3554//3123 
f 3546//3113 3554//3123 3553//3122 
f 3545//3112 3553//3122 3552//3121 
f 3544//3111 3552//3121 3551//3120 
f 3543//3110 3551//3120 3514//3119 
f 3513//3118 3515//3128 3550//3117 
f 3542//3106 3550//3117 3549//3116 
f 3541//3103 3549//3116 3548//3115 
f 3540//3100 3548//3115 3547//3114 
f 3539//3097 3547//3114 3546//3113 
f 3538//3092 3546//3113 3545//3112 
f 3537//3089 3545//3112 3544//3111 
f 3535//3086 3544//3111 3543//3110 
f 3536//3087 3543//3110 3512//3109 
f 3411//3108 3513//3118 3542//3106 
f 3415//3105 3413//3107 3542//3106 
f 3418//3102 3416//3104 3541//3103 
f 3421//3099 3419//3101 3540//3100 
f 3426//3096 3422//3098 3539//3097 
f 3429//3093 3425//3095 3538//3092 
f 3432//3090 3428//3094 3537//3089 
f 3435//3088 3431//3091 3535//3086 
f 3434//3085 3536//3087 3511//3084 
o mesh238
f 3411//3171 3410//3171 3591//3172 
f 3513//3172 3591//3172 3592//3173 
f 3515//3173 3592//3173 3593//3174 
f 3517//3174 3593//3174 3594//3175 
f 3519//3175 3594//3175 3595//3176 
f 3521//3176 3595//3176 3596//3177 
f 3523//3177 3596//3177 3597//3178 
f 3533//3178 3597//3178 3598//3179 
f 3598//3179 3534//3179 3533//3178 
f 3597//3178 3533//3178 3523//3177 
f 3596//3177 3523//3177 3521//3176 
f 3595//3176 3521//3176 3519//3175 
f 3594//3175 3519//3175 3517//3174 
f 3593//3174 3517//3174 3515//3173 
f 3592//3173 3515//3173 3513//3172 
f 3591//3172 3513//3172 3411//3171 
o mesh239
f 3591//3180 3410//3181 3599//3182 
f 3631//3183 3632//3184 3600//3185 
f 3632//3184 3599//3182 3600//3185 
f 3633//3186 3631//3183 3601//3187 
f 3631//3183 3602//3188 3601//3187 
f 3634//3189 3633//3186 3603//3190 
f 3633//3186 3604//3191 3603//3190 
f 3634//3189 3605//3192 3606//3193 
f 3606//3193 3635//3194 3634//3189 
f 3635//3194 3607//3195 3608//3196 
f 3608//3196 3636//3197 3635//3194 
f 3636//3197 3609//3198 3610//3199 
f 3610//3199 3637//3200 3636//3197 
f 3637//3200 3611//3201 3612//3202 
f 3612//3202 3638//3203 3637//3200 
f 3638//3203 3613//3204 3614//3205 
f 3592//3206 3591//3180 3632//3184 
f 3639//3207 3632//3184 3631//3183 
f 3640//3208 3631//3183 3633//3186 
f 3641//3209 3633//3186 3634//3189 
f 3642//3210 3634//3189 3635//3194 
f 3643//3211 3635//3194 3636//3197 
f 3644//3212 3636//3197 3637//3200 
f 3645//3213 3637//3200 3638//3203 
f 3646//3214 3638//3203 3615//3215 
f 3593//3216 3592//3206 3639//3207 
f 3647//3217 3639//3207 3640//3208 
f 3648//3218 3640//3208 3641//3209 
f 3649//3219 3641//3209 3642//3210 
f 3650//3220 3642//3210 3643//3211 
f 3651//3221 3643//3211 3644//3212 
f 3652//3222 3644//3212 3645//3213 
f 3653//3223 3645//3213 3646//3214 
f 3654//3224 3646//3214 3616//3225 
f 3594//3226 3593//3216 3647//3217 
f 3655//3227 3647//3217 3648//3218 
f 3656//3228 3648//3218 3649//3219 
f 3657//3229 3649//3219 3650//3220 
f 3658//3230 3650//3220 3651//3221 
f 3659//3231 3651//3221 3652//3222 
f 3660//3232 3652//3222 3653//3223 
f 3661//3233 3653//3223 3654//3224 
f 3662//3234 3654//3224 3617//3235 
f 3595//3236 3594//3226 3655//3227 
f 3663//3237 3655//3227 3656//3228 
f 3664//3238 3656//3228 3657//3229 
f 3665//3239 3657//3229 3658//3230 
f 3666//3240 3658//3230 3659//3231 
f 3667//3241 3659//3231 3660//3232 
f 3668//3242 3660//3232 3661//3233 
f 3669//3243 3661//3233 3662//3234 
f 3670//3244 3662//3234 3618//3245 
f 3596//3246 3595//3236 3663//3237 
f 3671//3247 3663//3237 3664//3238 
f 3672//3248 3664//3238 3665//3239 
f 3673//3249 3665//3239 3666//3240 
f 3674//3250 3666//3240 3667//3241 
f 3675//3251 3667//3241 3668//3242 
f 3676//3252 3668//3242 3669//3243 
f 3677//3253 3669//3243 3670//3244 
f 3678//3254 3670//3244 3619//3255 
f 3597//3256 3596//3246 3671//3247 
f 3679//3257 3671//3247 3672//3248 
f 3680//3258 3672//3248 3673//3249 
f 3681//3259 3673//3249 3674//3250 
f 3682//3260 3674//3250 3675//3251 
f 3683//3261 3675//3251 3676//3252 
f 3684//3262 3676//3252 3677//3253 
f 3685//3263 3677//3253 3678//3254 
f 3686//3264 3678//3254 3620//3265 
f 3598//3266 3597//3256 3679//3257 
f 3621//3266 3679//3257 3680//3258 
f 3622//3266 3680//3258 3681//3259 
f 3623//3266 3681//3259 3682//3260 
f 3624//3266 3682//3260 3683//3261 
f 3625//3266 3683//3261 3684//3262 
f 3626//3266 3684//3262 3685//3263 
f 3627//3266 3685//3263 3686//3264 
f 3628//3266 3686//3264 3629//3267 
f 3629//3267 3630//3266 3628//3266 
f 3686//3264 3628//3266 3627//3266 
f 3685//3263 3627//3266 3626//3266 
f 3684//3262 3626//3266 3625//3266 
f 3683//3261 3625//3266 3624//3266 
f 3682//3260 3624//3266 3623//3266 
f 3681//3259 3623//3266 3622//3266 
f 3680//3258 3622//3266 3621//3266 
f 3679//3257 3621//3266 3598//3266 
f 3620//3265 3629//3267 3686//3264 
f 3678//3254 3686//3264 3685//3263 
f 3677//3253 3685//3263 3684//3262 
f 3676//3252 3684//3262 3683//3261 
f 3675//3251 3683//3261 3682//3260 
f 3674//3250 3682//3260 3681//3259 
f 3673//3249 3681//3259 3680//3258 
f 3672//3248 3680//3258 3679//3257 
f 3671//3247 3679//3257 3597//3256 
f 3619//3255 3620//3265 3678//3254 
f 3670//3244 3678//3254 3677//3253 
f 3669//3243 3677//3253 3676//3252 
f 3668//3242 3676//3252 3675//3251 
f 3667//3241 3675//3251 3674//3250 
f 3666//3240 3674//3250 3673//3249 
f 3665//3239 3673//3249 3672//3248 
f 3664//3238 3672//3248 3671//3247 
f 3663//3237 3671//3247 3596//3246 
f 3618//3245 3619//3255 3670//3244 
f 3662//3234 3670//3244 3669//3243 
f 3661//3233 3669//3243 3668//3242 
f 3660//3232 3668//3242 3667//3241 
f 3659//3231 3667//3241 3666//3240 
f 3658//3230 3666//3240 3665//3239 
f 3657//3229 3665//3239 3664//3238 
f 3656//3228 3664//3238 3663//3237 
f 3655//3227 3663//3237 3595//3236 
f 3617//3235 3618//3245 3662//3234 
f 3654//3224 3662//3234 3661//3233 
f 3653//3223 3661//3233 3660//3232 
f 3652//3222 3660//3232 3659//3231 
f 3651//3221 3659//3231 3658//3230 
f 3650//3220 3658//3230 3657//3229 
f 3649//3219 3657//3229 3656//3228 
f 3648//3218 3656//3228 3655//3227 
f 3647//3217 3655//3227 3594//3226 
f 3616//3225 3617//3235 3654//3224 
f 3646//3214 3654//3224 3653//3223 
f 3645//3213 3653//3223 3652//3222 
f 3644//3212 3652//3222 3651//3221 
f 3643//3211 3651//3221 3650//3220 
f 3642//3210 3650//3220 3649//3219 
f 3641//3209 3649//3219 3648//3218 
f 3640//3208 3648//3218 3647//3217 
f 3639//3207 3647//3217 3593//3216 
f 3615//3215 3616//3225 3646//3214 
f 3638//3203 3646//3214 3645//3213 
f 3637//3200 3645//3213 3644//3212 
f 3636//3197 3644//3212 3643//3211 
f 3635//3194 3643//3211 3642//3210 
f 3634//3189 3642//3210 3641//3209 
f 3633//3186 3641//3209 3640//3208 
f 3631//3183 3640//3208 3639//3207 
f 3632//3184 3639//3207 3592//3206 
f 3614//3205 3615//3215 3638//3203 
f 3612//3202 3613//3204 3638//3203 
f 3610//3199 3611//3201 3637//3200 
f 3608//3196 3609//3198 3636//3197 
f 3606//3193 3607//3195 3635//3194 
f 3603//3190 3605//3192 3634//3189 
f 3601//3187 3604//3191 3633//3186 
f 3600//3185 3602//3188 3631//3183 
f 3599//3182 3632//3184 3591//3180 
o mesh240
f 3687//3268 3614//3268 3613//3269 
f 3613//3269 3688//3270 3687//3268 
f 3688//3270 3612//3271 3611//3272 
f 3611//3272 3689//3273 3688//3270 
f 3689//3273 3610//3274 3609//3275 
f 3609//3275 3690//3276 3689//3273 
f 3690//3276 3608//3277 3607//3278 
f 3607//3278 3691//3279 3690//3276 
f 3692//3280 3691//3279 3605//3281 
f 3691//3279 3606//3282 3605//3281 
f 3693//3283 3692//3280 3604//3284 
f 3692//3280 3603//3285 3604//3284 
f 3694//3286 3693//3283 3602//3287 
f 3693//3283 3601//3288 3602//3287 
f 3409//3289 3694//3286 3599//3290 
f 3694//3286 3600//3291 3599//3290 
f 3599//3290 3410//3292 3409//3289 
f 3602//3287 3600//3291 3694//3286 
f 3604//3284 3601//3288 3693//3283 
f 3605//3281 3603//3285 3692//3280 
f 3607//3278 3606//3282 3691//3279 
f 3609//3275 3608//3277 3690//3276 
f 3611//3272 3610//3274 3689//3273 
f 3613//3269 3612//3271 3688//3270 
o mesh241
f 3614//3293 3695//3293 3696//3294 
f 3615//3294 3696//3294 3697//3295 
f 3616//3295 3697//3295 3698//3296 
f 3617//3296 3698//3296 3699//3297 
f 3618//3297 3699//3297 3700//3298 
f 3619//3298 3700//3298 3701//3299 
f 3620//3299 3701//3299 3702//3300 
f 3629//3300 3702//3300 3703//3301 
f 3703//3301 3630//3301 3629//3300 
f 3702//3300 3629//3300 3620//3299 
f 3701//3299 3620//3299 3619//3298 
f 3700//3298 3619//3298 3618//3297 
f 3699//3297 3618//3297 3617//3296 
f 3698//3296 3617//3296 3616//3295 
f 3697//3295 3616//3295 3615//3294 
f 3696//3294 3615//3294 3614//3293 
o mesh242
f 3509//3302 3436//3302 3511//3303 
f 3704//3303 3511//3303 3512//3304 
f 3705//3304 3512//3304 3514//3305 
f 3706//3305 3514//3305 3516//3306 
f 3707//3306 3516//3306 3518//3307 
f 3708//3307 3518//3307 3520//3308 
f 3709//3308 3520//3308 3522//3309 
f 3710//3309 3522//3309 3524//3310 
f 3524//3310 3711//3310 3710//3309 
f 3522//3309 3710//3309 3709//3308 
f 3520//3308 3709//3308 3708//3307 
f 3518//3307 3708//3307 3707//3306 
f 3516//3306 3707//3306 3706//3305 
f 3514//3305 3706//3305 3705//3304 
f 3512//3304 3705//3304 3704//3303 
f 3511//3303 3704//3303 3509//3302 
o mesh243
f 3532//3310 3529//3310 3530//3310 
f 3532//3310 3528//3310 3529//3310 
f 3532//3310 3526//3310 3527//3310 
f 3527//3310 3528//3310 3532//3310 
f 3712//3310 3713//3310 3714//3310 
f 3715//3310 3716//3310 3717//3310 
f 3530//3310 3531//3310 3532//3310 
f 3534//3310 3524//3310 3525//3310 
f 3712//3310 3718//3310 3719//3310 
f 3712//3310 3720//3310 3713//3310 
f 3711//3310 3721//3310 3722//3310 
f 3703//3310 3723//3310 3724//3310 
f 3703//3310 3725//3310 3726//3310 
f 3715//3310 3727//3310 3716//3310 
f 3623//3310 3626//3310 3627//3310 
f 3525//3310 3526//3310 3534//3310 
f 3534//3310 3728//3310 3711//3310 
f 3714//3310 3718//3310 3712//3310 
f 3711//3310 3728//3310 3721//3310 
f 3726//3310 3723//3310 3703//3310 
f 3725//3310 3703//3310 3715//3310 
f 3627//3310 3628//3310 3623//3310 
f 3623//3310 3624//3310 3625//3310 
f 3630//3310 3621//3310 3622//3310 
f 3711//3310 3524//3310 3534//3310 
f 3722//3310 3712//3310 3711//3310 
f 3717//3310 3725//3310 3715//3310 
f 3729//3310 3598//3310 3630//3310 
f 3625//3310 3626//3310 3623//3310 
f 3630//3310 3598//3310 3621//3310 
f 3719//3310 3711//3310 3712//3310 
f 3729//3310 3728//3310 3534//3310 
f 3630//3310 3703//3310 3729//3310 
f 3622//3310 3623//3310 3630//3310 
f 3534//3310 3598//3310 3729//3310 
f 3628//3310 3630//3310 3623//3310 
f 3724//3310 3729//3310 3703//3310 
f 3532//3310 3534//3310 3526//3310 
o mesh244
f 3730//3311 3731//3312 3732//3313 
f 3753//3314 3754//3315 3733//3316 
f 3754//3315 3732//3313 3733//3316 
f 3755//3317 3753//3314 3734//3318 
f 3753//3314 3735//3319 3734//3318 
f 3756//3320 3755//3317 3736//3321 
f 3755//3317 3737//3322 3736//3321 
f 3756//3320 3738//3323 3739//3324 
f 3739//3324 3757//3325 3756//3320 
f 3757//3325 3740//3326 3741//3327 
f 3741//3327 3758//3328 3757//3325 
f 3758//3328 3742//3329 3743//3330 
f 3743//3330 3759//3331 3758//3328 
f 3759//3331 3744//3332 3745//3333 
f 3745//3333 3760//3334 3759//3331 
f 3760//3334 3746//3335 3509//3336 
f 3747//3337 3730//3311 3754//3315 
f 3761//3338 3754//3315 3753//3314 
f 3762//3339 3753//3314 3755//3317 
f 3763//3340 3755//3317 3756//3320 
f 3764//3341 3756//3320 3757//3325 
f 3765//3342 3757//3325 3758//3328 
f 3766//3343 3758//3328 3759//3331 
f 3767//3344 3759//3331 3760//3334 
f 3768//3345 3760//3334 3704//3346 
f 3748//3347 3747//3337 3761//3338 
f 3769//3348 3761//3338 3762//3339 
f 3770//3349 3762//3339 3763//3340 
f 3771//3350 3763//3340 3764//3341 
f 3772//3351 3764//3341 3765//3342 
f 3773//3352 3765//3342 3766//3343 
f 3774//3353 3766//3343 3767//3344 
f 3775//3354 3767//3344 3768//3345 
f 3776//3355 3768//3345 3705//3356 
f 3749//3357 3748//3347 3769//3348 
f 3777//3358 3769//3348 3770//3349 
f 3778//3359 3770//3349 3771//3350 
f 3779//3360 3771//3350 3772//3351 
f 3780//3361 3772//3351 3773//3352 
f 3781//3362 3773//3352 3774//3353 
f 3782//3363 3774//3353 3775//3354 
f 3783//3364 3775//3354 3776//3355 
f 3784//3365 3776//3355 3706//3366 
f 3750//3367 3749//3357 3777//3358 
f 3785//3368 3777//3358 3778//3359 
f 3786//3369 3778//3359 3779//3360 
f 3787//3370 3779//3360 3780//3361 
f 3788//3371 3780//3361 3781//3362 
f 3789//3372 3781//3362 3782//3363 
f 3790//3373 3782//3363 3783//3364 
f 3791//3374 3783//3364 3784//3365 
f 3792//3375 3784//3365 3707//3376 
f 3751//3377 3750//3367 3785//3368 
f 3793//3378 3785//3368 3786//3369 
f 3794//3379 3786//3369 3787//3370 
f 3795//3380 3787//3370 3788//3371 
f 3796//3381 3788//3371 3789//3372 
f 3797//3382 3789//3372 3790//3373 
f 3798//3383 3790//3373 3791//3374 
f 3799//3384 3791//3374 3792//3375 
f 3800//3385 3792//3375 3708//3386 
f 3752//3387 3751//3377 3793//3378 
f 3801//3388 3793//3378 3794//3379 
f 3802//3389 3794//3379 3795//3380 
f 3803//3390 3795//3380 3796//3381 
f 3804//3391 3796//3381 3797//3382 
f 3805//3392 3797//3382 3798//3383 
f 3806//3393 3798//3383 3799//3384 
f 3807//3394 3799//3384 3800//3385 
f 3808//3395 3800//3385 3709//3396 
f 3728//3397 3752//3387 3801//3388 
f 3721//3397 3801//3388 3802//3389 
f 3722//3397 3802//3389 3803//3390 
f 3712//3397 3803//3390 3804//3391 
f 3720//3397 3804//3391 3805//3392 
f 3713//3397 3805//3392 3806//3393 
f 3714//3397 3806//3393 3807//3394 
f 3718//3397 3807//3394 3808//3395 
f 3719//3397 3808//3395 3710//3398 
f 3710//3398 3711//3397 3719//3397 
f 3808//3395 3719//3397 3718//3397 
f 3807//3394 3718//3397 3714//3397 
f 3806//3393 3714//3397 3713//3397 
f 3805//3392 3713//3397 3720//3397 
f 3804//3391 3720//3397 3712//3397 
f 3803//3390 3712//3397 3722//3397 
f 3802//3389 3722//3397 3721//3397 
f 3801//3388 3721//3397 3728//3397 
f 3709//3396 3710//3398 3808//3395 
f 3800//3385 3808//3395 3807//3394 
f 3799//3384 3807//3394 3806//3393 
f 3798//3383 3806//3393 3805//3392 
f 3797//3382 3805//3392 3804//3391 
f 3796//3381 3804//3391 3803//3390 
f 3795//3380 3803//3390 3802//3389 
f 3794//3379 3802//3389 3801//3388 
f 3793//3378 3801//3388 3752//3387 
f 3708//3386 3709//3396 3800//3385 
f 3792//3375 3800//3385 3799//3384 
f 3791//3374 3799//3384 3798//3383 
f 3790//3373 3798//3383 3797//3382 
f 3789//3372 3797//3382 3796//3381 
f 3788//3371 3796//3381 3795//3380 
f 3787//3370 3795//3380 3794//3379 
f 3786//3369 3794//3379 3793//3378 
f 3785//3368 3793//3378 3751//3377 
f 3707//3376 3708//3386 3792//3375 
f 3784//3365 3792//3375 3791//3374 
f 3783//3364 3791//3374 3790//3373 
f 3782//3363 3790//3373 3789//3372 
f 3781//3362 3789//3372 3788//3371 
f 3780//3361 3788//3371 3787//3370 
f 3779//3360 3787//3370 3786//3369 
f 3778//3359 3786//3369 3785//3368 
f 3777//3358 3785//3368 3750//3367 
f 3706//3366 3707//3376 3784//3365 
f 3776//3355 3784//3365 3783//3364 
f 3775//3354 3783//3364 3782//3363 
f 3774//3353 3782//3363 3781//3362 
f 3773//3352 3781//3362 3780//3361 
f 3772//3351 3780//3361 3779//3360 
f 3771//3350 3779//3360 3778//3359 
f 3770//3349 3778//3359 3777//3358 
f 3769//3348 3777//3358 3749//3357 
f 3705//3356 3706//3366 3776//3355 
f 3768//3345 3776//3355 3775//3354 
f 3767//3344 3775//3354 3774//3353 
f 3766//3343 3774//3353 3773//3352 
f 3765//3342 3773//3352 3772//3351 
f 3764//3341 3772//3351 3771//3350 
f 3763//3340 3771//3350 3770//3349 
f 3762//3339 3770//3349 3769//3348 
f 3761//3338 3769//3348 3748//3347 
f 3704//3346 3705//3356 3768//3345 
f 3760//3334 3768//3345 3767//3344 
f 3759//3331 3767//3344 3766//3343 
f 3758//3328 3766//3343 3765//3342 
f 3757//3325 3765//3342 3764//3341 
f 3756//3320 3764//3341 3763//3340 
f 3755//3317 3763//3340 3762//3339 
f 3753//3314 3762//3339 3761//3338 
f 3754//3315 3761//3338 3747//3337 
f 3509//3336 3704//3346 3760//3334 
f 3745//3333 3746//3335 3760//3334 
f 3743//3330 3744//3332 3759//3331 
f 3741//3327 3742//3329 3758//3328 
f 3739//3324 3740//3326 3757//3325 
f 3736//3321 3738//3323 3756//3320 
f 3734//3318 3737//3322 3755//3317 
f 3733//3316 3735//3319 3753//3314 
f 3732//3313 3754//3315 3730//3311 
o mesh245
f 3696//3399 3695//3400 3809//3401 
f 3832//3402 3833//3403 3810//3404 
f 3833//3403 3809//3401 3810//3404 
f 3834//3405 3832//3402 3811//3406 
f 3832//3402 3812//3407 3811//3406 
f 3835//3408 3834//3405 3813//3409 
f 3834//3405 3814//3410 3813//3409 
f 3835//3408 3815//3411 3816//3412 
f 3816//3412 3836//3413 3835//3408 
f 3836//3413 3817//3414 3818//3415 
f 3818//3415 3837//3416 3836//3413 
f 3837//3416 3819//3417 3820//3418 
f 3820//3418 3838//3419 3837//3416 
f 3838//3419 3821//3420 3822//3421 
f 3822//3421 3839//3422 3838//3419 
f 3839//3422 3823//3423 3824//3424 
f 3697//3425 3696//3399 3833//3403 
f 3840//3426 3833//3403 3832//3402 
f 3841//3427 3832//3402 3834//3405 
f 3842//3428 3834//3405 3835//3408 
f 3843//3429 3835//3408 3836//3413 
f 3844//3430 3836//3413 3837//3416 
f 3845//3431 3837//3416 3838//3419 
f 3846//3432 3838//3419 3839//3422 
f 3847//3433 3839//3422 3825//3434 
f 3698//3435 3697//3425 3840//3426 
f 3848//3436 3840//3426 3841//3427 
f 3849//3437 3841//3427 3842//3428 
f 3850//3438 3842//3428 3843//3429 
f 3851//3439 3843//3429 3844//3430 
f 3852//3440 3844//3430 3845//3431 
f 3853//3441 3845//3431 3846//3432 
f 3854//3442 3846//3432 3847//3433 
f 3855//3443 3847//3433 3826//3444 
f 3699//3445 3698//3435 3848//3436 
f 3856//3446 3848//3436 3849//3437 
f 3857//3447 3849//3437 3850//3438 
f 3858//3448 3850//3438 3851//3439 
f 3859//3449 3851//3439 3852//3440 
f 3860//3450 3852//3440 3853//3441 
f 3861//3451 3853//3441 3854//3442 
f 3862//3452 3854//3442 3855//3443 
f 3863//3453 3855//3443 3827//3454 
f 3700//3455 3699//3445 3856//3446 
f 3864//3456 3856//3446 3857//3447 
f 3865//3457 3857//3447 3858//3448 
f 3866//3458 3858//3448 3859//3449 
f 3867//3459 3859//3449 3860//3450 
f 3868//3460 3860//3450 3861//3451 
f 3869//3461 3861//3451 3862//3452 
f 3870//3462 3862//3452 3863//3453 
f 3871//3463 3863//3453 3828//3464 
f 3701//3465 3700//3455 3864//3456 
f 3872//3466 3864//3456 3865//3457 
f 3873//3467 3865//3457 3866//3458 
f 3874//3468 3866//3458 3867//3459 
f 3875//3469 3867//3459 3868//3460 
f 3876//3470 3868//3460 3869//3461 
f 3877//3471 3869//3461 3870//3462 
f 3878//3472 3870//3462 3871//3463 
f 3879//3473 3871//3463 3829//3474 
f 3702//3475 3701//3465 3872//3466 
f 3880//3476 3872//3466 3873//3467 
f 3881//3477 3873//3467 3874//3468 
f 3882//3478 3874//3468 3875//3469 
f 3883//3479 3875//3469 3876//3470 
f 3884//3480 3876//3470 3877//3471 
f 3885//3481 3877//3471 3878//3472 
f 3886//3482 3878//3472 3879//3473 
f 3887//3483 3879//3473 3830//3484 
f 3703//3485 3702//3475 3880//3476 
f 3715//3485 3880//3476 3881//3477 
f 3727//3485 3881//3477 3882//3478 
f 3716//3485 3882//3478 3883//3479 
f 3717//3485 3883//3479 3884//3480 
f 3725//3485 3884//3480 3885//3481 
f 3726//3485 3885//3481 3886//3482 
f 3723//3485 3886//3482 3887//3483 
f 3724//3485 3887//3483 3831//3486 
f 3831//3486 3729//3485 3724//3485 
f 3887//3483 3724//3485 3723//3485 
f 3886//3482 3723//3485 3726//3485 
f 3885//3481 3726//3485 3725//3485 
f 3884//3480 3725//3485 3717//3485 
f 3883//3479 3717//3485 3716//3485 
f 3882//3478 3716//3485 3727//3485 
f 3881//3477 3727//3485 3715//3485 
f 3880//3476 3715//3485 3703//3485 
f 3830//3484 3831//3486 3887//3483 
f 3879//3473 3887//3483 3886//3482 
f 3878//3472 3886//3482 3885//3481 
f 3877//3471 3885//3481 3884//3480 
f 3876//3470 3884//3480 3883//3479 
f 3875//3469 3883//3479 3882//3478 
f 3874//3468 3882//3478 3881//3477 
f 3873//3467 3881//3477 3880//3476 
f 3872//3466 3880//3476 3702//3475 
f 3829//3474 3830//3484 3879//3473 
f 3871//3463 3879//3473 3878//3472 
f 3870//3462 3878//3472 3877//3471 
f 3869//3461 3877//3471 3876//3470 
f 3868//3460 3876//3470 3875//3469 
f 3867//3459 3875//3469 3874//3468 
f 3866//3458 3874//3468 3873//3467 
f 3865//3457 3873//3467 3872//3466 
f 3864//3456 3872//3466 3701//3465 
f 3828//3464 3829//3474 3871//3463 
f 3863//3453 3871//3463 3870//3462 
f 3862//3452 3870//3462 3869//3461 
f 3861//3451 3869//3461 3868//3460 
f 3860//3450 3868//3460 3867//3459 
f 3859//3449 3867//3459 3866//3458 
f 3858//3448 3866//3458 3865//3457 
f 3857//3447 3865//3457 3864//3456 
f 3856//3446 3864//3456 3700//3455 
f 3827//3454 3828//3464 3863//3453 
f 3855//3443 3863//3453 3862//3452 
f 3854//3442 3862//3452 3861//3451 
f 3853//3441 3861//3451 3860//3450 
f 3852//3440 3860//3450 3859//3449 
f 3851//3439 3859//3449 3858//3448 
f 3850//3438 3858//3448 3857//3447 
f 3849//3437 3857//3447 3856//3446 
f 3848//3436 3856//3446 3699//3445 
f 3826//3444 3827//3454 3855//3443 
f 3847//3433 3855//3443 3854//3442 
f 3846//3432 3854//3442 3853//3441 
f 3845//3431 3853//3441 3852//3440 
f 3844//3430 3852//3440 3851//3439 
f 3843//3429 3851//3439 3850//3438 
f 3842//3428 3850//3438 3849//3437 
f 3841//3427 3849//3437 3848//3436 
f 3840//3426 3848//3436 3698//3435 
f 3825//3434 3826//3444 3847//3433 
f 3839//3422 3847//3433 3846//3432 
f 3838//3419 3846//3432 3845//3431 
f 3837//3416 3845//3431 3844//3430 
f 3836//3413 3844//3430 3843//3429 
f 3835//3408 3843//3429 3842//3428 
f 3834//3405 3842//3428 3841//3427 
f 3832//3402 3841//3427 3840//3426 
f 3833//3403 3840//3426 3697//3425 
f 3824//3424 3825//3434 3839//3422 
f 3822//3421 3823//3423 3839//3422 
f 3820//3418 3821//3420 3838//3419 
f 3818//3415 3819//3417 3837//3416 
f 3816//3412 3817//3414 3836//3413 
f 3813//3409 3815//3411 3835//3408 
f 3811//3406 3814//3410 3834//3405 
f 3810//3404 3812//3407 3832//3402 
f 3809//3401 3833//3403 3696//3399 
o mesh246
f 3888//3487 3824//3487 3823//3488 
f 3823//3488 3889//3489 3888//3487 
f 3889//3489 3822//3490 3821//3491 
f 3821//3491 3890//3492 3889//3489 
f 3890//3492 3820//3493 3819//3494 
f 3819//3494 3891//3495 3890//3492 
f 3891//3495 3818//3496 3817//3497 
f 3817//3497 3892//3498 3891//3495 
f 3893//3499 3892//3498 3815//3500 
f 3892//3498 3816//3501 3815//3500 
f 3894//3502 3893//3499 3814//3503 
f 3893//3499 3813//3504 3814//3503 
f 3895//3505 3894//3502 3812//3506 
f 3894//3502 3811//3507 3812//3506 
f 3896//3508 3895//3505 3809//3509 
f 3895//3505 3810//3510 3809//3509 
f 3809//3509 3695//3511 3896//3508 
f 3812//3506 3810//3510 3895//3505 
f 3814//3503 3811//3507 3894//3502 
f 3815//3500 3813//3504 3893//3499 
f 3817//3497 3816//3501 3892//3498 
f 3819//3494 3818//3496 3891//3495 
f 3821//3491 3820//3493 3890//3492 
f 3823//3488 3822//3490 3889//3489 
o mesh247
f 3510//3512 3509//3512 3746//3513 
f 3746//3513 3897//3514 3510//3512 
f 3897//3514 3745//3515 3744//3516 
f 3744//3516 3898//3517 3897//3514 
f 3898//3517 3743//3518 3742//3519 
f 3742//3519 3899//3520 3898//3517 
f 3899//3520 3741//3521 3740//3522 
f 3740//3522 3900//3523 3899//3520 
f 3901//3524 3900//3523 3738//3525 
f 3900//3523 3739//3526 3738//3525 
f 3902//3527 3901//3524 3737//3528 
f 3901//3524 3736//3529 3737//3528 
f 3903//3530 3902//3527 3735//3531 
f 3902//3527 3734//3532 3735//3531 
f 3904//3533 3903//3530 3732//3534 
f 3903//3530 3733//3535 3732//3534 
f 3732//3534 3731//3536 3904//3533 
f 3735//3531 3733//3535 3903//3530 
f 3737//3528 3734//3532 3902//3527 
f 3738//3525 3736//3529 3901//3524 
f 3740//3522 3739//3526 3900//3523 
f 3742//3519 3741//3521 3899//3520 
f 3744//3516 3743//3518 3898//3517 
f 3746//3513 3745//3515 3897//3514 
o mesh248
f 3824//3536 3731//3536 3730//3537 
f 3825//3537 3730//3537 3747//3538 
f 3826//3538 3747//3538 3748//3539 
f 3827//3539 3748//3539 3749//3540 
f 3828//3540 3749//3540 3750//3541 
f 3829//3541 3750//3541 3751//3542 
f 3830//3542 3751//3542 3752//3543 
f 3831//3543 3752//3543 3728//3544 
f 3728//3544 3729//3544 3831//3543 
f 3752//3543 3831//3543 3830//3542 
f 3751//3542 3830//3542 3829//3541 
f 3750//3541 3829//3541 3828//3540 
f 3749//3540 3828//3540 3827//3539 
f 3748//3539 3827//3539 3826//3538 
f 3747//3538 3826//3538 3825//3537 
f 3730//3537 3825//3537 3824//3536 
o mesh249
f 3156//3544 3694//3544 3409//3544 
f 3151//3544 3905//3544 3687//3544 
f 3409//3544 3321//3544 3156//3544 
f 3153//3544 3690//3544 3691//3544 
f 3905//3544 3906//3544 3687//3544 
f 3409//3544 3344//3544 3321//3544 
f 3155//3544 3692//3544 3693//3544 
f 3154//3544 3691//3544 3692//3544 
f 3691//3544 3154//3544 3153//3544 
f 3152//3544 3151//3544 3689//3544 
f 3151//3544 3907//3544 3905//3544 
f 3156//3544 3693//3544 3694//3544 
f 3692//3544 3155//3544 3154//3544 
f 3689//3544 3690//3544 3152//3544 
f 3687//3544 3688//3544 3151//3544 
f 3693//3544 3156//3544 3155//3544 
f 3688//3544 3689//3544 3151//3544 
f 3324//3544 3326//3544 3157//3544 
f 3153//3544 3152//3544 3690//3544 
f 3907//3544 3151//3544 3150//3544 
f 3157//3544 3156//3544 3324//3544 
f 3150//3544 3908//3544 3907//3544 
f 3158//3544 3334//3544 3343//3544 
f 3158//3544 3330//3544 3332//3544 
f 3328//3544 3330//3544 3158//3544 
f 3321//3544 3324//3544 3156//3544 
f 3909//3544 3150//3544 3149//3544 
f 3332//3544 3334//3544 3158//3544 
f 3326//3544 3328//3544 3157//3544 
f 3149//3544 3910//3544 3909//3544 
f 3149//3544 3911//3544 3912//3544 
f 3158//3544 3157//3544 3328//3544 
f 3912//3544 3910//3544 3149//3544 
f 3909//3544 3908//3544 3150//3544 
f 3149//3544 3160//3544 3913//3544 
f 3913//3544 3911//3544 3149//3544 
f 3343//3544 3169//3544 3158//3544 
o mesh250
f 3905//3545 3914//3545 3915//3545 
f 3915//3545 3906//3545 3905//3545 
o mesh251
f 3916//3546 3917//3546 3918//3547 
f 3919//3547 3918//3547 3920//3548 
f 3921//3548 3920//3548 3922//3549 
f 3923//3549 3922//3549 3924//3550 
f 3925//3550 3924//3550 3926//3551 
f 3927//3551 3926//3551 3928//3552 
f 3929//3552 3928//3552 3930//3553 
f 3930//3553 3931//3554 3160//3555 
f 3931//3554 3913//3554 3160//3555 
f 3913//3554 3931//3554 3932//3556 
f 3911//3556 3932//3556 3933//3557 
f 3912//3557 3933//3557 3934//3558 
f 3910//3558 3934//3558 3935//3559 
f 3909//3559 3935//3559 3936//3560 
f 3908//3560 3936//3560 3937//3561 
f 3907//3561 3937//3561 3914//3562 
f 3914//3562 3905//3562 3907//3561 
f 3937//3561 3907//3561 3908//3560 
f 3936//3560 3908//3560 3909//3559 
f 3935//3559 3909//3559 3910//3558 
f 3934//3558 3910//3558 3912//3557 
f 3933//3557 3912//3557 3911//3556 
f 3932//3556 3911//3556 3913//3554 
f 3160//3555 3938//3563 3930//3553 
f 3930//3553 3938//3563 3929//3552 
f 3928//3552 3929//3552 3927//3551 
f 3926//3551 3927//3551 3925//3550 
f 3924//3550 3925//3550 3923//3549 
f 3922//3549 3923//3549 3921//3548 
f 3920//3548 3921//3548 3919//3547 
f 3918//3547 3919//3547 3916//3546 
o mesh252
f 3926//3564 3922//3564 3920//3564 
f 3926//3564 3924//3564 3922//3564 
f 3918//3564 3928//3564 3926//3564 
f 3917//3564 3931//3564 3930//3564 
f 3917//3564 3935//3564 3934//3564 
f 3920//3564 3918//3564 3926//3564 
f 3917//3564 3932//3564 3931//3564 
f 3917//3564 3936//3564 3935//3564 
f 3930//3564 3928//3564 3917//3564 
f 3917//3564 3937//3564 3936//3564 
f 3917//3564 3933//3564 3932//3564 
f 3917//3564 3914//3564 3937//3564 
f 3915//3564 3914//3564 3917//3564 
f 3934//3564 3933//3564 3917//3564 
f 3918//3564 3917//3564 3928//3564 
f 3917//3564 3939//3564 3915//3564 
o mesh253
f 3917//3565 3916//3565 3940//3565 
f 3940//3565 3939//3565 3917//3565 
o mesh254
f 3134//3564 3903//3564 3904//3564 
f 3904//3564 3941//3564 3134//3564 
f 3129//3564 3506//3564 3510//3564 
f 3904//3564 3942//3564 3941//3564 
f 3133//3564 3901//3564 3902//3564 
f 3132//3564 3900//3564 3901//3564 
f 3506//3564 3508//3564 3510//3564 
f 3134//3564 3902//3564 3903//3564 
f 3901//3564 3133//3564 3132//3564 
f 3131//3564 3899//3564 3900//3564 
f 3129//3564 3504//3564 3506//3564 
f 3902//3564 3134//3564 3133//3564 
f 3900//3564 3132//3564 3131//3564 
f 3130//3564 3129//3564 3898//3564 
f 3510//3564 3897//3564 3129//3564 
f 3131//3564 3130//3564 3899//3564 
f 3897//3564 3898//3564 3129//3564 
f 3943//3564 3944//3564 3135//3564 
f 3898//3564 3899//3564 3130//3564 
f 3136//3564 3945//3564 3946//3564 
f 3941//3564 3943//3564 3134//3564 
f 3504//3564 3129//3564 3128//3564 
f 3500//3564 3128//3564 3127//3564 
f 3136//3564 3947//3564 3945//3564 
f 3948//3564 3949//3564 3136//3564 
f 3128//3564 3502//3564 3504//3564 
f 3127//3564 3498//3564 3500//3564 
f 3127//3564 3494//3564 3496//3564 
f 3127//3564 3138//3564 3492//3564 
f 3136//3564 3949//3564 3947//3564 
f 3135//3564 3944//3564 3948//3564 
f 3500//3564 3502//3564 3128//3564 
f 3492//3564 3494//3564 3127//3564 
f 3136//3564 3135//3564 3948//3564 
f 3496//3564 3498//3564 3127//3564 
f 3135//3564 3134//3564 3943//3564 
f 3946//3564 3163//3564 3136//3564 
o mesh255
f 3950//3566 3941//3566 3942//3566 
f 3942//3566 3951//3566 3950//3566 
o mesh256
f 3941//3566 3950//3566 3952//3567 
f 3943//3567 3952//3567 3953//3568 
f 3944//3568 3953//3568 3954//3569 
f 3948//3569 3954//3569 3955//3570 
f 3949//3570 3955//3570 3956//3571 
f 3947//3571 3956//3571 3957//3572 
f 3945//3572 3957//3572 3958//3573 
f 3958//3573 3959//3574 3163//3575 
f 3959//3574 3960//3574 3163//3575 
f 3960//3574 3959//3574 3961//3576 
f 3962//3576 3961//3576 3963//3577 
f 3964//3577 3963//3577 3965//3578 
f 3966//3578 3965//3578 3967//3579 
f 3968//3579 3967//3579 3969//3580 
f 3970//3580 3969//3580 3971//3581 
f 3972//3581 3971//3581 3973//3582 
f 3973//3582 3974//3582 3972//3581 
f 3971//3581 3972//3581 3970//3580 
f 3969//3580 3970//3580 3968//3579 
f 3967//3579 3968//3579 3966//3578 
f 3965//3578 3966//3578 3964//3577 
f 3963//3577 3964//3577 3962//3576 
f 3961//3576 3962//3576 3960//3574 
f 3163//3575 3946//3583 3958//3573 
f 3958//3573 3946//3583 3945//3572 
f 3957//3572 3945//3572 3947//3571 
f 3956//3571 3947//3571 3949//3570 
f 3955//3570 3949//3570 3948//3569 
f 3954//3569 3948//3569 3944//3568 
f 3953//3568 3944//3568 3943//3567 
f 3952//3567 3943//3567 3941//3566 
o mesh257
f 3974//3582 3973//3582 3975//3582 
f 3975//3582 3976//3582 3974//3582 
o mesh258
f 3956//3584 3954//3584 3953//3584 
f 3956//3584 3955//3584 3954//3584 
f 3950//3584 3958//3584 3957//3584 
f 3953//3584 3952//3584 3956//3584 
f 3950//3584 3959//3584 3958//3584 
f 3950//3584 3973//3584 3971//3584 
f 3957//3584 3956//3584 3950//3584 
f 3950//3584 3963//3584 3961//3584 
f 3950//3584 3967//3584 3965//3584 
f 3971//3584 3969//3584 3950//3584 
f 3961//3584 3959//3584 3950//3584 
f 3969//3584 3967//3584 3950//3584 
f 3965//3584 3963//3584 3950//3584 
f 3975//3584 3973//3584 3950//3584 
f 3950//3584 3951//3584 3975//3584 
f 3952//3584 3950//3584 3956//3584 
o mesh259
f 3977//3584 3923//3584 3925//3584 
f 3940//3584 3916//3584 3978//3584 
f 3927//3584 3979//3584 3980//3584 
f 3977//3584 3921//3584 3923//3584 
f 3916//3584 3977//3584 3978//3584 
f 3980//3584 3981//3584 3927//3584 
f 3927//3584 3982//3584 3983//3584 
f 3977//3584 3919//3584 3921//3584 
f 3978//3584 3984//3584 3940//3584 
f 3983//3584 3979//3584 3927//3584 
f 3927//3584 3159//3584 3985//3584 
f 3159//3584 3929//3584 3938//3584 
f 3916//3584 3919//3584 3977//3584 
f 3985//3584 3982//3584 3927//3584 
f 3159//3584 3927//3584 3929//3584 
f 3981//3584 3977//3584 3927//3584 
f 3925//3584 3927//3584 3977//3584 
f 3938//3584 3160//3584 3159//3584 
o mesh260
f 3978//3585 3986//3585 3987//3585 
f 3987//3585 3984//3585 3978//3585 
o mesh261
f 3984//3586 3987//3586 3939//3586 
f 3614//3586 3915//3586 3939//3586 
f 3896//3586 3695//3586 3988//3586 
f 3695//3586 3614//3586 3987//3586 
f 3939//3586 3987//3586 3614//3586 
f 3687//3586 3906//3586 3915//3586 
f 3987//3586 3988//3586 3695//3586 
f 3915//3586 3614//3586 3687//3586 
f 3939//3586 3940//3586 3984//3586 
f 3988//3586 3989//3586 3896//3586 
o mesh262
f 3990//3587 3991//3587 3992//3588 
f 3993//3588 3992//3588 3994//3589 
f 3995//3589 3994//3589 3996//3590 
f 3997//3590 3996//3590 3998//3591 
f 3999//3591 3998//3591 4000//3592 
f 4001//3592 4000//3592 4002//3593 
f 4003//3593 4002//3593 4004//3594 
f 4004//3594 4005//3595 3159//3596 
f 4005//3595 3985//3595 3159//3596 
f 3985//3595 4005//3595 4006//3597 
f 3982//3597 4006//3597 4007//3598 
f 3983//3598 4007//3598 4008//3599 
f 3979//3599 4008//3599 4009//3600 
f 3980//3600 4009//3600 4010//3601 
f 3981//3601 4010//3601 4011//3602 
f 3977//3602 4011//3602 3986//3603 
f 3986//3603 3978//3603 3977//3602 
f 4011//3602 3977//3602 3981//3601 
f 4010//3601 3981//3601 3980//3600 
f 4009//3600 3980//3600 3979//3599 
f 4008//3599 3979//3599 3983//3598 
f 4007//3598 3983//3598 3982//3597 
f 4006//3597 3982//3597 3985//3595 
f 3159//3596 4012//3604 4004//3594 
f 4004//3594 4012//3604 4003//3593 
f 4002//3593 4003//3593 4001//3592 
f 4000//3592 4001//3592 3999//3591 
f 3998//3591 3999//3591 3997//3590 
f 3996//3590 3997//3590 3995//3589 
f 3994//3589 3995//3589 3993//3588 
f 3992//3588 3993//3588 3990//3587 
o mesh263
f 3991//3605 4005//3605 4004//3605 
f 4000//3605 3996//3605 3994//3605 
f 3991//3605 4006//3605 4005//3605 
f 4000//3605 3998//3605 3996//3605 
f 4004//3605 4002//3605 3991//3605 
f 3991//3605 4009//3605 4008//3605 
f 3991//3605 4011//3605 4010//3605 
f 3994//3605 3992//3605 4000//3605 
f 3991//3605 4007//3605 4006//3605 
f 4010//3605 4009//3605 3991//3605 
f 4002//3605 4000//3605 3991//3605 
f 3991//3605 3986//3605 4011//3605 
f 4008//3605 4007//3605 3991//3605 
f 3987//3605 3986//3605 3991//3605 
f 3991//3605 3988//3605 3987//3605 
f 3992//3605 3991//3605 4000//3605 
o mesh264
f 3991//3606 3990//3606 3989//3606 
f 3989//3606 3988//3606 3991//3606 
o mesh265
f 3146//3605 3895//3605 3896//3605 
f 3141//3605 4013//3605 3888//3605 
f 3896//3605 3990//3605 3146//3605 
f 3144//3605 3143//3605 3892//3605 
f 4013//3605 4014//3605 3888//3605 
f 3896//3605 3989//3605 3990//3605 
f 3145//3605 3893//3605 3894//3605 
f 3893//3605 3145//3605 3144//3605 
f 3143//3605 3142//3605 3891//3605 
f 3142//3605 3141//3605 3890//3605 
f 3141//3605 4015//3605 4013//3605 
f 3146//3605 3894//3605 3895//3605 
f 3892//3605 3893//3605 3144//3605 
f 3890//3605 3891//3605 3142//3605 
f 3888//3605 3889//3605 3141//3605 
f 3894//3605 3146//3605 3145//3605 
f 3889//3605 3890//3605 3141//3605 
f 3993//3605 3995//3605 3147//3605 
f 3891//3605 3892//3605 3143//3605 
f 3990//3605 3993//3605 3146//3605 
f 4015//3605 3141//3605 3140//3605 
f 4016//3605 3140//3605 3139//3605 
f 3148//3605 4003//3605 4012//3605 
f 3140//3605 4017//3605 4015//3605 
f 3139//3605 4018//3605 4016//3605 
f 3148//3605 4001//3605 4003//3605 
f 3997//3605 3999//3605 3148//3605 
f 4016//3605 4017//3605 3140//3605 
f 3139//3605 3162//3605 4019//3605 
f 3148//3605 3999//3605 4001//3605 
f 3147//3605 3995//3605 3997//3605 
f 3139//3605 4020//3605 4018//3605 
f 4019//3605 4021//3605 3139//3605 
f 3148//3605 3147//3605 3997//3605 
f 4021//3605 4020//3605 3139//3605 
f 3147//3605 3146//3605 3993//3605 
f 4012//3605 3159//3605 3148//3605 
o mesh266
f 4013//3607 4022//3607 4023//3607 
f 4023//3607 4014//3607 4013//3607 
o mesh267
f 4024//3608 4025//3608 4026//3609 
f 4027//3609 4026//3609 4028//3610 
f 4029//3610 4028//3610 4030//3611 
f 4031//3611 4030//3611 4032//3612 
f 4033//3612 4032//3612 4034//3613 
f 4035//3613 4034//3613 4036//3614 
f 4037//3614 4036//3614 4038//3615 
f 4038//3615 4039//3616 3162//3617 
f 4039//3616 4019//3616 3162//3617 
f 4019//3616 4039//3616 4040//3618 
f 4021//3618 4040//3618 4041//3619 
f 4020//3619 4041//3619 4042//3620 
f 4018//3620 4042//3620 4043//3621 
f 4016//3621 4043//3621 4044//3622 
f 4017//3622 4044//3622 4045//3623 
f 4015//3623 4045//3623 4022//3624 
f 4022//3624 4013//3624 4015//3623 
f 4045//3623 4015//3623 4017//3622 
f 4044//3622 4017//3622 4016//3621 
f 4043//3621 4016//3621 4018//3620 
f 4042//3620 4018//3620 4020//3619 
f 4041//3619 4020//3619 4021//3618 
f 4040//3618 4021//3618 4019//3616 
f 3162//3617 4046//3625 4038//3615 
f 4038//3615 4046//3625 4037//3614 
f 4036//3614 4037//3614 4035//3613 
f 4034//3613 4035//3613 4033//3612 
f 4032//3612 4033//3612 4031//3611 
f 4030//3611 4031//3611 4029//3610 
f 4028//3610 4029//3610 4027//3609 
f 4026//3609 4027//3609 4024//3608 
o mesh268
f 4025//3626 4030//3626 4028//3626 
f 4025//3626 4034//3626 4032//3626 
f 4025//3626 4038//3626 4036//3626 
f 4032//3626 4030//3626 4025//3626 
f 4025//3626 4039//3626 4038//3626 
f 4025//3626 4043//3626 4042//3626 
f 4025//3626 4045//3626 4044//3626 
f 4036//3626 4034//3626 4025//3626 
f 4025//3626 4041//3626 4040//3626 
f 4044//3626 4043//3626 4025//3626 
f 4040//3626 4039//3626 4025//3626 
f 4025//3626 4022//3626 4045//3626 
f 4023//3626 4022//3626 4025//3626 
f 4042//3626 4041//3626 4025//3626 
f 4028//3626 4026//3626 4025//3626 
f 4025//3626 4047//3626 4023//3626 
o mesh269
f 4025//3627 4024//3627 4048//3627 
f 4048//3627 4047//3627 4025//3627 
o mesh270
f 4048//3626 4024//3626 4049//3626 
f 4049//3626 4050//3626 4048//3626 
f 4027//3626 4051//3626 4052//3626 
f 4053//3626 4029//3626 4031//3626 
f 4027//3626 4054//3626 4049//3626 
f 4052//3626 4055//3626 4027//3626 
f 4053//3626 4027//3626 4029//3626 
f 4055//3626 4054//3626 4027//3626 
f 4031//3626 4033//3626 4053//3626 
f 4027//3626 4053//3626 4051//3626 
f 4035//3626 3161//3626 4056//3626 
f 3161//3626 4037//3626 4046//3626 
f 4024//3626 4027//3626 4049//3626 
f 4056//3626 4057//3626 4035//3626 
f 3161//3626 4035//3626 4037//3626 
f 4057//3626 4053//3626 4035//3626 
f 4033//3626 4035//3626 4053//3626 
f 4046//3626 3162//3626 3161//3626 
o mesh271
f 4058//3626 4059//3626 3974//3626 
f 3972//3626 4060//3626 4061//3626 
f 4059//3626 3972//3626 3974//3626 
f 3972//3626 4062//3626 4060//3626 
f 3974//3626 3976//3626 4058//3626 
f 4063//3626 3966//3626 3968//3626 
f 4059//3626 4062//3626 3972//3626 
f 3968//3626 3970//3626 4063//3626 
f 3964//3626 4064//3626 4065//3626 
f 4061//3626 4066//3626 3972//3626 
f 4063//3626 3964//3626 3966//3626 
f 3964//3626 4063//3626 4064//3626 
f 3970//3626 3972//3626 4063//3626 
f 3161//3626 3163//3626 3960//3626 
f 4066//3626 4063//3626 3972//3626 
f 3960//3626 3962//3626 3161//3626 
f 3962//3626 3964//3626 3161//3626 
f 4065//3626 3161//3626 3964//3626 
o mesh272
f 3824//3628 4067//3628 4068//3628 
f 3824//3628 4047//3628 4067//3628 
f 3976//3628 3975//3628 4068//3628 
f 3824//3628 4023//3628 4047//3628 
f 4050//3628 4067//3628 4047//3628 
f 4068//3628 3975//3628 3824//3628 
f 3904//3628 3731//3628 3951//3628 
f 3731//3628 3824//3628 3975//3628 
f 4068//3628 4058//3628 3976//3628 
f 3888//3628 4014//3628 4023//3628 
f 3975//3628 3951//3628 3731//3628 
f 4023//3628 3824//3628 3888//3628 
f 4047//3628 4048//3628 4050//3628 
f 3951//3628 3942//3628 3904//3628 
o mesh273
f 4059//3627 4069//3627 4070//3629 
f 4062//3629 4070//3629 4071//3630 
f 4060//3630 4071//3630 4072//3631 
f 4061//3631 4072//3631 4073//3632 
f 4066//3632 4073//3632 4074//3633 
f 4063//3633 4074//3633 4075//3634 
f 4064//3634 4075//3634 4076//3635 
f 4076//3635 4077//3636 3161//3637 
f 4077//3636 4056//3636 3161//3637 
f 4056//3636 4077//3636 4078//3638 
f 4057//3638 4078//3638 4079//3639 
f 4053//3639 4079//3639 4080//3640 
f 4051//3640 4080//3640 4081//3641 
f 4052//3641 4081//3641 4082//3642 
f 4055//3642 4082//3642 4083//3643 
f 4054//3643 4083//3643 4084//3644 
f 4084//3644 4049//3644 4054//3643 
f 4083//3643 4054//3643 4055//3642 
f 4082//3642 4055//3642 4052//3641 
f 4081//3641 4052//3641 4051//3640 
f 4080//3640 4051//3640 4053//3639 
f 4079//3639 4053//3639 4057//3638 
f 4078//3638 4057//3638 4056//3636 
f 3161//3637 4065//3645 4076//3635 
f 4076//3635 4065//3645 4064//3634 
f 4075//3634 4064//3634 4063//3633 
f 4074//3633 4063//3633 4066//3632 
f 4073//3632 4066//3632 4061//3631 
f 4072//3631 4061//3631 4060//3630 
f 4071//3630 4060//3630 4062//3629 
f 4070//3629 4062//3629 4059//3627 
o mesh274
f 4069//3646 4072//3646 4071//3646 
f 4069//3646 4074//3646 4073//3646 
f 4073//3646 4072//3646 4069//3646 
f 4069//3646 4076//3646 4075//3646 
f 4075//3646 4074//3646 4069//3646 
f 4069//3646 4084//3646 4083//3646 
f 4069//3646 4077//3646 4076//3646 
f 4069//3646 4079//3646 4078//3646 
f 4069//3646 4081//3646 4080//3646 
f 4083//3646 4082//3646 4069//3646 
f 4078//3646 4077//3646 4069//3646 
f 4082//3646 4081//3646 4069//3646 
f 4080//3646 4079//3646 4069//3646 
f 4067//3646 4084//3646 4069//3646 
f 4069//3646 4068//3646 4067//3646 
f 4071//3646 4070//3646 4069//3646 
o mesh275
f 4069//3647 4059//3647 4058//3647 
f 4058//3647 4068//3647 4069//3647 
o mesh276
f 4049//3648 4084//3648 4067//3648 
f 4067//3648 4050//3648 4049//3648 
o mesh277
f 4085//3649 4086//3649 2611//3649 
f 2611//3649 4086//3649 4087//3649 
f 2605//3649 2606//3649 4088//3649 
f 4087//3649 2610//3649 2611//3649 
f 4089//3649 4090//3649 4086//3649 
f 4090//3649 2604//3649 2605//3649 
f 2604//3649 4090//3649 4089//3649 
f 4086//3649 4085//3649 4089//3649 
f 4089//3649 2603//3649 2604//3649 
f 4091//3649 2613//3649 2614//3649 
f 2613//3649 4091//3649 4085//3649 
f 4088//3649 4090//3649 2605//3649 
f 4085//3649 2612//3649 2613//3649 
f 2614//3649 4092//3649 4091//3649 
f 4092//3649 4093//3649 4094//3649 
f 2602//3649 2603//3649 4089//3649 
f 4094//3649 4091//3649 4092//3649 
f 4089//3649 4094//3649 2602//3649 
f 2586//3649 4095//3649 4092//3649 
f 2590//3649 2591//3649 4096//3649 
f 4097//3649 2587//3649 2588//3649 
f 4097//3649 4095//3649 2585//3649 
f 4094//3649 4093//3649 2602//3649 
f 4092//3649 2614//3649 2586//3649 
f 4097//3649 2589//3649 2590//3649 
f 2585//3649 2587//3649 4097//3649 
f 2592//3649 2593//3649 4098//3649 
f 2586//3649 2585//3649 4095//3649 
f 2588//3649 2589//3649 4097//3649 
f 4096//3649 2591//3649 2592//3649 
f 2598//3649 2599//3649 4099//3649 
f 4100//3649 2596//3649 2597//3649 
f 4100//3649 4098//3649 2594//3649 
f 4096//3649 4097//3649 2590//3649 
f 4098//3649 4096//3649 2592//3649 
f 2597//3649 2598//3649 4100//3649 
f 2594//3649 2595//3649 4100//3649 
f 4099//3649 2601//3649 2600//3649 
f 4088//3649 2607//3649 2608//3649 
f 2593//3649 2594//3649 4098//3649 
f 2595//3649 2596//3649 4100//3649 
f 2600//3649 4093//3649 4099//3649 
f 4087//3649 2608//3649 2609//3649 
f 4088//3649 2606//3649 2607//3649 
f 4099//3649 4100//3649 2598//3649 
f 4099//3649 2599//3649 2601//3649 
f 2608//3649 4087//3649 4088//3649 
f 2600//3649 2602//3649 4093//3649 
f 2611//3649 2612//3649 4085//3649 
f 2609//3649 2610//3649 4087//3649 
o mesh278
f 4101//3650 4088//3650 4087//3650 
f 4087//3650 4102//3650 4101//3650 
o mesh279
f 4101//3649 4102//3649 4103//3649 
f 4103//3649 4104//3649 4101//3649 
o mesh280
f 4104//3651 4090//3651 4088//3651 
f 4088//3651 4101//3651 4104//3651 
o mesh281
f 4103//3652 4086//3652 4090//3652 
f 4090//3652 4104//3652 4103//3652 
o mesh282
f 4102//3653 4087//3653 4086//3653 
f 4086//3653 4103//3653 4102//3653 
o mesh283
f 4105//3654 4089//3654 4085//3654 
f 4085//3654 4106//3654 4105//3654 
o mesh284
f 4105//3655 4106//3655 4107//3655 
f 4107//3655 4108//3655 4105//3655 
o mesh285
f 4108//3656 4094//3656 4089//3656 
f 4089//3656 4105//3656 4108//3656 
o mesh286
f 4107//3657 4091//3657 4094//3657 
f 4094//3657 4108//3657 4107//3657 
o mesh287
f 4106//3658 4085//3658 4091//3658 
f 4091//3658 4107//3658 4106//3658 
o mesh288
f 4109//3658 4092//3658 4095//3658 
f 4095//3658 4110//3658 4109//3658 
o mesh289
f 4111//3659 4112//3659 4113//3659 
f 4114//3659 4113//3659 4112//3659 
f 4112//3659 4115//3659 4114//3659 
f 4109//3659 4110//3659 4112//3659 
f 4112//3659 4111//3659 4109//3659 
f 4113//3659 4116//3659 4111//3659 
o mesh290
f 4111//3660 4093//3660 4092//3660 
f 4092//3660 4109//3660 4111//3660 
o mesh291
f 4116//3661 4099//3661 4093//3661 
f 4093//3661 4111//3661 4116//3661 
o mesh292
f 4113//3662 4100//3662 4099//3662 
f 4099//3662 4116//3662 4113//3662 
o mesh293
f 4114//3661 4098//3661 4100//3661 
f 4100//3661 4113//3661 4114//3661 
o mesh294
f 4115//3662 4096//3662 4098//3662 
f 4098//3662 4114//3662 4115//3662 
o mesh295
f 4112//3663 4097//3663 4096//3663 
f 4096//3663 4115//3663 4112//3663 
o mesh296
f 4110//3662 4095//3662 4097//3662 
f 4097//3662 4112//3662 4110//3662 
